id;data_inversa;dia_semana;horario;uf;br;km;municipio;causa_acidente;tipo_acidente;classificacao_acidente;fase_dia;sentido_via;condicao_metereologica;tipo_pista;tracado_via;uso_solo;pessoas;mortos;feridos_leves;feridos_graves;ilesos;ignorados;feridos;veiculos;latitude;longitude;regional;delegacia;uop;km_num;latitude_num;longitude_num;data;ano;mes;mes_label;hora;faixa_horaria;acidente_fatal;acidente_grave;indice_severidade;ordem_dia_semana
496649;2023-01-01;domingo;15:40:00;SP;116.0;560.7;BARRA DO TURVO;Ausência de reação do condutor;Capotamento;Com Vítimas Feridas;Pleno dia;Crescente;Garoa/Chuvisco;Dupla;Curva;Não;2;0;1;0;1;0;1;1;-25.01903988;-48.51081848;SPRF-SP;DEL05-SP;UOP02-DEL05-SP;560.7;-25.01903988;-48.51081848;2023-01-01;2023;1;2023-01;15;Tarde;0;0;1;6
496652;2023-01-01;domingo;17:35:00;SP;116.0;210;GUARULHOS;Reação tardia ou ineficiente do condutor;Colisão traseira;Com Vítimas Feridas;Pleno dia;Crescente;Garoa/Chuvisco;Simples;Reta;Sim;5;0;2;0;3;0;2;2;-23.42870023;-46.41085991;SPRF-SP;DEL01-SP;UOP01-DEL01-SP;210.0;-23.42870023;-46.41085991;2023-01-01;2023;1;2023-01;17;Tarde;0;0;2;6
496545;2023-01-01;domingo;05:30:00;SP;116.0;296;ITAPECERICA DA SERRA;Velocidade Incompatível;Capotamento;Com Vítimas Feridas;Amanhecer;Crescente;Nevoeiro/Neblina;Dupla;Reta;Não;1;0;1;0;0;0;1;1;-23.775485;-46.914416;SPRF-SP;DEL04-SP;UOP01-DEL04-SP;296.0;-23.775485;-46.914416;2023-01-01;2023;1;2023-01;5;Madrugada;0;0;1;6
496605;2023-01-01;domingo;12:45:00;SP;381.0;69.3;MAIRIPORA;Reação tardia ou ineficiente do condutor;Colisão traseira;Com Vítimas Feridas;Pleno dia;Crescente;Nublado;Dupla;Não Informado;Não;2;0;1;0;1;0;1;2;-23.291235;-46.585429;SPRF-SP;DEL03-SP;UOP01-DEL03-SP;69.3;-23.291235;-46.585429;2023-01-01;2023;1;2023-01;12;Tarde;0;0;1;6
496655;2023-01-01;domingo;13:20:00;SP;116.0;378.5;MIRACATU;Ausência de reação do condutor;Colisão com objeto;Com Vítimas Feridas;Pleno dia;Decrescente;Nublado;Dupla;Curva;Não;5;0;0;1;4;0;1;1;-24.20142317;-47.37092173;SPRF-SP;DEL04-SP;UOP02-DEL04-SP;378.5;-24.20142317;-47.37092173;2023-01-01;2023;1;2023-01;13;Tarde;0;1;3;6
496656;2023-01-01;domingo;18:45:00;SP;116.0;463;PARIQUERA-ACU;Acesso irregular;Colisão lateral mesmo sentido;Com Vítimas Feridas;Pleno dia;Crescente;Céu Claro;Dupla;Reta;Não;2;0;1;0;1;0;1;2;-24.62904309;-47.90227592;SPRF-SP;DEL05-SP;UOP01-DEL05-SP;463.0;-24.62904309;-47.90227592;2023-01-01;2023;1;2023-01;18;Noite;0;0;1;6
496517;2023-01-01;domingo;01:20:00;SP;153.0;49;SAO JOSE DO RIO PRETO;Demais falhas na via;Tombamento;Com Vítimas Feridas;Amanhecer;Decrescente;Céu Claro;Simples;Reta;Não;1;0;1;0;0;0;1;1;-20.699442;-49.339495;SPRF-SP;DEL09-SP;UOP01-DEL09-SP;49.0;-20.699442;-49.339495;2023-01-01;2023;1;2023-01;1;Madrugada;0;0;1;6
496542;2023-01-01;domingo;05:20:00;SP;116.0;157.6;SAO JOSE DOS CAMPOS;Avarias e/ou desgaste excessivo no pneu;Saída de leito carroçável;Com Vítimas Feridas;Amanhecer;Decrescente;Céu Claro;Múltipla;Reta;Sim;2;0;2;0;0;0;2;1;-23.25558031;-45.9437828;SPRF-SP;DEL02-SP;UOP01-DEL02-SP;157.6;-23.25558031;-45.9437828;2023-01-01;2023;1;2023-01;5;Madrugada;0;0;2;6
496551;2023-01-01;domingo;06:00:00;SP;116.0;269.7;TABOAO DA SERRA;Velocidade Incompatível;Colisão com objeto;Com Vítimas Feridas;Amanhecer;Crescente;Nublado;Dupla;Curva;Sim;1;0;1;0;0;0;1;1;-23.61593059;-46.78826044;SPRF-SP;DEL04-SP;UOP01-DEL04-SP;269.7;-23.61593059;-46.78826044;2023-01-01;2023;1;2023-01;6;Manha;0;0;1;6
496543;2023-01-01;domingo;03:40:00;SP;116.0;113.1;TAUBATE;Entrada inopinada do pedestre;Atropelamento de Pedestre;Com Vítimas Fatais;Plena Noite;Decrescente;Céu Claro;Dupla;Reta;Sim;5;1;0;0;0;4;0;1;-23.0445658;-45.58259814;SPRF-SP;DEL02-SP;UOP02-DEL02-SP;113.1;-23.0445658;-45.58259814;2023-01-01;2023;1;2023-01;3;Madrugada;1;1;5;6
496703;2023-01-01;domingo;20:34:00;SP;116.0;114;TAUBATE;Ingestão de álcool pelo condutor;Saída de leito carroçável;Com Vítimas Feridas;Plena Noite;Decrescente;Céu Claro;Dupla;Reta;Não;1;0;1;0;0;0;1;1;-23.04654177;-45.59018006;SPRF-SP;DEL02-SP;UOP02-DEL02-SP;114.0;-23.04654177;-45.59018006;2023-01-01;2023;1;2023-01;20;Noite;0;0;1;6
496708;2023-01-01;domingo;21:55:00;SP;116.0;104.5;TAUBATE;Transitar na contramão;Colisão lateral sentido oposto;Com Vítimas Feridas;Plena Noite;Crescente;Nublado;Dupla;Reta;Não;2;0;0;1;1;0;1;2;-23.00340176;-45.50626912;SPRF-SP;DEL02-SP;UOP02-DEL02-SP;104.5;-23.00340176;-45.50626912;2023-01-01;2023;1;2023-01;21;Noite;0;1;3;6
496709;2023-01-01;domingo;21:54:00;SP;116.0;105.5;TAUBATE;Transitar na contramão;Colisão lateral mesmo sentido;Com Vítimas Feridas;Plena Noite;Crescente;Céu Claro;Dupla;Reta;Não;4;0;2;0;1;1;2;3;-23.00757973;-45.51466613;SPRF-SP;DEL02-SP;UOP02-DEL02-SP;105.5;-23.00757973;-45.51466613;2023-01-01;2023;1;2023-01;21;Noite;0;0;2;6
496578;2023-01-01;domingo;07:25:00;SP;101.0;34.5;UBATUBA;Ausência de reação do condutor;Colisão com objeto;Sem Vítimas;Pleno dia;Decrescente;Céu Claro;Dupla;Não Informado;Não;1;0;0;0;1;0;0;1;-23.39141027;-44.99853296;SPRF-SP;DEL06-SP;UOP01-DEL06-SP;34.5;-23.39141027;-44.99853296;2023-01-01;2023;1;2023-01;7;Manha;0;0;0;6
496607;2023-01-01;domingo;11:50:00;SP;101.0;40;UBATUBA;Ausência de reação do condutor;Colisão traseira;Com Vítimas Feridas;Pleno dia;Crescente;Sol;Simples;Não Informado;Não;4;0;1;0;2;1;1;2;-23.4182029;-45.03918171;SPRF-SP;DEL06-SP;UOP01-DEL06-SP;40.0;-23.4182029;-45.03918171;2023-01-01;2023;1;2023-01;11;Manha;0;0;1;6
496808;2023-01-02;segunda-feira;12:20:00;SP;381.0;40.8;ATIBAIA;Pista esburacada;Tombamento;Com Vítimas Feridas;Pleno dia;Decrescente;Céu Claro;Dupla;Não Informado;Sim;2;0;2;0;0;0;2;1;-23.12997498;-46.5767598;SPRF-SP;DEL03-SP;UOP01-DEL03-SP;40.8;-23.12997498;-46.5767598;2023-01-02;2023;1;2023-01;12;Tarde;0;0;2;0
496923;2023-01-02;segunda-feira;20:50:00;SP;116.0;282;EMBU DAS ARTES;Ausência de reação do condutor;Saída de leito carroçável;Com Vítimas Feridas;Plena Noite;Crescente;Chuva;Múltipla;Desvio Temporário;Não;1;0;1;0;0;0;1;1;-23.68570216;-46.85970975;SPRF-SP;DEL04-SP;UOP01-DEL04-SP;282.0;-23.68570216;-46.85970975;2023-01-02;2023;1;2023-01;20;Noite;0;0;1;0
496909;2023-01-02;segunda-feira;20:30:00;SP;116.0;329;JUQUITIBA;Ausência de reação do condutor;Queda de ocupante de veículo;Com Vítimas Feridas;Plena Noite;Decrescente;Nublado;Dupla;Desvio Temporário;Não;2;0;2;0;0;0;2;1;-23.93981788;-47.08868406;SPRF-SP;DEL04-SP;UOP03-DEL04-SP;329.0;-23.93981788;-47.08868406;2023-01-02;2023;1;2023-01;20;Noite;0;0;2;0
496821;2023-01-02;segunda-feira;13:00:00;SP;116.0;82.3;ROSEIRA;Manobra de mudança de faixa;Capotamento;Com Vítimas Feridas;Pleno dia;Crescente;Céu Claro;Dupla;Reta;Não;3;0;1;0;2;0;1;2;-22.90918532;-45.31883185;SPRF-SP;DEL08-SP;UOP01-DEL08-SP;82.3;-22.90918532;-45.31883185;2023-01-02;2023;1;2023-01;13;Tarde;0;0;1;0
496849;2023-01-02;segunda-feira;16:30:00;SP;116.0;304;SAO LOURENCO DA SERRA;Ausência de reação do condutor;Tombamento;Com Vítimas Feridas;Pleno dia;Decrescente;Nublado;Múltipla;Reta;Não;1;0;1;0;0;0;1;1;-23.835151;-46.92964497;SPRF-SP;DEL04-SP;UOP01-DEL04-SP;304.0;-23.835151;-46.92964497;2023-01-02;2023;1;2023-01;16;Tarde;0;0;1;0
496840;2023-01-02;segunda-feira;15:16:00;SP;381.0;79;SAO PAULO;Reação tardia ou ineficiente do condutor;Colisão traseira;Com Vítimas Fatais;Pleno dia;Decrescente;Sol;Múltipla;Reta;Não;8;1;1;0;6;0;1;5;-23.40319901;-46.57564699;SPRF-SP;DEL03-SP;UOP01-DEL03-SP;79.0;-23.40319901;-46.57564699;2023-01-02;2023;1;2023-01;15;Tarde;1;1;6;0
496845;2023-01-02;segunda-feira;16:25:00;SP;101.0;35.2;UBATUBA;Acessar a via sem observar a presença dos outros veículos;Colisão transversal;Com Vítimas Feridas;Pleno dia;Decrescente;Nublado;Simples;Não Informado;Sim;2;0;0;1;1;0;1;2;-23.39244374;-45.00823311;SPRF-SP;DEL06-SP;UOP01-DEL06-SP;35.2;-23.39244374;-45.00823311;2023-01-02;2023;1;2023-01;16;Tarde;0;1;3;0
496867;2023-01-02;segunda-feira;17:50:00;SP;101.0;48.2;UBATUBA;Acessar a via sem observar a presença dos outros veículos;Colisão transversal;Com Vítimas Feridas;Pleno dia;Crescente;Nublado;Simples;Não Informado;Sim;3;0;1;0;2;0;1;2;-23.43696329;-45.08768768;SPRF-SP;DEL06-SP;UOP01-DEL06-SP;48.2;-23.43696329;-45.08768768;2023-01-02;2023;1;2023-01;17;Tarde;0;0;1;0
496897;2023-01-02;segunda-feira;20:20:00;SP;101.0;39;UBATUBA;Reação tardia ou ineficiente do condutor;Atropelamento de Pedestre;Com Vítimas Feridas;Plena Noite;Crescente;Céu Claro;Dupla;Reta;Não;2;0;1;0;0;1;1;1;-23.41370139;-45.02666492;SPRF-SP;DEL06-SP;UOP01-DEL06-SP;39.0;-23.41370139;-45.02666492;2023-01-02;2023;1;2023-01;20;Noite;0;0;1;0
497055;2023-01-03;terca-feira;14:41:00;SP;116.0;499;CAJATI;Reação tardia ou ineficiente do condutor;Capotamento;Com Vítimas Feridas;Pleno dia;Crescente;Nublado;Dupla;Curva;Não;2;0;1;0;1;0;1;1;-24.78228753;-48.17695233;SPRF-SP;DEL05-SP;UOP02-DEL05-SP;499.0;-24.78228753;-48.17695233;2023-01-03;2023;1;2023-01;14;Tarde;0;0;1;1
497108;2023-01-03;terca-feira;21:10:00;SP;116.0;504;CAJATI;Reação tardia ou ineficiente do condutor;Saída de leito carroçável;Com Vítimas Feridas;Plena Noite;Decrescente;Chuva;Dupla;Curva;Não;1;0;1;0;0;0;1;1;-24.78266496;-48.20865858;SPRF-SP;DEL05-SP;UOP02-DEL05-SP;504.0;-24.78266496;-48.20865858;2023-01-03;2023;1;2023-01;21;Noite;0;0;1;1
496944;2023-01-03;terca-feira;05:40:00;SP;116.0;276;EMBU DAS ARTES;Entrada inopinada do pedestre;Atropelamento de Pedestre;Com Vítimas Feridas;Plena Noite;Decrescente;Céu Claro;Múltipla;Reta;Sim;3;0;1;0;2;0;1;1;-23.64262417;-46.83811382;SPRF-SP;DEL04-SP;UOP01-DEL04-SP;276.0;-23.64262417;-46.83811382;2023-01-03;2023;1;2023-01;5;Madrugada;0;0;1;1
496937;2023-01-03;terca-feira;03:05:00;SP;116.0;179;GUARAREMA;Ausência de reação do condutor;Colisão com objeto;Com Vítimas Feridas;Plena Noite;Crescente;Nublado;Dupla;Reta;Não;11;0;1;3;7;0;4;4;-23.33202124;-46.13661688;SPRF-SP;DEL01-SP;UOP01-DEL01-SP;179.0;-23.33202124;-46.13661688;2023-01-03;2023;1;2023-01;3;Madrugada;0;1;10;1
496987;2023-01-03;terca-feira;08:50:00;SP;116.0;226;GUARULHOS;Acessar a via sem observar a presença dos outros veículos;Colisão traseira;Com Vítimas Feridas;Pleno dia;Crescente;Nublado;Múltipla;Reta;Sim;2;0;0;1;1;0;1;2;-23.49102507;-46.54878195;SPRF-SP;DEL01-SP;UOP01-DEL01-SP;226.0;-23.49102507;-46.54878195;2023-01-03;2023;1;2023-01;8;Manha;0;1;3;1
497063;2023-01-03;terca-feira;16:00:00;SP;116.0;213;GUARULHOS;Manobra de mudança de faixa;Colisão traseira;Sem Vítimas;Pleno dia;Decrescente;Nublado;Múltipla;Reta;Sim;2;0;0;0;1;1;0;2;-23.43971486;-46.43667806;SPRF-SP;DEL01-SP;UOP01-DEL01-SP;213.0;-23.43971486;-46.43667806;2023-01-03;2023;1;2023-01;16;Tarde;0;0;0;1
497014;2023-01-03;terca-feira;12:00:00;SP;116.0;425;JUQUIA;Avarias e/ou desgaste excessivo no pneu;Saída de leito carroçável;Com Vítimas Feridas;Pleno dia;Decrescente;Céu Claro;Dupla;Reta;Não;2;0;1;0;1;0;1;1;-24.37992402;-47.71315899;SPRF-SP;DEL05-SP;UOP01-DEL05-SP;425.0;-24.37992402;-47.71315899;2023-01-03;2023;1;2023-01;12;Tarde;0;0;1;1
497071;2023-01-03;terca-feira;16:50:00;SP;116.0;431;REGISTRO;Condutor Dormindo;Saída de leito carroçável;Com Vítimas Feridas;Pleno dia;Crescente;Céu Claro;Dupla;Reta;Não;2;0;1;0;0;1;1;1;-24.40730885;-47.7459871;SPRF-SP;DEL05-SP;UOP01-DEL05-SP;431.0;-24.40730885;-47.7459871;2023-01-03;2023;1;2023-01;16;Tarde;0;0;1;1
497054;2023-01-03;terca-feira;15:50:00;SP;116.0;184;SANTA ISABEL;Condutor Dormindo;Colisão com objeto;Com Vítimas Feridas;Pleno dia;Decrescente;Garoa/Chuvisco;Dupla;Reta;Não;4;0;1;0;3;0;1;1;-23.35197301;-46.180058;SPRF-SP;DEL01-SP;UOP01-DEL01-SP;184.0;-23.35197301;-46.180058;2023-01-03;2023;1;2023-01;15;Tarde;0;0;1;1
497041;2023-01-03;terca-feira;12:31:00;SP;116.0;117;TAUBATE;Condutor deixou de manter distância do veículo da frente;Engavetamento;Com Vítimas Feridas;Pleno dia;Decrescente;Garoa/Chuvisco;Dupla;Não Informado;Não;8;0;4;0;3;1;4;4;-23.0582298;-45.6176951;SPRF-SP;DEL02-SP;UOP02-DEL02-SP;117.0;-23.0582298;-45.6176951;2023-01-03;2023;1;2023-01;12;Tarde;0;0;4;1
497164;2023-01-04;quarta-feira;07:10:00;SP;116.0;568;BARRA DO TURVO;Reação tardia ou ineficiente do condutor;Saída de leito carroçável;Com Vítimas Feridas;Pleno dia;Crescente;Chuva;Dupla;Reta;Não;1;0;1;0;0;0;1;1;-25.055473;-48.55555216;SPRF-SP;DEL05-SP;UOP02-DEL05-SP;568.0;-25.055473;-48.55555216;2023-01-04;2023;1;2023-01;7;Manha;0;0;1;2
497161;2023-01-04;quarta-feira;08:00:00;SP;153.0;191.5;GETULINA;Reação tardia ou ineficiente do condutor;Saída de leito carroçável;Com Vítimas Feridas;Pleno dia;Decrescente;Nublado;Simples;Reta;Não;1;0;1;0;0;0;1;1;-21.7498596;-49.86578427;SPRF-SP;DEL07-SP;UOP01-DEL07-SP;191.5;-21.7498596;-49.86578427;2023-01-04;2023;1;2023-01;8;Manha;0;0;1;2
497264;2023-01-04;quarta-feira;15:30:00;SP;381.0;90;GUARULHOS;Ausência de reação do condutor;Queda de ocupante de veículo;Com Vítimas Feridas;Pleno dia;Decrescente;Chuva;Dupla;Reta;Sim;2;0;1;0;1;0;1;1;-23.49479479;-46.55959864;SPRF-SP;DEL03-SP;UOP01-DEL03-SP;90.0;-23.49479479;-46.55959864;2023-01-04;2023;1;2023-01;15;Tarde;0;0;1;2
497271;2023-01-04;quarta-feira;18:10:00;SP;116.0;215;GUARULHOS;Reação tardia ou ineficiente do condutor;Colisão com objeto;Sem Vítimas;Anoitecer;Decrescente;Chuva;Dupla;Reta;Sim;1;0;0;0;1;0;0;1;-23.44695693;-46.45394103;SPRF-SP;DEL01-SP;UOP01-DEL01-SP;215.0;-23.44695693;-46.45394103;2023-01-04;2023;1;2023-01;18;Noite;0;0;0;2
497315;2023-01-04;quarta-feira;21:40:00;SP;116.0;217;GUARULHOS;Demais falhas mecânicas ou elétricas;Incêndio;Sem Vítimas;Plena Noite;Decrescente;Chuva;Múltipla;Não Informado;Sim;2;0;0;0;2;0;0;1;-23.45423824;-46.47119028;SPRF-SP;DEL01-SP;UOP01-DEL01-SP;217.0;-23.45423824;-46.47119028;2023-01-04;2023;1;2023-01;21;Noite;0;0;0;2
497330;2023-01-04;quarta-feira;23:00:00;SP;116.0;213;GUARULHOS;Reação tardia ou ineficiente do condutor;Colisão lateral mesmo sentido;Com Vítimas Feridas;Plena Noite;Decrescente;Chuva;Dupla;Reta;Sim;3;0;1;0;2;0;1;2;-23.43971486;-46.43667806;SPRF-SP;DEL01-SP;UOP01-DEL01-SP;213.0;-23.43971486;-46.43667806;2023-01-04;2023;1;2023-01;23;Noite;0;0;1;2
497200;2023-01-04;quarta-feira;12:40:00;SP;116.0;326;JUQUITIBA;Chuva;Capotamento;Com Vítimas Feridas;Pleno dia;Decrescente;Chuva;Dupla;Reta;Não;1;0;0;1;0;0;1;1;-23.93901304;-47.06241203;SPRF-SP;DEL04-SP;UOP03-DEL04-SP;326.0;-23.93901304;-47.06241203;2023-01-04;2023;1;2023-01;12;Tarde;0;1;3;2
497205;2023-01-04;quarta-feira;13:10:00;SP;381.0;68;MAIRIPORA;Chuva;Capotamento;Com Vítimas Feridas;Pleno dia;Decrescente;Chuva;Dupla;Não Informado;Sim;1;0;1;0;0;0;1;1;-23.34043796;-46.57433588;SPRF-SP;DEL03-SP;UOP01-DEL03-SP;68.0;-23.34043796;-46.57433588;2023-01-04;2023;1;2023-01;13;Tarde;0;0;1;2
497261;2023-01-04;quarta-feira;16:40:00;SP;153.0;294;OCAUCU;Pista esburacada;Queda de ocupante de veículo;Com Vítimas Feridas;Pleno dia;Crescente;Garoa/Chuvisco;Simples;Não Informado;Não;2;0;2;0;0;0;2;1;-22.527683;-49.88952096;SPRF-SP;DEL07-SP;UOP02-DEL07-SP;294.0;-22.527683;-49.88952096;2023-01-04;2023;1;2023-01;16;Tarde;0;0;2;2
497307;2023-01-04;quarta-feira;19:40:00;SP;116.0;79;ROSEIRA;Condutor deixou de manter distância do veículo da frente;Colisão traseira;Com Vítimas Feridas;Plena Noite;Decrescente;Nublado;Dupla;Reta;Não;2;0;1;0;1;0;1;2;-22.89420903;-45.29471098;SPRF-SP;DEL08-SP;UOP01-DEL08-SP;79.0;-22.89420903;-45.29471098;2023-01-04;2023;1;2023-01;19;Noite;0;0;1;2
497229;2023-01-04;quarta-feira;12:50:00;SP;381.0;86;SAO PAULO;Ausência de reação do condutor;Colisão traseira;Com Vítimas Feridas;Pleno dia;Crescente;Nublado;Dupla;Curva;Sim;2;0;1;0;1;0;1;2;-23.45930499;-46.57161179;SPRF-SP;DEL03-SP;UOP01-DEL03-SP;86.0;-23.45930499;-46.57161179;2023-01-04;2023;1;2023-01;12;Tarde;0;0;1;2
497306;2023-01-04;quarta-feira;20:00:00;SP;116.0;270.4;TABOAO DA SERRA;Reação tardia ou ineficiente do condutor;Tombamento;Com Vítimas Feridas;Plena Noite;Crescente;Chuva;Dupla;Reta;Sim;1;0;1;0;0;0;1;1;-23.61799728;-46.79677694;SPRF-SP;DEL04-SP;UOP01-DEL04-SP;270.4;-23.61799728;-46.79677694;2023-01-04;2023;1;2023-01;20;Noite;0;0;1;2
497335;2023-01-04;quarta-feira;23:35:00;SP;116.0;273;TABOAO DA SERRA;Pedestre cruzava a pista fora da faixa;Atropelamento de Pedestre;Com Vítimas Feridas;Plena Noite;Crescente;Chuva;Dupla;Reta;Sim;2;0;2;0;0;0;2;1;-23.62809795;-46.81870306;SPRF-SP;DEL04-SP;UOP01-DEL04-SP;273.0;-23.62809795;-46.81870306;2023-01-04;2023;1;2023-01;23;Noite;0;0;2;2
497285;2023-01-04;quarta-feira;18:40:00;SP;101.0;45;UBATUBA;Acessar a via sem observar a presença dos outros veículos;Colisão transversal;Com Vítimas Feridas;Plena Noite;Decrescente;Chuva;Simples;Não Informado;Sim;2;0;1;0;1;0;1;2;-23.41779396;-45.06788408;SPRF-SP;DEL06-SP;UOP01-DEL06-SP;45.0;-23.41779396;-45.06788408;2023-01-04;2023;1;2023-01;18;Noite;0;0;1;2
497303;2023-01-04;quarta-feira;20:15:00;SP;101.0;48.8;UBATUBA;Acessar a via sem observar a presença dos outros veículos;Colisão transversal;Com Vítimas Feridas;Plena Noite;Decrescente;Garoa/Chuvisco;Simples;Reta;Sim;2;0;1;0;1;0;1;2;-23.44410908;-45.08375708;SPRF-SP;DEL06-SP;UOP01-DEL06-SP;48.8;-23.44410908;-45.08375708;2023-01-04;2023;1;2023-01;20;Noite;0;0;1;2
497318;2023-01-04;quarta-feira;12:10:00;SP;101.0;46.3;UBATUBA;Acessar a via sem observar a presença dos outros veículos;Colisão transversal;Com Vítimas Feridas;Pleno dia;Decrescente;Nublado;Simples;Reta;Sim;2;0;1;0;1;0;1;2;-23.42580309;-45.07721543;SPRF-SP;DEL06-SP;UOP01-DEL06-SP;46.3;-23.42580309;-45.07721543;2023-01-04;2023;1;2023-01;12;Tarde;0;0;1;2
497381;2023-01-05;quinta-feira;09:40:00;SP;116.0;215;GUARULHOS;Manobra de mudança de faixa;Colisão transversal;Com Vítimas Feridas;Pleno dia;Crescente;Garoa/Chuvisco;Múltipla;Não Informado;Sim;2;0;1;0;1;0;1;2;-23.44695693;-46.45394103;SPRF-SP;DEL01-SP;UOP01-DEL01-SP;215.0;-23.44695693;-46.45394103;2023-01-05;2023;1;2023-01;9;Manha;0;0;1;3
497483;2023-01-05;quinta-feira;20:50:00;SP;116.0;210;GUARULHOS;Ausência de reação do condutor;Colisão transversal;Com Vítimas Feridas;Plena Noite;Decrescente;Garoa/Chuvisco;Múltipla;Reta;Sim;2;0;1;0;1;0;1;2;-23.42870023;-46.41085991;SPRF-SP;DEL01-SP;UOP01-DEL01-SP;210.0;-23.42870023;-46.41085991;2023-01-05;2023;1;2023-01;20;Noite;0;0;1;3
497481;2023-01-05;quinta-feira;19:00:00;SP;116.0;292;ITAPECERICA DA SERRA;Chuva;Queda de ocupante de veículo;Com Vítimas Feridas;Plena Noite;Crescente;Chuva;Dupla;Não Informado;Não;1;0;1;0;0;0;1;1;-23.74581995;-46.90003027;SPRF-SP;DEL04-SP;UOP01-DEL04-SP;292.0;-23.74581995;-46.90003027;2023-01-05;2023;1;2023-01;19;Noite;0;0;1;3
497401;2023-01-05;quinta-feira;13:00:00;SP;381.0;69;MAIRIPORA;Reação tardia ou ineficiente do condutor;Tombamento;Com Vítimas Feridas;Pleno dia;Decrescente;Chuva;Múltipla;Não Informado;Não;3;0;1;0;2;0;1;1;-23.34553108;-46.56787903;SPRF-SP;DEL03-SP;UOP01-DEL03-SP;69.0;-23.34553108;-46.56787903;2023-01-05;2023;1;2023-01;13;Tarde;0;0;1;3
497420;2023-01-05;quinta-feira;15:05:00;SP;153.0;256;MARILIA;Frear bruscamente;Queda de ocupante de veículo;Com Vítimas Feridas;Pleno dia;Decrescente;Nublado;Dupla;Reta;Sim;1;0;1;0;0;0;1;1;-22.23720726;-49.91918206;SPRF-SP;DEL07-SP;UOP02-DEL07-SP;256.0;-22.23720726;-49.91918206;2023-01-05;2023;1;2023-01;15;Tarde;0;0;1;3
497497;2023-01-05;quinta-feira;22:50:00;SP;116.0;377.5;MIRACATU;Pedestre cruzava a pista fora da faixa;Atropelamento de Pedestre;Com Vítimas Fatais;Plena Noite;Decrescente;Chuva;Dupla;Curva;Sim;2;1;0;0;1;0;0;1;-24.19911973;-47.36899137;SPRF-SP;DEL04-SP;UOP02-DEL04-SP;377.5;-24.19911973;-47.36899137;2023-01-05;2023;1;2023-01;22;Noite;1;1;5;3
497360;2023-01-05;quinta-feira;07:00:00;SP;116.0;89.9;PINDAMONHANGABA;Velocidade Incompatível;Colisão traseira;Com Vítimas Feridas;Pleno dia;Decrescente;Chuva;Dupla;Reta;Não;2;0;1;0;1;0;1;2;-22.93930884;-45.37874708;SPRF-SP;DEL08-SP;UOP01-DEL08-SP;89.9;-22.93930884;-45.37874708;2023-01-05;2023;1;2023-01;7;Manha;0;0;1;3
497479;2023-01-05;quinta-feira;20:20:00;SP;116.0;87.4;PINDAMONHANGABA;Ausência de reação do condutor;Colisão traseira;Com Vítimas Feridas;Plena Noite;Crescente;Nublado;Dupla;Reta;Não;2;0;1;0;1;0;1;2;-22.93065267;-45.36166116;SPRF-SP;DEL08-SP;UOP01-DEL08-SP;87.4;-22.93065267;-45.36166116;2023-01-05;2023;1;2023-01;20;Noite;0;0;1;3
497457;2023-01-05;quinta-feira;18:20:00;SP;153.0;68.4;SAO JOSE DO RIO PRETO;Pista Escorregadia;Tombamento;Com Vítimas Feridas;Pleno dia;Decrescente;Nublado;Dupla;Não Informado;Sim;1;0;1;0;0;0;1;1;-20.85210258;-49.39299367;SPRF-SP;DEL09-SP;UOP01-DEL09-SP;68.4;-20.85210258;-49.39299367;2023-01-05;2023;1;2023-01;18;Noite;0;0;1;3
497461;2023-01-05;quinta-feira;18:45:00;SP;153.0;71.8;SAO JOSE DO RIO PRETO;Reação tardia ou ineficiente do condutor;Tombamento;Com Vítimas Feridas;Anoitecer;Crescente;Chuva;Dupla;Não Informado;Sim;1;0;1;0;0;0;1;1;-20.8580187;-49.40666241;SPRF-SP;DEL09-SP;UOP01-DEL09-SP;71.8;-20.8580187;-49.40666241;2023-01-05;2023;1;2023-01;18;Noite;0;0;1;3
497421;2023-01-05;quinta-feira;14:40:00;SP;101.0;47.2;UBATUBA;Ausência de reação do condutor;Engavetamento;Com Vítimas Feridas;Pleno dia;Crescente;Chuva;Simples;Reta;Não;4;0;2;0;2;0;2;3;-23.429897;-45.082436;SPRF-SP;DEL06-SP;UOP01-DEL06-SP;47.2;-23.429897;-45.082436;2023-01-05;2023;1;2023-01;14;Tarde;0;0;2;3
497453;2023-01-05;quinta-feira;16:12:00;SP;101.0;47;UBATUBA;Conversão proibida;Colisão transversal;Com Vítimas Feridas;Pleno dia;Crescente;Chuva;Simples;Reta;Sim;2;0;0;1;1;0;1;2;-23.429897;-45.082436;SPRF-SP;DEL06-SP;UOP01-DEL06-SP;47.0;-23.429897;-45.082436;2023-01-05;2023;1;2023-01;16;Tarde;0;1;3;3
497499;2023-01-05;quinta-feira;22:30:00;SP;101.0;51;UBATUBA;Manobra de mudança de faixa;Colisão lateral mesmo sentido;Com Vítimas Feridas;Plena Noite;Crescente;Chuva;Simples;Reta;Sim;2;0;1;0;0;1;1;2;-23.45018939;-45.07743735;SPRF-SP;DEL06-SP;UOP01-DEL06-SP;51.0;-23.45018939;-45.07743735;2023-01-05;2023;1;2023-01;22;Noite;0;0;1;3
497515;2023-01-06;sexta-feira;04:50:00;SP;116.0;195;ARUJA;Manobra de mudança de faixa;Colisão traseira;Com Vítimas Feridas;Amanhecer;Decrescente;Chuva;Simples;Reta;Sim;2;0;1;0;1;0;1;2;-23.3888147;-46.27566213;SPRF-SP;DEL01-SP;UOP01-DEL01-SP;195.0;-23.3888147;-46.27566213;2023-01-06;2023;1;2023-01;4;Madrugada;0;0;1;4
497567;2023-01-06;sexta-feira;12:00:00;SP;116.0;521;CAJATI;Reação tardia ou ineficiente do condutor;Saída de leito carroçável;Com Vítimas Feridas;Pleno dia;Crescente;Garoa/Chuvisco;Dupla;Não Informado;Não;1;0;1;0;0;0;1;1;-24.8997218;-48.24745938;SPRF-SP;DEL05-SP;UOP02-DEL05-SP;521.0;-24.8997218;-48.24745938;2023-01-06;2023;1;2023-01;12;Tarde;0;0;1;4
497815;2023-01-06;sexta-feira;22:00:00;SP;116.0;32.9;CRUZEIRO;Manobra de mudança de faixa;Saída de leito carroçável;Sem Vítimas;Plena Noite;Crescente;Chuva;Dupla;Curva;Não;1;0;0;0;1;0;0;1;-22.6422031;-44.94731891;SPRF-SP;DEL08-SP;UOP02-DEL08-SP;32.9;-22.6422031;-44.94731891;2023-01-06;2023;1;2023-01;22;Noite;0;0;0;4
497513;2023-01-06;sexta-feira;04:20:00;SP;116.0;219;GUARULHOS;Reação tardia ou ineficiente do condutor;Tombamento;Com Vítimas Feridas;Amanhecer;Crescente;Chuva;Dupla;Curva;Sim;1;0;1;0;0;0;1;1;-23.46143954;-46.48885316;SPRF-SP;DEL01-SP;UOP01-DEL01-SP;219.0;-23.46143954;-46.48885316;2023-01-06;2023;1;2023-01;4;Madrugada;0;0;1;4
497663;2023-01-06;sexta-feira;22:20:00;SP;116.0;214;GUARULHOS;Deficiência do Sistema de Iluminação/Sinalização;Colisão com objeto;Com Vítimas Feridas;Plena Noite;Crescente;Garoa/Chuvisco;Múltipla;Não Informado;Sim;1;0;0;1;0;0;1;1;-23.44333014;-46.44531294;SPRF-SP;DEL01-SP;UOP01-DEL01-SP;214.0;-23.44333014;-46.44531294;2023-01-06;2023;1;2023-01;22;Noite;0;1;3;4
497566;2023-01-06;sexta-feira;11:45:00;SP;116.0;184;SANTA ISABEL;Condutor deixou de manter distância do veículo da frente;Engavetamento;Com Vítimas Feridas;Pleno dia;Crescente;Céu Claro;Dupla;Reta;Não;5;0;1;0;4;0;1;4;-23.35197301;-46.180058;SPRF-SP;DEL01-SP;UOP01-DEL01-SP;184.0;-23.35197301;-46.180058;2023-01-06;2023;1;2023-01;11;Manha;0;0;1;4
497502;2023-01-06;sexta-feira;01:00:00;SP;116.0;227;SAO PAULO;Ausência de reação do condutor;Colisão traseira;Sem Vítimas;Plena Noite;Decrescente;Chuva;Múltipla;Reta;Sim;2;0;0;0;1;1;0;2;-23.49659264;-46.55648754;SPRF-SP;DEL01-SP;UOP01-DEL01-SP;227.0;-23.49659264;-46.55648754;2023-01-06;2023;1;2023-01;1;Madrugada;0;0;0;4
497862;2023-01-07;sabado;22:00:00;SP;116.0;213;GUARULHOS;Reação tardia ou ineficiente do condutor;Tombamento;Com Vítimas Feridas;Plena Noite;Crescente;Garoa/Chuvisco;Múltipla;Não Informado;Não;2;0;2;0;0;0;2;1;-23.43971486;-46.43667806;SPRF-SP;DEL01-SP;UOP01-DEL01-SP;213.0;-23.43971486;-46.43667806;2023-01-07;2023;1;2023-01;22;Noite;0;0;2;5
497698;2023-01-07;sabado;04:30:00;SP;116.0;144;SAO JOSE DOS CAMPOS;Reação tardia ou ineficiente do condutor;Capotamento;Sem Vítimas;Plena Noite;Decrescente;Céu Claro;Dupla;Desvio Temporário;Não;1;0;0;0;1;0;0;1;-23.18274416;-45.84633592;SPRF-SP;DEL02-SP;UOP01-DEL02-SP;144.0;-23.18274416;-45.84633592;2023-01-07;2023;1;2023-01;4;Madrugada;0;0;0;5
497734;2023-01-07;sabado;09:05:00;SP;116.0;138;SAO JOSE DOS CAMPOS;Ausência de reação do condutor;Colisão traseira;Com Vítimas Feridas;Pleno dia;Decrescente;Garoa/Chuvisco;Dupla;Reta;Não;2;0;1;0;1;0;1;2;-23.1572739;-45.79554605;SPRF-SP;DEL02-SP;UOP01-DEL02-SP;138.0;-23.1572739;-45.79554605;2023-01-07;2023;1;2023-01;9;Manha;0;0;1;5
497735;2023-01-07;sabado;08:32:00;SP;116.0;273.7;TABOAO DA SERRA;Entrada inopinada do pedestre;Atropelamento de Pedestre;Com Vítimas Fatais;Pleno dia;Decrescente;Céu Claro;Dupla;Reta;Sim;2;1;0;0;1;0;0;1;-23.62809795;-46.81870306;SPRF-SP;DEL04-SP;UOP01-DEL04-SP;273.7;-23.62809795;-46.81870306;2023-01-07;2023;1;2023-01;8;Manha;1;1;5;5
497683;2023-01-07;sabado;01:00:00;SP;101.0;47.4;UBATUBA;Velocidade Incompatível;Colisão frontal;Com Vítimas Feridas;Plena Noite;Decrescente;Chuva;Simples;Não Informado;Sim;4;0;2;0;2;0;2;3;-23.429897;-45.082436;SPRF-SP;DEL06-SP;UOP01-DEL06-SP;47.4;-23.429897;-45.082436;2023-01-07;2023;1;2023-01;1;Madrugada;0;0;2;5
497845;2023-01-07;sabado;21:15:00;SP;101.0;50;UBATUBA;Ingestão de álcool pelo condutor;Colisão transversal;Com Vítimas Feridas;Plena Noite;Crescente;Garoa/Chuvisco;Simples;Não Informado;Sim;3;0;1;0;2;0;1;2;-23.44934;-45.078398;SPRF-SP;DEL06-SP;UOP01-DEL06-SP;50.0;-23.44934;-45.078398;2023-01-07;2023;1;2023-01;21;Noite;0;0;1;5
497956;2023-01-08;domingo;10:30:00;SP;381.0;50.4;ATIBAIA;Manobra de mudança de faixa;Colisão com objeto;Com Vítimas Feridas;Pleno dia;Crescente;Nublado;Dupla;Não Informado;Sim;2;0;1;0;1;0;1;1;-23.21359807;-46.59367981;SPRF-SP;DEL03-SP;UOP01-DEL03-SP;50.4;-23.21359807;-46.59367981;2023-01-08;2023;1;2023-01;10;Manha;0;0;1;6
498018;2023-01-08;domingo;17:20:00;SP;116.0;560;BARRA DO TURVO;Acumulo de água sobre o pavimento;Tombamento;Com Vítimas Feridas;Pleno dia;Crescente;Chuva;Simples;Curva;Não;1;0;1;0;0;0;1;1;-25.01853433;-48.51096869;SPRF-SP;DEL05-SP;UOP02-DEL05-SP;560.0;-25.01853433;-48.51096869;2023-01-08;2023;1;2023-01;17;Tarde;0;0;1;6
498067;2023-01-08;domingo;19:10:00;SP;116.0;278.8;EMBU DAS ARTES;Chuva;Capotamento;Sem Vítimas;Plena Noite;Crescente;Chuva;Dupla;Curva;Sim;1;0;0;0;1;0;0;1;-23.66233697;-46.85292907;SPRF-SP;DEL04-SP;UOP01-DEL04-SP;278.8;-23.66233697;-46.85292907;2023-01-08;2023;1;2023-01;19;Noite;0;0;0;6
498092;2023-01-08;domingo;22:45:00;SP;116.0;225;GUARULHOS;Demais falhas mecânicas ou elétricas;Incêndio;Sem Vítimas;Plena Noite;Crescente;Nublado;Múltipla;Reta;Sim;1;0;0;0;1;0;0;1;-23.48586772;-46.54075317;SPRF-SP;DEL01-SP;UOP01-DEL01-SP;225.0;-23.48586772;-46.54075317;2023-01-08;2023;1;2023-01;22;Noite;0;0;0;6
498022;2023-01-08;domingo;18:04:00;SP;116.0;167;JACAREI;Acessar a via sem observar a presença dos outros veículos;Colisão lateral mesmo sentido;Com Vítimas Feridas;Pleno dia;Decrescente;Garoa/Chuvisco;Dupla;Desvio Temporário;Sim;2;0;1;0;0;1;1;2;-23.30254924;-46.02640493;SPRF-SP;DEL02-SP;UOP01-DEL02-SP;167.0;-23.30254924;-46.02640493;2023-01-08;2023;1;2023-01;18;Noite;0;0;1;6
498089;2023-01-08;domingo;21:45:00;SP;116.0;321;JUQUITIBA;Condutor deixou de manter distância do veículo da frente;Colisão traseira;Com Vítimas Feridas;Plena Noite;Decrescente;Chuva;Dupla;Reta;Sim;2;0;1;0;1;0;1;2;-23.934612;-47.01729;SPRF-SP;DEL04-SP;UOP03-DEL04-SP;321.0;-23.934612;-47.01729;2023-01-08;2023;1;2023-01;21;Noite;0;0;1;6
498043;2023-01-08;domingo;18:00:00;SP;381.0;67.8;MAIRIPORA;Ausência de reação do condutor;Colisão com objeto;Com Vítimas Feridas;Anoitecer;Decrescente;Garoa/Chuvisco;Dupla;Não Informado;Sim;1;0;1;0;0;0;1;1;-23.3322609407;-46.5767537878;SPRF-SP;DEL03-SP;UOP01-DEL03-SP;67.8;-23.3322609407;-46.5767537878;2023-01-08;2023;1;2023-01;18;Noite;0;0;1;6
498005;2023-01-08;domingo;15:30:00;SP;116.0;341.8;MIRACATU;Manobra de mudança de faixa;Colisão lateral mesmo sentido;Com Vítimas Feridas;Pleno dia;Decrescente;Chuva;Dupla;Curva;Não;2;0;1;0;1;0;1;1;-24.0110305;-47.16525078;SPRF-SP;DEL04-SP;UOP03-DEL04-SP;341.8;-24.0110305;-47.16525078;2023-01-08;2023;1;2023-01;15;Tarde;0;0;1;6
498071;2023-01-08;domingo;20:00:00;SP;116.0;274;TABOAO DA SERRA;Reação tardia ou ineficiente do condutor;Colisão com objeto;Com Vítimas Feridas;Plena Noite;Crescente;Chuva;Dupla;Reta;Não;1;0;0;1;0;0;1;1;-23.63445084;-46.82418514;SPRF-SP;DEL04-SP;UOP01-DEL04-SP;274.0;-23.63445084;-46.82418514;2023-01-08;2023;1;2023-01;20;Noite;0;1;3;6
502840;2023-01-08;domingo;02:40:00;SP;116.0;115;TAUBATE;Manobra de mudança de faixa;Colisão lateral mesmo sentido;Com Vítimas Feridas;Plena Noite;Crescente;Céu Claro;Dupla;Reta;Sim;3;0;1;0;2;0;1;2;-23.0496047;-45.59973712;SPRF-SP;DEL02-SP;UOP02-DEL02-SP;115.0;-23.0496047;-45.59973712;2023-01-08;2023;1;2023-01;2;Madrugada;0;0;1;6
498102;2023-01-09;segunda-feira;00:20:00;SP;381.0;59;ATIBAIA;Reação tardia ou ineficiente do condutor;Saída de leito carroçável;Sem Vítimas;Anoitecer;Crescente;Nevoeiro/Neblina;Dupla;Curva;Sim;1;0;0;0;1;0;0;1;-23.28270705;-46.58787791;SPRF-SP;DEL03-SP;UOP01-DEL03-SP;59.0;-23.28270705;-46.58787791;2023-01-09;2023;1;2023-01;0;Madrugada;0;0;0;0
498169;2023-01-09;segunda-feira;07:50:00;SP;116.0;516;CAJATI;Velocidade Incompatível;Colisão frontal;Com Vítimas Feridas;Pleno dia;Decrescente;Nublado;Dupla;Curva;Não;1;0;1;0;0;0;1;1;-24.87423036;-48.2190838;SPRF-SP;DEL05-SP;UOP02-DEL05-SP;516.0;-24.87423036;-48.2190838;2023-01-09;2023;1;2023-01;7;Manha;0;0;1;0
498238;2023-01-09;segunda-feira;14:15:00;SP;116.0;512;CAJATI;Avarias e/ou desgaste excessivo no pneu;Saída de leito carroçável;Com Vítimas Feridas;Pleno dia;Decrescente;Garoa/Chuvisco;Dupla;Não Informado;Não;6;0;2;0;4;0;2;1;-24.84304306;-48.22027915;SPRF-SP;DEL05-SP;UOP02-DEL05-SP;512.0;-24.84304306;-48.22027915;2023-01-09;2023;1;2023-01;14;Tarde;0;0;2;0
498239;2023-01-09;segunda-feira;13:14:00;SP;116.0;512;CAJATI;Acumulo de água sobre o pavimento;Tombamento;Com Vítimas Feridas;Pleno dia;Decrescente;Garoa/Chuvisco;Dupla;Curva;Não;2;0;1;0;1;0;1;1;-24.84304306;-48.22027915;SPRF-SP;DEL05-SP;UOP02-DEL05-SP;512.0;-24.84304306;-48.22027915;2023-01-09;2023;1;2023-01;13;Tarde;0;0;1;0
498313;2023-01-09;segunda-feira;21:40:00;SP;116.0;512;CAJATI;Velocidade Incompatível;Colisão com objeto;Com Vítimas Feridas;Plena Noite;Decrescente;Garoa/Chuvisco;Dupla;Não Informado;Não;1;0;1;0;0;0;1;1;-24.83332404;-48.21504593;SPRF-SP;DEL05-SP;UOP02-DEL05-SP;512.0;-24.83332404;-48.21504593;2023-01-09;2023;1;2023-01;21;Noite;0;0;1;0
498298;2023-01-09;segunda-feira;16:30:00;SP;381.0;89.9;GUARULHOS;Ausência de reação do condutor;Colisão traseira;Com Vítimas Feridas;Pleno dia;Decrescente;Nublado;Dupla;Reta;Não;2;0;1;0;1;0;1;2;-23.495071;-46.55932;SPRF-SP;DEL03-SP;UOP01-DEL03-SP;89.9;-23.495071;-46.55932;2023-01-09;2023;1;2023-01;16;Tarde;0;0;1;0
498180;2023-01-09;segunda-feira;11:30:00;SP;116.0;230.5;SAO PAULO;Reação tardia ou ineficiente do condutor;Colisão traseira;Com Vítimas Feridas;Pleno dia;Crescente;Nublado;Múltipla;Reta;Sim;2;0;1;0;1;0;1;2;-23.52251783;-46.5855702;SPRF-SP;DEL01-SP;UOP01-DEL01-SP;230.5;-23.52251783;-46.5855702;2023-01-09;2023;1;2023-01;11;Manha;0;0;1;0
498235;2023-01-09;segunda-feira;15:30:00;SP;116.0;230.5;SAO PAULO;Frear bruscamente;Engavetamento;Com Vítimas Feridas;Pleno dia;Crescente;Nublado;Simples;Não Informado;Sim;5;0;2;0;3;0;2;4;-23.52251783;-46.5855702;SPRF-SP;DEL01-SP;UOP01-DEL01-SP;230.5;-23.52251783;-46.5855702;2023-01-09;2023;1;2023-01;15;Tarde;0;0;2;0
498463;2023-01-10;terca-feira;14:40:00;SP;116.0;564;BARRA DO TURVO;Pista Escorregadia;Saída de leito carroçável;Com Vítimas Feridas;Pleno dia;Crescente;Chuva;Simples;Não Informado;Não;2;0;1;0;0;1;1;2;-25.03458919;-48.53543877;SPRF-SP;DEL05-SP;UOP02-DEL05-SP;564.0;-25.03458919;-48.53543877;2023-01-10;2023;1;2023-01;14;Tarde;0;0;1;1
498464;2023-01-10;terca-feira;14:50:00;SP;116.0;561.8;BARRA DO TURVO;Pista Escorregadia;Saída de leito carroçável;Com Vítimas Feridas;Pleno dia;Crescente;Garoa/Chuvisco;Dupla;Não Informado;Não;1;0;1;0;0;0;1;1;-25.02045097;-48.51586004;SPRF-SP;DEL05-SP;UOP02-DEL05-SP;561.8;-25.02045097;-48.51586004;2023-01-10;2023;1;2023-01;14;Tarde;0;0;1;1
498406;2023-01-10;terca-feira;17:00:00;SP;116.0;214;GUARULHOS;Manobra de mudança de faixa;Colisão traseira;Com Vítimas Feridas;Pleno dia;Decrescente;Nublado;Múltipla;Reta;Não;5;0;3;0;1;1;3;2;-23.44333014;-46.44531294;SPRF-SP;DEL01-SP;UOP01-DEL01-SP;214.0;-23.44333014;-46.44531294;2023-01-10;2023;1;2023-01;17;Tarde;0;0;3;1
498455;2023-01-10;terca-feira;23:08:00;SP;116.0;347;MIRACATU;Velocidade Incompatível;Tombamento;Com Vítimas Feridas;Plena Noite;Crescente;Chuva;Dupla;Curva;Não;1;0;1;0;0;0;1;1;-24.04699491;-47.19706111;SPRF-SP;DEL04-SP;UOP03-DEL04-SP;347.0;-24.04699491;-47.19706111;2023-01-10;2023;1;2023-01;23;Noite;0;0;1;1
498389;2023-01-10;terca-feira;14:48:00;SP;116.0;229;SAO PAULO;Reação tardia ou ineficiente do condutor;Colisão traseira;Com Vítimas Feridas;Pleno dia;Crescente;Nublado;Múltipla;Interseção de vias;Sim;2;0;1;0;1;0;1;2;-23.51291902;-46.57604698;SPRF-SP;DEL01-SP;UOP01-DEL01-SP;229.0;-23.51291902;-46.57604698;2023-01-10;2023;1;2023-01;14;Tarde;0;0;1;1
498338;2023-01-10;terca-feira;06:33:00;SP;116.0;110;TAUBATE;Ausência de reação do condutor;Tombamento;Com Vítimas Feridas;Amanhecer;Crescente;Nublado;Dupla;Reta;Sim;1;0;1;0;0;0;1;1;-23.03412614;-45.5526999;SPRF-SP;DEL02-SP;UOP02-DEL02-SP;110.0;-23.03412614;-45.5526999;2023-01-10;2023;1;2023-01;6;Manha;0;0;1;1
498497;2023-01-11;quarta-feira;08:00:00;SP;381.0;20;BRAGANCA PAULISTA;Ausência de reação do condutor;Tombamento;Com Vítimas Feridas;Pleno dia;Decrescente;Nublado;Dupla;Não Informado;Não;1;0;1;0;0;0;1;1;-22.98443766;-46.50352511;SPRF-SP;DEL03-SP;UOP02-DEL03-SP;20.0;-22.98443766;-46.50352511;2023-01-11;2023;1;2023-01;8;Manha;0;0;1;2
498617;2023-01-11;quarta-feira;23:30:00;SP;116.0;120;CACAPAVA;Condutor Dormindo;Saída de leito carroçável;Com Vítimas Feridas;Pleno dia;Crescente;Céu Claro;Dupla;Reta;Não;2;0;1;0;1;0;1;1;-23.0715638;-45.64459209;SPRF-SP;DEL02-SP;UOP02-DEL02-SP;120.0;-23.0715638;-45.64459209;2023-01-11;2023;1;2023-01;23;Noite;0;0;1;2
498468;2023-01-11;quarta-feira;04:15:00;SP;116.0;35.6;CACHOEIRA PAULISTA;Objeto estático sobre o leito carroçável;Colisão com objeto;Com Vítimas Feridas;Plena Noite;Crescente;Céu Claro;Dupla;Não Informado;Não;2;0;0;1;1;0;1;1;-22.65892521;-44.96708995;SPRF-SP;DEL08-SP;UOP02-DEL08-SP;35.6;-22.65892521;-44.96708995;2023-01-11;2023;1;2023-01;4;Madrugada;0;1;3;2
498594;2023-01-11;quarta-feira;17:55:00;SP;116.0;512;CAJATI;Reação tardia ou ineficiente do condutor;Saída de leito carroçável;Com Vítimas Feridas;Pleno dia;Decrescente;Garoa/Chuvisco;Simples;Não Informado;Não;4;0;1;0;3;0;1;1;-24.84304306;-48.22027915;SPRF-SP;DEL05-SP;UOP02-DEL05-SP;512.0;-24.84304306;-48.22027915;2023-01-11;2023;1;2023-01;17;Tarde;0;0;1;2
498550;2023-01-11;quarta-feira;15:50:00;SP;116.0;279.6;EMBU DAS ARTES;Ultrapassagem Indevida;Colisão lateral mesmo sentido;Com Vítimas Feridas;Pleno dia;Decrescente;Céu Claro;Múltipla;Não Informado;Sim;2;0;1;0;1;0;1;2;-23.65508497;-46.84918605;SPRF-SP;DEL04-SP;UOP01-DEL04-SP;279.6;-23.65508497;-46.84918605;2023-01-11;2023;1;2023-01;15;Tarde;0;0;1;2
498534;2023-01-11;quarta-feira;14:20:00;SP;116.0;216;GUARULHOS;Trafegar com motocicleta (ou similar) entre as faixas;Colisão lateral mesmo sentido;Com Vítimas Feridas;Pleno dia;Crescente;Céu Claro;Múltipla;Não Informado;Sim;2;0;1;0;1;0;1;2;-23.45056589;-46.46258105;SPRF-SP;DEL01-SP;UOP01-DEL01-SP;216.0;-23.45056589;-46.46258105;2023-01-11;2023;1;2023-01;14;Tarde;0;0;1;2
498538;2023-01-11;quarta-feira;13:30:00;SP;459.0;22.7;LORENA;Conversão proibida;Colisão traseira;Com Vítimas Feridas;Pleno dia;Decrescente;Chuva;Simples;Reta;Sim;2;0;1;0;0;1;1;2;-22.663296;-45.142551;SPRF-SP;DEL08-SP;UOP02-DEL08-SP;22.7;-22.663296;-45.142551;2023-01-11;2023;1;2023-01;13;Tarde;0;0;1;2
498600;2023-01-11;quarta-feira;21:00:00;SP;381.0;64;MAIRIPORA;Ingestão de álcool pelo condutor;Colisão lateral mesmo sentido;Sem Vítimas;Plena Noite;Decrescente;Nublado;Dupla;Reta;Não;2;0;0;0;2;0;0;2;-23.29437896;-46.57254696;SPRF-SP;DEL03-SP;UOP01-DEL03-SP;64.0;-23.29437896;-46.57254696;2023-01-11;2023;1;2023-01;21;Noite;0;0;0;2
498462;2023-01-11;quarta-feira;00:47:00;SP;116.0;383;MIRACATU;Demais falhas mecânicas ou elétricas;Incêndio;Sem Vítimas;Plena Noite;Crescente;Céu Claro;Dupla;Reta;Não;1;0;0;0;1;0;0;1;-24.24165679;-47.36329124;SPRF-SP;DEL04-SP;UOP02-DEL04-SP;383.0;-24.24165679;-47.36329124;2023-01-11;2023;1;2023-01;0;Madrugada;0;0;0;2
498556;2023-01-11;quarta-feira;16:45:00;SP;116.0;97.2;PINDAMONHANGABA;Obras na pista;Colisão traseira;Com Vítimas Feridas;Anoitecer;Decrescente;Céu Claro;Dupla;Não Informado;Não;3;0;1;0;2;0;1;2;-22.97375666;-45.44726115;SPRF-SP;DEL08-SP;UOP01-DEL08-SP;97.2;-22.97375666;-45.44726115;2023-01-11;2023;1;2023-01;16;Tarde;0;0;1;2
498502;2023-01-11;quarta-feira;08:40:00;SP;153.0;151;PROMISSAO;Ausência de reação do condutor;Tombamento;Com Vítimas Feridas;Pleno dia;Decrescente;Nublado;Simples;Reta;Não;1;0;1;0;0;0;1;1;-21.42639998;-49.78631982;SPRF-SP;DEL07-SP;UOP01-DEL07-SP;151.0;-21.42639998;-49.78631982;2023-01-11;2023;1;2023-01;8;Manha;0;0;1;2
498494;2023-01-11;quarta-feira;08:55:00;SP;153.0;62;SAO JOSE DO RIO PRETO;Trafegar com motocicleta (ou similar) entre as faixas;Tombamento;Com Vítimas Feridas;Pleno dia;Crescente;Céu Claro;Dupla;Reta;Sim;1;0;1;0;0;0;1;1;-20.81325404;-49.35675563;SPRF-SP;DEL09-SP;UOP01-DEL09-SP;62.0;-20.81325404;-49.35675563;2023-01-11;2023;1;2023-01;8;Manha;0;0;1;2
498547;2023-01-11;quarta-feira;15:01:00;SP;116.0;145;SAO JOSE DOS CAMPOS;Ausência de reação do condutor;Saída de leito carroçável;Com Vítimas Feridas;Pleno dia;Decrescente;Céu Claro;Múltipla;Não Informado;Não;1;0;1;0;0;0;1;1;-23.1869844;-45.8548078;SPRF-SP;DEL02-SP;UOP01-DEL02-SP;145.0;-23.1869844;-45.8548078;2023-01-11;2023;1;2023-01;15;Tarde;0;0;1;2
498604;2023-01-11;quarta-feira;21:20:00;SP;116.0;150;SAO JOSE DOS CAMPOS;Manobra de mudança de faixa;Tombamento;Com Vítimas Feridas;Plena Noite;Decrescente;Nublado;Múltipla;Interseção de vias;Sim;2;0;2;0;0;0;2;1;-23.21335525;-45.8930588;SPRF-SP;DEL02-SP;UOP01-DEL02-SP;150.0;-23.21335525;-45.8930588;2023-01-11;2023;1;2023-01;21;Noite;0;0;2;2
498614;2023-01-11;quarta-feira;23:00:00;SP;116.0;154;SAO JOSE DOS CAMPOS;Entrada inopinada do pedestre;Atropelamento de Pedestre;Com Vítimas Feridas;Plena Noite;Crescente;Nublado;Múltipla;Reta;Não;2;0;0;1;0;1;1;1;-23.23903999;-45.92061901;SPRF-SP;DEL02-SP;UOP01-DEL02-SP;154.0;-23.23903999;-45.92061901;2023-01-11;2023;1;2023-01;23;Noite;0;1;3;2
498507;2023-01-11;quarta-feira;10:30:00;SP;116.0;274.4;TABOAO DA SERRA;Frear bruscamente;Colisão traseira;Com Vítimas Feridas;Pleno dia;Decrescente;Chuva;Dupla;Reta;Sim;5;0;2;0;3;0;2;3;-23.63445084;-46.82418514;SPRF-SP;DEL04-SP;UOP01-DEL04-SP;274.4;-23.63445084;-46.82418514;2023-01-11;2023;1;2023-01;10;Manha;0;0;2;2
498500;2023-01-11;quarta-feira;08:30:00;SP;101.0;50;UBATUBA;Acessar a via sem observar a presença dos outros veículos;Colisão transversal;Com Vítimas Feridas;Pleno dia;Decrescente;Céu Claro;Simples;Reta;Não;2;0;1;0;1;0;1;2;-23.45330581;-45.07435083;SPRF-SP;DEL06-SP;UOP01-DEL06-SP;50.0;-23.45330581;-45.07435083;2023-01-11;2023;1;2023-01;8;Manha;0;0;1;2
498643;2023-01-12;quinta-feira;00:30:00;SP;116.0;544;BARRA DO TURVO;Reação tardia ou ineficiente do condutor;Colisão com objeto;Com Vítimas Feridas;Plena Noite;Decrescente;Céu Claro;Simples;Não Informado;Não;1;0;0;1;0;0;1;1;-24.95781406;-48.42123049;SPRF-SP;DEL05-SP;UOP02-DEL05-SP;544.0;-24.95781406;-48.42123049;2023-01-12;2023;1;2023-01;0;Madrugada;0;1;3;3
498753;2023-01-12;quinta-feira;17:00:00;SP;116.0;545;BARRA DO TURVO;Reação tardia ou ineficiente do condutor;Tombamento;Com Vítimas Feridas;Pleno dia;Decrescente;Garoa/Chuvisco;Dupla;Curva;Não;1;0;1;0;0;0;1;1;-24.95016699;-48.42400302;SPRF-SP;DEL05-SP;UOP02-DEL05-SP;545.0;-24.95016699;-48.42400302;2023-01-12;2023;1;2023-01;17;Tarde;0;0;1;3
498629;2023-01-12;quinta-feira;00:45:00;SP;116.0;59.9;GUARATINGUETA;Ausência de reação do condutor;Queda de ocupante de veículo;Com Vítimas Fatais;Plena Noite;Crescente;Chuva;Dupla;Reta;Sim;2;1;0;0;1;0;0;2;-22.8016865;-45.14218994;SPRF-SP;DEL08-SP;UOP01-DEL08-SP;59.9;-22.8016865;-45.14218994;2023-01-12;2023;1;2023-01;0;Madrugada;1;1;5;3
498699;2023-01-12;quinta-feira;11:35:00;SP;116.0;413;JUQUIA;Ausência de reação do condutor;Colisão traseira;Com Vítimas Feridas;Pleno dia;Decrescente;Céu Claro;Dupla;Reta;Não;2;0;0;1;1;0;1;2;-24.33231648;-47.60822296;SPRF-SP;DEL05-SP;UOP01-DEL05-SP;413.0;-24.33231648;-47.60822296;2023-01-12;2023;1;2023-01;11;Manha;0;1;3;3
498733;2023-01-12;quinta-feira;14:45:00;SP;153.0;257.2;MARILIA;Acesso irregular;Eventos atípicos;Com Vítimas Feridas;Pleno dia;Crescente;Céu Claro;Dupla;Reta;Sim;2;0;0;1;1;0;1;1;-22.23982103;-49.91965379;SPRF-SP;DEL07-SP;UOP02-DEL07-SP;257.2;-22.23982103;-49.91965379;2023-01-12;2023;1;2023-01;14;Tarde;0;1;3;3
498813;2023-01-12;quinta-feira;22:30:00;SP;116.0;192;SANTA ISABEL;Demais falhas mecânicas ou elétricas;Incêndio;Sem Vítimas;Plena Noite;Decrescente;Céu Claro;Dupla;Curva;Não;1;0;0;0;1;0;0;1;-23.376923;-46.249733;SPRF-SP;DEL01-SP;UOP01-DEL01-SP;192.0;-23.376923;-46.249733;2023-01-12;2023;1;2023-01;22;Noite;0;0;0;3
498639;2023-01-12;quinta-feira;05:30:00;SP;116.0;146;SAO JOSE DOS CAMPOS;Reação tardia ou ineficiente do condutor;Colisão com objeto;Com Vítimas Feridas;Amanhecer;Decrescente;Céu Claro;Múltipla;Reta;Não;3;0;3;0;0;0;3;2;-23.19122919;-45.86327591;SPRF-SP;DEL02-SP;UOP01-DEL02-SP;146.0;-23.19122919;-45.86327591;2023-01-12;2023;1;2023-01;5;Madrugada;0;0;3;3
498654;2023-01-12;quinta-feira;06:40:00;SP;116.0;145;SAO JOSE DOS CAMPOS;Ingestão de álcool pelo condutor;Colisão lateral mesmo sentido;Sem Vítimas;Pleno dia;Decrescente;Céu Claro;Dupla;Reta;Não;2;0;0;0;2;0;0;2;-23.18274416;-45.84633592;SPRF-SP;DEL02-SP;UOP01-DEL02-SP;145.0;-23.18274416;-45.84633592;2023-01-12;2023;1;2023-01;6;Manha;0;0;0;3
498804;2023-01-12;quinta-feira;21:20:00;SP;116.0;135.5;SAO JOSE DOS CAMPOS;Reação tardia ou ineficiente do condutor;Tombamento;Com Vítimas Feridas;Plena Noite;Crescente;Nublado;Dupla;Reta;Sim;2;0;2;0;0;0;2;1;-23.144484;-45.77018;SPRF-SP;DEL02-SP;UOP01-DEL02-SP;135.5;-23.144484;-45.77018;2023-01-12;2023;1;2023-01;21;Noite;0;0;2;3
498722;2023-01-12;quinta-feira;13:40:00;SP;101.0;47.1;UBATUBA;Ausência de reação do condutor;Tombamento;Com Vítimas Feridas;Pleno dia;Decrescente;Céu Claro;Simples;Reta;Sim;1;0;1;0;0;0;1;1;-23.429897;-45.082436;SPRF-SP;DEL06-SP;UOP01-DEL06-SP;47.1;-23.429897;-45.082436;2023-01-12;2023;1;2023-01;13;Tarde;0;0;1;3
498922;2023-01-13;sexta-feira;15:15:00;SP;116.0;74;APARECIDA;Mal súbito do condutor;Saída de leito carroçável;Com Vítimas Fatais;Pleno dia;Decrescente;Nublado;Dupla;Reta;Sim;1;1;0;0;0;0;0;1;-22.87353809;-45.25320023;SPRF-SP;DEL08-SP;UOP01-DEL08-SP;74.0;-22.87353809;-45.25320023;2023-01-13;2023;1;2023-01;15;Tarde;1;1;5;4
498896;2023-01-13;sexta-feira;13:20:00;SP;116.0;202;ARUJA;Chuva;Colisão lateral mesmo sentido;Com Vítimas Feridas;Pleno dia;Decrescente;Chuva;Dupla;Não Informado;Sim;3;0;3;0;0;0;3;2;-23.40809408;-46.33859597;SPRF-SP;DEL01-SP;UOP01-DEL01-SP;202.0;-23.40809408;-46.33859597;2023-01-13;2023;1;2023-01;13;Tarde;0;0;3;4
498827;2023-01-13;sexta-feira;05:57:00;SP;116.0;224;GUARULHOS;Pista Escorregadia;Queda de ocupante de veículo;Com Vítimas Feridas;Pleno dia;Decrescente;Garoa/Chuvisco;Múltipla;Reta;Sim;1;0;1;0;0;0;1;1;-23.48071896;-46.53271603;SPRF-SP;DEL01-SP;UOP01-DEL01-SP;224.0;-23.48071896;-46.53271603;2023-01-13;2023;1;2023-01;5;Madrugada;0;0;1;4
498830;2023-01-13;sexta-feira;06:50:00;SP;116.0;224;GUARULHOS;Condutor deixou de manter distância do veículo da frente;Queda de ocupante de veículo;Com Vítimas Feridas;Pleno dia;Decrescente;Céu Claro;Múltipla;Reta;Sim;1;0;1;0;0;0;1;1;-23.48071896;-46.53271603;SPRF-SP;DEL01-SP;UOP01-DEL01-SP;224.0;-23.48071896;-46.53271603;2023-01-13;2023;1;2023-01;6;Manha;0;0;1;4
498943;2023-01-13;sexta-feira;16:45:00;SP;116.0;225;GUARULHOS;Frear bruscamente;Colisão traseira;Com Vítimas Feridas;Pleno dia;Decrescente;Céu Claro;Múltipla;Reta;Sim;4;0;2;0;2;0;2;3;-23.48586772;-46.54075317;SPRF-SP;DEL01-SP;UOP01-DEL01-SP;225.0;-23.48586772;-46.54075317;2023-01-13;2023;1;2023-01;16;Tarde;0;0;2;4
498962;2023-01-13;sexta-feira;18:15:00;SP;116.0;216;GUARULHOS;Acessar a via sem observar a presença dos outros veículos;Colisão lateral mesmo sentido;Com Vítimas Feridas;Pleno dia;Decrescente;Céu Claro;Dupla;Reta;Sim;2;0;1;0;1;0;1;2;-23.45056589;-46.46258105;SPRF-SP;DEL01-SP;UOP01-DEL01-SP;216.0;-23.45056589;-46.46258105;2023-01-13;2023;1;2023-01;18;Noite;0;0;1;4
498995;2023-01-13;sexta-feira;19:20:00;SP;116.0;216;GUARULHOS;Manobra de mudança de faixa;Colisão lateral mesmo sentido;Com Vítimas Feridas;Plena Noite;Decrescente;Céu Claro;Dupla;Reta;Sim;2;0;1;0;1;0;1;2;-23.45056589;-46.46258105;SPRF-SP;DEL01-SP;UOP01-DEL01-SP;216.0;-23.45056589;-46.46258105;2023-01-13;2023;1;2023-01;19;Noite;0;0;1;4
498936;2023-01-13;sexta-feira;15:50:00;SP;116.0;23.4;LAVRINHAS;Ausência de reação do condutor;Capotamento;Com Vítimas Feridas;Pleno dia;Decrescente;Nublado;Dupla;Curva;Não;1;0;1;0;0;0;1;1;-22.58978112;-44.88535587;SPRF-SP;DEL08-SP;UOP02-DEL08-SP;23.4;-22.58978112;-44.88535587;2023-01-13;2023;1;2023-01;15;Tarde;0;0;1;4
498976;2023-01-13;sexta-feira;17:40:00;SP;116.0;100;PINDAMONHANGABA;Ausência de reação do condutor;Engavetamento;Com Vítimas Feridas;Pleno dia;Crescente;Nublado;Dupla;Reta;Não;5;0;2;0;3;0;2;3;-22.986552;-45.47276;SPRF-SP;DEL08-SP;UOP01-DEL08-SP;100.0;-22.986552;-45.47276;2023-01-13;2023;1;2023-01;17;Tarde;0;0;2;4
498850;2023-01-13;sexta-feira;08:15:00;SP;116.0;139.5;SAO JOSE DOS CAMPOS;Reação tardia ou ineficiente do condutor;Engavetamento;Com Vítimas Feridas;Pleno dia;Crescente;Céu Claro;Dupla;Não Informado;Não;4;0;1;0;2;1;1;4;-23.16153216;-45.80400592;SPRF-SP;DEL02-SP;UOP01-DEL02-SP;139.5;-23.16153216;-45.80400592;2023-01-13;2023;1;2023-01;8;Manha;0;0;1;4
499008;2023-01-13;sexta-feira;15:30:00;SP;381.0;87.2;SAO PAULO;Ausência de reação do condutor;Colisão traseira;Com Vítimas Feridas;Pleno dia;Decrescente;Nublado;Dupla;Reta;Não;2;0;1;0;1;0;1;2;-23.46870838;-46.56983256;SPRF-SP;DEL03-SP;UOP01-DEL03-SP;87.2;-23.46870838;-46.56983256;2023-01-13;2023;1;2023-01;15;Tarde;0;0;1;4
499231;2023-01-14;sabado;23:55:00;SP;116.0;205;ARUJA;Reação tardia ou ineficiente do condutor;Queda de ocupante de veículo;Com Vítimas Feridas;Plena Noite;Crescente;Céu Claro;Múltipla;Reta;Sim;2;0;2;0;0;0;2;1;-23.41475243;-46.36600788;SPRF-SP;DEL01-SP;UOP01-DEL01-SP;205.0;-23.41475243;-46.36600788;2023-01-14;2023;1;2023-01;23;Noite;0;0;2;5
499033;2023-01-14;sabado;00:01:00;SP;381.0;40.6;ATIBAIA;Reação tardia ou ineficiente do condutor;Capotamento;Com Vítimas Feridas;Plena Noite;Decrescente;Chuva;Dupla;Reta;Não;1;0;1;0;0;0;1;1;-23.13656166;-46.57573342;SPRF-SP;DEL03-SP;UOP01-DEL03-SP;40.6;-23.13656166;-46.57573342;2023-01-14;2023;1;2023-01;0;Madrugada;0;0;1;5
499092;2023-01-14;sabado;11:00:00;SP;116.0;120;CACAPAVA;Condutor deixou de manter distância do veículo da frente;Colisão traseira;Com Vítimas Feridas;Pleno dia;Crescente;Céu Claro;Dupla;Reta;Não;3;0;1;0;2;0;1;2;-23.0715638;-45.64459209;SPRF-SP;DEL02-SP;UOP02-DEL02-SP;120.0;-23.0715638;-45.64459209;2023-01-14;2023;1;2023-01;11;Manha;0;0;1;5
499131;2023-01-14;sabado;15:00:00;SP;116.0;42.3;CACHOEIRA PAULISTA;Demais falhas mecânicas ou elétricas;Queda de ocupante de veículo;Com Vítimas Feridas;Pleno dia;Decrescente;Sol;Dupla;Reta;Não;2;0;2;0;0;0;2;1;-22.69182132;-45.02240378;SPRF-SP;DEL08-SP;UOP02-DEL08-SP;42.3;-22.69182132;-45.02240378;2023-01-14;2023;1;2023-01;15;Tarde;0;0;2;5
499186;2023-01-14;sabado;16:50:00;SP;116.0;511;CAJATI;Velocidade Incompatível;Tombamento;Com Vítimas Feridas;Pleno dia;Crescente;Garoa/Chuvisco;Dupla;Não Informado;Não;1;0;1;0;0;0;1;1;-24.83558399;-48.2223738;SPRF-SP;DEL05-SP;UOP02-DEL05-SP;511.0;-24.83558399;-48.2223738;2023-01-14;2023;1;2023-01;16;Tarde;0;0;1;5
499035;2023-01-14;sabado;03:15:00;SP;116.0;227;GUARULHOS;Trafegar com motocicleta (ou similar) entre as faixas;Colisão traseira;Com Vítimas Feridas;Plena Noite;Decrescente;Chuva;Múltipla;Reta;Sim;2;0;1;0;1;0;1;2;-23.49659264;-46.55648754;SPRF-SP;DEL01-SP;UOP01-DEL01-SP;227.0;-23.49659264;-46.55648754;2023-01-14;2023;1;2023-01;3;Madrugada;0;0;1;5
499123;2023-01-14;sabado;13:20:00;SP;381.0;87;GUARULHOS;Ausência de reação do condutor;Colisão traseira;Com Vítimas Feridas;Pleno dia;Crescente;Sol;Dupla;Curva;Sim;3;0;1;0;2;0;1;2;-23.46885001;-46.56996601;SPRF-SP;DEL03-SP;UOP01-DEL03-SP;87.0;-23.46885001;-46.56996601;2023-01-14;2023;1;2023-01;13;Tarde;0;0;1;5
499171;2023-01-14;sabado;19:00:00;SP;116.0;159;JACAREI;Ausência de reação do condutor;Tombamento;Com Vítimas Feridas;Plena Noite;Decrescente;Nublado;Dupla;Reta;Sim;1;0;1;0;0;0;1;1;-23.26585409;-45.95983994;SPRF-SP;DEL02-SP;UOP01-DEL02-SP;159.0;-23.26585409;-45.95983994;2023-01-14;2023;1;2023-01;19;Noite;0;0;1;5
499199;2023-01-14;sabado;21:36:00;SP;116.0;322;JUQUITIBA;Ausência de reação do condutor;Colisão com objeto;Com Vítimas Feridas;Plena Noite;Decrescente;Céu Claro;Múltipla;Reta;Não;1;0;1;0;0;0;1;1;-23.935106;-47.026682;SPRF-SP;DEL04-SP;UOP03-DEL04-SP;322.0;-23.935106;-47.026682;2023-01-14;2023;1;2023-01;21;Noite;0;0;1;5
499160;2023-01-14;sabado;18:00:00;SP;116.0;148;SAO JOSE DOS CAMPOS;Chuva;Queda de ocupante de veículo;Com Vítimas Feridas;Anoitecer;Crescente;Chuva;Múltipla;Reta;Sim;1;0;1;0;0;0;1;1;-23.20067421;-45.8795018;SPRF-SP;DEL02-SP;UOP01-DEL02-SP;148.0;-23.20067421;-45.8795018;2023-01-14;2023;1;2023-01;18;Noite;0;0;1;5
499042;2023-01-14;sabado;00:10:00;SP;381.0;84;SAO PAULO;Reação tardia ou ineficiente do condutor;Colisão com objeto;Com Vítimas Feridas;Plena Noite;Crescente;Chuva;Múltipla;Não Informado;Não;2;0;1;0;0;1;1;1;-23.44890615;-46.56970382;SPRF-SP;DEL03-SP;UOP01-DEL03-SP;84.0;-23.44890615;-46.56970382;2023-01-14;2023;1;2023-01;0;Madrugada;0;0;1;5
499062;2023-01-14;sabado;07:00:00;SP;381.0;86;SAO PAULO;Acumulo de água sobre o pavimento;Colisão traseira;Com Vítimas Feridas;Pleno dia;Decrescente;Chuva;Múltipla;Reta;Sim;2;0;1;0;1;0;1;2;-23.45930499;-46.57161179;SPRF-SP;DEL03-SP;UOP01-DEL03-SP;86.0;-23.45930499;-46.57161179;2023-01-14;2023;1;2023-01;7;Manha;0;0;1;5
499115;2023-01-14;sabado;14:00:00;SP;116.0;230;SAO PAULO;Avarias e/ou desgaste excessivo no pneu;Queda de ocupante de veículo;Sem Vítimas;Pleno dia;Decrescente;Céu Claro;Múltipla;Reta;Não;1;0;0;0;1;0;0;1;-23.51421947;-46.57706989;SPRF-SP;DEL01-SP;UOP01-DEL01-SP;230.0;-23.51421947;-46.57706989;2023-01-14;2023;1;2023-01;14;Tarde;0;0;0;5
499165;2023-01-14;sabado;18:30:00;SP;381.0;85;SAO PAULO;Ausência de reação do condutor;Tombamento;Com Vítimas Feridas;Pleno dia;Crescente;Sol;Dupla;Não Informado;Sim;1;0;1;0;0;0;1;1;-23.449343;-46.56983501;SPRF-SP;DEL03-SP;UOP01-DEL03-SP;85.0;-23.449343;-46.56983501;2023-01-14;2023;1;2023-01;18;Noite;0;0;1;5
499213;2023-01-14;sabado;22:30:00;SP;381.0;86.4;SAO PAULO;Pedestre andava na pista;Atropelamento de Pedestre;Com Vítimas Feridas;Plena Noite;Crescente;Céu Claro;Múltipla;Curva;Sim;2;0;0;1;1;0;1;1;-23.468816;-46.570161;SPRF-SP;DEL03-SP;UOP01-DEL03-SP;86.4;-23.468816;-46.570161;2023-01-14;2023;1;2023-01;22;Noite;0;1;3;5
499082;2023-01-14;sabado;10:55:00;SP;116.0;115;TAUBATE;Reação tardia ou ineficiente do condutor;Engavetamento;Com Vítimas Feridas;Pleno dia;Decrescente;Céu Claro;Dupla;Reta;Não;5;0;2;0;3;0;2;3;-23.0496047;-45.59973712;SPRF-SP;DEL02-SP;UOP02-DEL02-SP;115.0;-23.0496047;-45.59973712;2023-01-14;2023;1;2023-01;10;Manha;0;0;2;5
499101;2023-01-14;sabado;12:00:00;SP;116.0;117;TAUBATE;Manobra de mudança de faixa;Colisão lateral mesmo sentido;Com Vítimas Feridas;Pleno dia;Decrescente;Céu Claro;Dupla;Reta;Não;2;0;1;0;1;0;1;2;-23.0582298;-45.6176951;SPRF-SP;DEL02-SP;UOP02-DEL02-SP;117.0;-23.0582298;-45.6176951;2023-01-14;2023;1;2023-01;12;Tarde;0;0;1;5
499110;2023-01-14;sabado;13:25:00;SP;101.0;46.1;UBATUBA;Ultrapassagem Indevida;Colisão lateral mesmo sentido;Com Vítimas Feridas;Pleno dia;Crescente;Sol;Simples;Interseção de vias;Sim;3;0;1;0;2;0;1;3;-23.42242345;-45.07301509;SPRF-SP;DEL06-SP;UOP01-DEL06-SP;46.1;-23.42242345;-45.07301509;2023-01-14;2023;1;2023-01;13;Tarde;0;0;1;5
499166;2023-01-14;sabado;19:25:00;SP;101.0;47.8;UBATUBA;Acessar a via sem observar a presença dos outros veículos;Colisão transversal;Sem Vítimas;Plena Noite;Crescente;Chuva;Dupla;Rotatória;Sim;2;0;0;0;2;0;0;2;-23.43351804;-45.08585751;SPRF-SP;DEL06-SP;UOP01-DEL06-SP;47.8;-23.43351804;-45.08585751;2023-01-14;2023;1;2023-01;19;Noite;0;0;0;5
499291;2023-01-15;domingo;09:30:00;SP;116.0;197;ARUJA;Ausência de reação do condutor;Colisão traseira;Com Vítimas Feridas;Pleno dia;Crescente;Sol;Múltipla;Não Informado;Não;3;0;1;1;1;0;2;3;-23.39721625;-46.29284287;SPRF-SP;DEL01-SP;UOP01-DEL01-SP;197.0;-23.39721625;-46.29284287;2023-01-15;2023;1;2023-01;9;Manha;0;1;4;6
499238;2023-01-15;domingo;00:05:00;SP;116.0;207;GUARULHOS;Reação tardia ou ineficiente do condutor;Saída de leito carroçável;Com Vítimas Feridas;Plena Noite;Decrescente;Céu Claro;Múltipla;Reta;Sim;2;0;1;0;0;1;1;1;-23.41972188;-46.38419203;SPRF-SP;DEL01-SP;UOP01-DEL01-SP;207.0;-23.41972188;-46.38419203;2023-01-15;2023;1;2023-01;0;Madrugada;0;0;1;6
499251;2023-01-15;domingo;02:54:00;SP;116.0;288;ITAPECERICA DA SERRA;Transitar na contramão;Colisão frontal;Com Vítimas Feridas;Pleno dia;Crescente;Céu Claro;Simples;Não Informado;Não;4;0;2;0;2;0;2;2;-23.71938355;-46.8847239;SPRF-SP;DEL04-SP;UOP01-DEL04-SP;288.0;-23.71938355;-46.8847239;2023-01-15;2023;1;2023-01;2;Madrugada;0;0;2;6
499254;2023-01-15;domingo;03:00:00;SP;116.0;408;JUQUIA;Avarias e/ou desgaste excessivo no pneu;Tombamento;Com Vítimas Feridas;Plena Noite;Crescente;Céu Claro;Dupla;Reta;Não;2;0;1;0;1;0;1;1;-24.32873462;-47.57541707;SPRF-SP;DEL05-SP;UOP01-DEL05-SP;408.0;-24.32873462;-47.57541707;2023-01-15;2023;1;2023-01;3;Madrugada;0;0;1;6
499360;2023-01-15;domingo;16:10:00;SP;116.0;322.8;JUQUITIBA;Ingestão de álcool pelo condutor;Saída de leito carroçável;Com Vítimas Feridas;Pleno dia;Crescente;Nublado;Dupla;Reta;Não;2;0;0;1;1;0;1;2;-23.935106;-47.026682;SPRF-SP;DEL04-SP;UOP03-DEL04-SP;322.8;-23.935106;-47.026682;2023-01-15;2023;1;2023-01;16;Tarde;0;1;3;6
513760;2023-01-15;domingo;01:50:00;SP;116.0;320;JUQUITIBA;Acessar a via sem observar a presença dos outros veículos;Colisão traseira;Com Vítimas Feridas;Plena Noite;Decrescente;Céu Claro;Múltipla;Curva;Não;3;0;1;0;2;0;1;2;-23.93226;-47.00835;SPRF-SP;DEL04-SP;UOP03-DEL04-SP;320.0;-23.93226;-47.00835;2023-01-15;2023;1;2023-01;1;Madrugada;0;0;1;6
499352;2023-01-15;domingo;15:15:00;SP;116.0;97;PINDAMONHANGABA;Manobra de mudança de faixa;Colisão traseira;Com Vítimas Feridas;Pleno dia;Crescente;Sol;Dupla;Não Informado;Não;2;0;1;0;1;0;1;2;-22.97375666;-45.44726115;SPRF-SP;DEL08-SP;UOP01-DEL08-SP;97.0;-22.97375666;-45.44726115;2023-01-15;2023;1;2023-01;15;Tarde;0;0;1;6
499287;2023-01-15;domingo;09:00:00;SP;116.0;441;REGISTRO;Animais na Pista;Atropelamento de Animal;Sem Vítimas;Pleno dia;Decrescente;Céu Claro;Dupla;Reta;Não;1;0;0;0;1;0;0;1;-24.4688528;-47.82223728;SPRF-SP;DEL05-SP;UOP01-DEL05-SP;441.0;-24.4688528;-47.82223728;2023-01-15;2023;1;2023-01;9;Manha;0;0;0;6
499394;2023-01-15;domingo;20:00:00;SP;116.0;187;SANTA ISABEL;Reação tardia ou ineficiente do condutor;Colisão lateral mesmo sentido;Com Vítimas Feridas;Plena Noite;Crescente;Nublado;Dupla;Reta;Sim;4;0;1;0;3;0;1;3;-23.35713072;-46.20737811;SPRF-SP;DEL01-SP;UOP01-DEL01-SP;187.0;-23.35713072;-46.20737811;2023-01-15;2023;1;2023-01;20;Noite;0;0;1;6
499434;2023-01-15;domingo;23:12:00;SP;153.0;65.5;SAO JOSE DO RIO PRETO;Ingestão de álcool pelo condutor;Colisão com objeto;Com Vítimas Feridas;Plena Noite;Crescente;Céu Claro;Dupla;Reta;Sim;3;0;3;0;0;0;3;1;-20.8355877;-49.36570039;SPRF-SP;DEL09-SP;UOP01-DEL09-SP;65.5;-20.8355877;-49.36570039;2023-01-15;2023;1;2023-01;23;Noite;0;0;3;6
499239;2023-01-15;domingo;00:00:00;SP;116.0;145;SAO JOSE DOS CAMPOS;Reação tardia ou ineficiente do condutor;Tombamento;Com Vítimas Feridas;Plena Noite;Crescente;Garoa/Chuvisco;Dupla;Não Informado;Sim;1;0;0;1;0;0;1;1;-23.1869844;-45.8548078;SPRF-SP;DEL02-SP;UOP01-DEL02-SP;145.0;-23.1869844;-45.8548078;2023-01-15;2023;1;2023-01;0;Madrugada;0;1;3;6
499424;2023-01-15;domingo;22:20:00;SP;116.0;145;SAO JOSE DOS CAMPOS;Acumulo de areia ou detritos sobre o pavimento;Colisão com objeto;Com Vítimas Feridas;Plena Noite;Decrescente;Nublado;Dupla;Reta;Sim;1;0;1;0;0;0;1;1;-23.1869844;-45.8548078;SPRF-SP;DEL02-SP;UOP01-DEL02-SP;145.0;-23.1869844;-45.8548078;2023-01-15;2023;1;2023-01;22;Noite;0;0;1;6
499354;2023-01-15;domingo;15:52:00;SP;381.0;83;SAO PAULO;Condutor deixou de manter distância do veículo da frente;Colisão traseira;Sem Vítimas;Pleno dia;Decrescente;Chuva;Múltipla;Reta;Não;2;0;0;0;2;0;0;2;-23.4309671;-46.56998022;SPRF-SP;DEL03-SP;UOP01-DEL03-SP;83.0;-23.4309671;-46.56998022;2023-01-15;2023;1;2023-01;15;Tarde;0;0;0;6
499368;2023-01-15;domingo;17:30:00;SP;381.0;83;SAO PAULO;Avarias e/ou desgaste excessivo no pneu;Colisão traseira;Com Vítimas Feridas;Anoitecer;Crescente;Chuva;Simples;Reta;Sim;3;0;0;1;2;0;1;2;-23.436817;-46.56825006;SPRF-SP;DEL03-SP;UOP01-DEL03-SP;83.0;-23.436817;-46.56825006;2023-01-15;2023;1;2023-01;17;Tarde;0;1;3;6
499419;2023-01-15;domingo;22:00:00;SP;116.0;230;SAO PAULO;Reação tardia ou ineficiente do condutor;Colisão traseira;Com Vítimas Feridas;Plena Noite;Crescente;Garoa/Chuvisco;Múltipla;Reta;Sim;3;0;1;0;1;1;1;2;-23.52251783;-46.5855702;SPRF-SP;DEL01-SP;UOP01-DEL01-SP;230.0;-23.52251783;-46.5855702;2023-01-15;2023;1;2023-01;22;Noite;0;0;1;6
499385;2023-01-15;domingo;17:59:00;SP;116.0;271;TABOAO DA SERRA;Ausência de reação do condutor;Colisão com objeto;Com Vítimas Feridas;Plena Noite;Crescente;Nublado;Múltipla;Reta;Sim;6;0;1;0;5;0;1;2;-23.61809286;-46.80556302;SPRF-SP;DEL04-SP;UOP01-DEL04-SP;271.0;-23.61809286;-46.80556302;2023-01-15;2023;1;2023-01;17;Tarde;0;0;1;6
499272;2023-01-15;domingo;05:10:00;SP;116.0;108;TAUBATE;Reação tardia ou ineficiente do condutor;Tombamento;Sem Vítimas;Pleno dia;Decrescente;Céu Claro;Simples;Curva;Não;1;0;0;0;0;1;0;1;-23.0233097;-45.53763622;SPRF-SP;DEL02-SP;UOP02-DEL02-SP;108.0;-23.0233097;-45.53763622;2023-01-15;2023;1;2023-01;5;Madrugada;0;0;0;6
499373;2023-01-15;domingo;17:20:00;SP;116.0;105;TAUBATE;Ausência de reação do condutor;Colisão lateral mesmo sentido;Com Vítimas Feridas;Pleno dia;Crescente;Nublado;Dupla;Reta;Sim;3;0;2;0;1;0;2;2;-23.00757973;-45.51466613;SPRF-SP;DEL02-SP;UOP02-DEL02-SP;105.0;-23.00757973;-45.51466613;2023-01-15;2023;1;2023-01;17;Tarde;0;0;2;6
499418;2023-01-15;domingo;21:51:00;SP;101.0;45.7;UBATUBA;Acessar a via sem observar a presença dos outros veículos;Colisão transversal;Com Vítimas Feridas;Plena Noite;Crescente;Céu Claro;Simples;Reta;Sim;2;0;1;1;0;0;2;2;-23.41779396;-45.06788408;SPRF-SP;DEL06-SP;UOP01-DEL06-SP;45.7;-23.41779396;-45.06788408;2023-01-15;2023;1;2023-01;21;Noite;0;1;4;6
500945;2023-01-16;segunda-feira;22:30:00;SP;116.0;32;CRUZEIRO;Problema com o freio;Incêndio;Sem Vítimas;Plena Noite;Crescente;Céu Claro;Múltipla;Reta;Não;1;0;0;0;1;0;0;1;-22.6422031;-44.94731891;SPRF-SP;DEL08-SP;UOP02-DEL08-SP;32.0;-22.6422031;-44.94731891;2023-01-16;2023;1;2023-01;22;Noite;0;0;0;0
499578;2023-01-16;segunda-feira;17:00:00;SP;381.0;88;GUARULHOS;Manobra de mudança de faixa;Colisão lateral mesmo sentido;Com Vítimas Feridas;Pleno dia;Decrescente;Nublado;Múltipla;Reta;Sim;2;0;1;0;1;0;1;2;-23.47469314;-46.56112919;SPRF-SP;DEL03-SP;UOP01-DEL03-SP;88.0;-23.47469314;-46.56112919;2023-01-16;2023;1;2023-01;17;Tarde;0;0;1;0
499585;2023-01-16;segunda-feira;17:34:00;SP;116.0;224;GUARULHOS;Manobra de mudança de faixa;Colisão transversal;Com Vítimas Feridas;Pleno dia;Decrescente;Céu Claro;Múltipla;Reta;Sim;5;0;3;0;2;0;3;3;-23.48071896;-46.53271603;SPRF-SP;DEL01-SP;UOP01-DEL01-SP;224.0;-23.48071896;-46.53271603;2023-01-16;2023;1;2023-01;17;Tarde;0;0;3;0
499590;2023-01-16;segunda-feira;18:27:00;SP;116.0;230;GUARULHOS;Reação tardia ou ineficiente do condutor;Colisão lateral mesmo sentido;Sem Vítimas;Anoitecer;Decrescente;Céu Claro;Múltipla;Reta;Não;3;0;0;0;3;0;0;2;-23.52251783;-46.5855702;SPRF-SP;DEL01-SP;UOP01-DEL01-SP;230.0;-23.52251783;-46.5855702;2023-01-16;2023;1;2023-01;18;Noite;0;0;0;0
519754;2023-01-16;segunda-feira;14:00:00;SP;116.0;161;JACAREI;Objeto estático sobre o leito carroçável;Tombamento;Com Vítimas Feridas;Pleno dia;Crescente;Céu Claro;Dupla;Reta;Não;1;0;1;0;0;0;1;1;-23.27617003;-45.97592098;SPRF-SP;DEL02-SP;UOP01-DEL02-SP;161.0;-23.27617003;-45.97592098;2023-01-16;2023;1;2023-01;14;Tarde;0;0;1;0
499490;2023-01-16;segunda-feira;07:20:00;SP;116.0;354;MIRACATU;Ausência de reação do condutor;Colisão traseira;Sem Vítimas;Pleno dia;Decrescente;Céu Claro;Dupla;Reta;Não;2;0;0;0;1;1;0;2;-24.07491092;-47.24973213;SPRF-SP;DEL04-SP;UOP03-DEL04-SP;354.0;-24.07491092;-47.24973213;2023-01-16;2023;1;2023-01;7;Manha;0;0;0;0
499476;2023-01-16;segunda-feira;06:45:00;SP;116.0;80.9;ROSEIRA;Reação tardia ou ineficiente do condutor;Queda de ocupante de veículo;Com Vítimas Feridas;Pleno dia;Crescente;Céu Claro;Simples;Curva;Não;1;0;1;0;0;0;1;1;-22.89958454;-45.30245564;SPRF-SP;DEL08-SP;UOP01-DEL08-SP;80.9;-22.89958454;-45.30245564;2023-01-16;2023;1;2023-01;6;Manha;0;0;1;0
499569;2023-01-16;segunda-feira;16:15:00;SP;153.0;57;SAO JOSE DO RIO PRETO;Chuva;Saída de leito carroçável;Com Vítimas Feridas;Pleno dia;Crescente;Chuva;Dupla;Não Informado;Não;1;0;1;0;0;0;1;1;-20.76991095;-49.34982212;SPRF-SP;DEL09-SP;UOP01-DEL09-SP;57.0;-20.76991095;-49.34982212;2023-01-16;2023;1;2023-01;16;Tarde;0;0;1;0
499621;2023-01-16;segunda-feira;21:20:00;SP;116.0;152;SAO JOSE DOS CAMPOS;Avarias e/ou desgaste excessivo no pneu;Tombamento;Com Vítimas Feridas;Plena Noite;Crescente;Céu Claro;Dupla;Reta;Não;2;0;2;0;0;0;2;1;-23.22620401;-45.90682999;SPRF-SP;DEL02-SP;UOP01-DEL02-SP;152.0;-23.22620401;-45.90682999;2023-01-16;2023;1;2023-01;21;Noite;0;0;2;0
500071;2023-01-16;segunda-feira;21:45:00;SP;116.0;227;SAO PAULO;Manobra de mudança de faixa;Colisão transversal;Com Vítimas Feridas;Plena Noite;Decrescente;Céu Claro;Múltipla;Não Informado;Sim;2;0;1;0;1;0;1;2;-23.50217447;-46.56452179;SPRF-SP;DEL01-SP;UOP01-DEL01-SP;227.0;-23.50217447;-46.56452179;2023-01-16;2023;1;2023-01;21;Noite;0;0;1;0
499808;2023-01-17;terca-feira;22:35:00;SP;116.0;129.4;CACAPAVA;Reação tardia ou ineficiente do condutor;Colisão traseira;Com Vítimas Feridas;Plena Noite;Decrescente;Céu Claro;Dupla;Reta;Sim;2;0;1;0;1;0;1;2;-23.11885593;-45.71948203;SPRF-SP;DEL02-SP;UOP02-DEL02-SP;129.4;-23.11885593;-45.71948203;2023-01-17;2023;1;2023-01;22;Noite;0;0;1;1
499795;2023-01-17;terca-feira;21:07:00;SP;116.0;315.8;JUQUITIBA;Conversão proibida;Colisão transversal;Com Vítimas Feridas;Plena Noite;Decrescente;Nublado;Dupla;Reta;Não;2;0;0;1;1;0;1;2;-23.90251888;-46.99049317;SPRF-SP;DEL04-SP;UOP03-DEL04-SP;315.8;-23.90251888;-46.99049317;2023-01-17;2023;1;2023-01;21;Noite;0;1;3;1
499676;2023-01-17;terca-feira;08:45:00;SP;116.0;450;REGISTRO;Demais falhas mecânicas ou elétricas;Queda de ocupante de veículo;Com Vítimas Feridas;Pleno dia;Decrescente;Céu Claro;Simples;Curva;Não;1;0;0;1;0;0;1;1;-24.53728295;-47.85899314;SPRF-SP;DEL05-SP;UOP01-DEL05-SP;450.0;-24.53728295;-47.85899314;2023-01-17;2023;1;2023-01;8;Manha;0;1;3;1
499736;2023-01-17;terca-feira;15:30:00;SP;153.0;68.5;SAO JOSE DO RIO PRETO;Reação tardia ou ineficiente do condutor;Colisão traseira;Com Vítimas Feridas;Pleno dia;Crescente;Céu Claro;Dupla;Curva;Sim;3;0;0;1;2;0;1;2;-20.8505829;-49.383795;SPRF-SP;DEL09-SP;UOP01-DEL09-SP;68.5;-20.8505829;-49.383795;2023-01-17;2023;1;2023-01;15;Tarde;0;1;3;1
499809;2023-01-17;terca-feira;21:40:00;SP;116.0;312;SAO LOURENCO DA SERRA;Ausência de reação do condutor;Colisão traseira;Sem Vítimas;Plena Noite;Crescente;Céu Claro;Dupla;Reta;Não;2;0;0;0;2;0;0;2;-23.88342825;-46.97368879;SPRF-SP;DEL04-SP;UOP01-DEL04-SP;312.0;-23.88342825;-46.97368879;2023-01-17;2023;1;2023-01;21;Noite;0;0;0;1
499776;2023-01-17;terca-feira;17:40:00;SP;116.0;26.5;SILVEIRAS;Reação tardia ou ineficiente do condutor;Colisão com objeto;Com Vítimas Feridas;Pleno dia;Crescente;Chuva;Dupla;Reta;Não;1;0;1;0;0;0;1;1;-22.61419397;-44.90005302;SPRF-SP;DEL08-SP;UOP02-DEL08-SP;26.5;-22.61419397;-44.90005302;2023-01-17;2023;1;2023-01;17;Tarde;0;0;1;1
499816;2023-01-17;terca-feira;23:00:00;SP;116.0;274;TABOAO DA SERRA;Reação tardia ou ineficiente do condutor;Colisão traseira;Com Vítimas Feridas;Plena Noite;Decrescente;Céu Claro;Dupla;Reta;Sim;3;0;2;0;1;0;2;2;-23.63445084;-46.82418514;SPRF-SP;DEL04-SP;UOP01-DEL04-SP;274.0;-23.63445084;-46.82418514;2023-01-17;2023;1;2023-01;23;Noite;0;0;2;1
499765;2023-01-17;terca-feira;18:05:00;SP;116.0;112.1;TAUBATE;Acessar a via sem observar a presença dos outros veículos;Colisão transversal;Com Vítimas Feridas;Anoitecer;Crescente;Nublado;Dupla;Reta;Sim;2;0;1;1;0;0;2;2;-23.04159343;-45.57065616;SPRF-SP;DEL02-SP;UOP02-DEL02-SP;112.1;-23.04159343;-45.57065616;2023-01-17;2023;1;2023-01;18;Noite;0;1;4;1
499750;2023-01-17;terca-feira;13:30:00;SP;101.0;47;UBATUBA;Reação tardia ou ineficiente do condutor;Queda de ocupante de veículo;Com Vítimas Feridas;Pleno dia;Decrescente;Céu Claro;Simples;Rotatória;Sim;1;0;1;0;0;0;1;1;-23.429897;-45.082436;SPRF-SP;DEL06-SP;UOP01-DEL06-SP;47.0;-23.429897;-45.082436;2023-01-17;2023;1;2023-01;13;Tarde;0;0;1;1
500009;2023-01-18;quarta-feira;17:50:00;SP;381.0;33;ATIBAIA;Condutor deixou de manter distância do veículo da frente;Colisão traseira;Com Vítimas Feridas;Plena Noite;Decrescente;Chuva;Múltipla;Reta;Não;2;0;1;0;1;0;1;2;-23.0728028;-46.56673562;SPRF-SP;DEL03-SP;UOP02-DEL03-SP;33.0;-23.0728028;-46.56673562;2023-01-18;2023;1;2023-01;17;Tarde;0;0;1;2
499869;2023-01-18;quarta-feira;08:05:00;SP;116.0;418.3;JUQUIA;Avarias e/ou desgaste excessivo no pneu;Saída de leito carroçável;Com Vítimas Feridas;Pleno dia;Decrescente;Céu Claro;Dupla;Reta;Não;2;0;1;0;1;0;1;1;-24.353607;-47.659347;SPRF-SP;DEL05-SP;UOP01-DEL05-SP;418.3;-24.353607;-47.659347;2023-01-18;2023;1;2023-01;8;Manha;0;0;1;2
499833;2023-01-18;quarta-feira;06:00:00;SP;381.0;69.4;MAIRIPORA;Reação tardia ou ineficiente do condutor;Capotamento;Com Vítimas Feridas;Pleno dia;Crescente;Chuva;Dupla;Curva;Não;3;0;3;0;0;0;3;1;-23.349129;-46.560956;SPRF-SP;DEL03-SP;UOP01-DEL03-SP;69.4;-23.349129;-46.560956;2023-01-18;2023;1;2023-01;6;Manha;0;0;3;2
499853;2023-01-18;quarta-feira;07:15:00;SP;116.0;398;MIRACATU;Reação tardia ou ineficiente do condutor;Capotamento;Com Vítimas Feridas;Pleno dia;Crescente;Céu Claro;Dupla;Reta;Não;3;0;2;1;0;0;3;1;-24.30085222;-47.48456072;SPRF-SP;DEL04-SP;UOP02-DEL04-SP;398.0;-24.30085222;-47.48456072;2023-01-18;2023;1;2023-01;7;Manha;0;1;5;2
499840;2023-01-18;quarta-feira;07:00:00;SP;116.0;435;REGISTRO;Falta de elemento de contenção que evite a saída do leito carroçável;Saída de leito carroçável;Com Vítimas Feridas;Pleno dia;Crescente;Céu Claro;Dupla;Reta;Não;1;0;1;0;0;0;1;1;-24.42978592;-47.78559107;SPRF-SP;DEL05-SP;UOP01-DEL05-SP;435.0;-24.42978592;-47.78559107;2023-01-18;2023;1;2023-01;7;Manha;0;0;1;2
505086;2023-01-18;quarta-feira;01:30:00;SP;116.0;140;SAO JOSE DOS CAMPOS;Objeto estático sobre o leito carroçável;Colisão com objeto;Com Vítimas Feridas;Plena Noite;Decrescente;Nublado;Dupla;Reta;Não;2;0;1;0;0;1;1;1;-23.16577714;-45.81246193;SPRF-SP;DEL02-SP;UOP01-DEL02-SP;140.0;-23.16577714;-45.81246193;2023-01-18;2023;1;2023-01;1;Madrugada;0;0;1;2
500133;2023-01-19;quinta-feira;14:50:00;SP;116.0;561;BARRA DO TURVO;Reação tardia ou ineficiente do condutor;Tombamento;Com Vítimas Feridas;Pleno dia;Crescente;Céu Claro;Dupla;Não Informado;Não;2;0;1;1;0;0;2;1;-25.02487301;-48.52000237;SPRF-SP;DEL05-SP;UOP02-DEL05-SP;561.0;-25.02487301;-48.52000237;2023-01-19;2023;1;2023-01;14;Tarde;0;1;4;3
499985;2023-01-19;quinta-feira;00:40:00;SP;116.0;507;CAJATI;Ausência de reação do condutor;Saída de leito carroçável;Com Vítimas Fatais;Plena Noite;Decrescente;Chuva;Simples;Não Informado;Não;1;1;0;0;0;0;0;1;-24.805288;-48.214966;SPRF-SP;DEL05-SP;UOP02-DEL05-SP;507.0;-24.805288;-48.214966;2023-01-19;2023;1;2023-01;0;Madrugada;1;1;5;3
500174;2023-01-19;quinta-feira;20:15:00;SP;116.0;516;CAJATI;Reação tardia ou ineficiente do condutor;Capotamento;Com Vítimas Feridas;Plena Noite;Decrescente;Chuva;Simples;Não Informado;Não;3;0;1;0;2;0;1;1;-24.87423036;-48.2190838;SPRF-SP;DEL05-SP;UOP02-DEL05-SP;516.0;-24.87423036;-48.2190838;2023-01-19;2023;1;2023-01;20;Noite;0;0;1;3
500128;2023-01-19;quinta-feira;19:20:00;SP;116.0;279;EMBU DAS ARTES;Condutor deixou de manter distância do veículo da frente;Colisão traseira;Com Vítimas Feridas;Plena Noite;Crescente;Céu Claro;Dupla;Reta;Não;2;0;1;0;1;0;1;2;-23.66233697;-46.85292907;SPRF-SP;DEL04-SP;UOP01-DEL04-SP;279.0;-23.66233697;-46.85292907;2023-01-19;2023;1;2023-01;19;Noite;0;0;1;3
500112;2023-01-19;quinta-feira;18:25:00;SP;116.0;219;GUARULHOS;Condutor deixou de manter distância do veículo da frente;Colisão traseira;Com Vítimas Feridas;Pleno dia;Decrescente;Garoa/Chuvisco;Múltipla;Não Informado;Sim;3;0;1;0;2;0;1;2;-23.46143954;-46.48885316;SPRF-SP;DEL01-SP;UOP01-DEL01-SP;219.0;-23.46143954;-46.48885316;2023-01-19;2023;1;2023-01;18;Noite;0;0;1;3
500016;2023-01-19;quinta-feira;08:00:00;SP;116.0;160;JACAREI;Trafegar com motocicleta (ou similar) entre as faixas;Colisão traseira;Com Vítimas Feridas;Pleno dia;Decrescente;Céu Claro;Dupla;Reta;Não;2;0;1;0;1;0;1;2;-23.27101606;-45.96787896;SPRF-SP;DEL02-SP;UOP01-DEL02-SP;160.0;-23.27101606;-45.96787896;2023-01-19;2023;1;2023-01;8;Manha;0;0;1;3
500129;2023-01-19;quinta-feira;20:30:00;SP;116.0;377;MIRACATU;Ausência de reação do condutor;Colisão traseira;Com Vítimas Feridas;Plena Noite;Decrescente;Céu Claro;Dupla;Curva;Não;6;0;2;1;3;0;3;2;-24.19592033;-47.36368081;SPRF-SP;DEL04-SP;UOP02-DEL04-SP;377.0;-24.19592033;-47.36368081;2023-01-19;2023;1;2023-01;20;Noite;0;1;5;3
500095;2023-01-19;quinta-feira;15:50:00;SP;116.0;458;REGISTRO;Manobra de mudança de faixa;Colisão com objeto;Com Vítimas Feridas;Pleno dia;Decrescente;Céu Claro;Dupla;Não Informado;Não;3;0;2;0;1;0;2;2;-24.5958452;-47.8771454;SPRF-SP;DEL05-SP;UOP01-DEL05-SP;458.0;-24.5958452;-47.8771454;2023-01-19;2023;1;2023-01;15;Tarde;0;0;2;3
500022;2023-01-19;quinta-feira;08:05:00;SP;153.0;64.9;SAO JOSE DO RIO PRETO;Demais falhas na via;Tombamento;Com Vítimas Feridas;Pleno dia;Decrescente;Nublado;Simples;Não Informado;Sim;1;0;1;0;0;0;1;1;-20.82919401;-49.36046325;SPRF-SP;DEL09-SP;UOP01-DEL09-SP;64.9;-20.82919401;-49.36046325;2023-01-19;2023;1;2023-01;8;Manha;0;0;1;3
499989;2023-01-19;quinta-feira;02:30:00;SP;116.0;230.5;SAO PAULO;Acessar a via sem observar a presença dos outros veículos;Colisão lateral mesmo sentido;Com Vítimas Feridas;Plena Noite;Crescente;Ignorado;Múltipla;Reta;Sim;3;0;3;0;0;0;3;2;-23.52251783;-46.5855702;SPRF-SP;DEL01-SP;UOP01-DEL01-SP;230.5;-23.52251783;-46.5855702;2023-01-19;2023;1;2023-01;2;Madrugada;0;0;3;3
500093;2023-01-19;quinta-feira;15:38:00;SP;381.0;75.9;SAO PAULO;Velocidade Incompatível;Colisão com objeto;Com Vítimas Feridas;Pleno dia;Crescente;Chuva;Múltipla;Não Informado;Não;2;0;1;1;0;0;2;1;-23.37660089;-46.56409613;SPRF-SP;DEL03-SP;UOP01-DEL03-SP;75.9;-23.37660089;-46.56409613;2023-01-19;2023;1;2023-01;15;Tarde;0;1;4;3
500036;2023-01-19;quinta-feira;08:15:00;SP;116.0;112;TAUBATE;Manobra de mudança de faixa;Colisão lateral mesmo sentido;Com Vítimas Feridas;Pleno dia;Crescente;Céu Claro;Dupla;Reta;Sim;1;0;1;0;0;0;1;1;-23.04159343;-45.57065616;SPRF-SP;DEL02-SP;UOP02-DEL02-SP;112.0;-23.04159343;-45.57065616;2023-01-19;2023;1;2023-01;8;Manha;0;0;1;3
500493;2023-01-20;sexta-feira;19:50:00;SP;153.0;79;BADY BASSITT;Pedestre andava na pista;Atropelamento de Pedestre;Com Vítimas Fatais;Plena Noite;Crescente;Garoa/Chuvisco;Dupla;Desvio Temporário;Não;3;1;0;0;1;1;0;2;-20.90672129;-49.4709489;SPRF-SP;DEL09-SP;UOP01-DEL09-SP;79.0;-20.90672129;-49.4709489;2023-01-20;2023;1;2023-01;19;Noite;1;1;5;4
500561;2023-01-20;sexta-feira;20:00:00;SP;116.0;561;BARRA DO TURVO;Reação tardia ou ineficiente do condutor;Capotamento;Sem Vítimas;Pleno dia;Decrescente;Garoa/Chuvisco;Dupla;Curva;Não;1;0;0;0;0;1;0;1;-25.02045097;-48.51586004;SPRF-SP;DEL05-SP;UOP02-DEL05-SP;561.0;-25.02045097;-48.51586004;2023-01-20;2023;1;2023-01;20;Noite;0;0;0;4
500222;2023-01-20;sexta-feira;10:00:00;SP;116.0;217;GUARULHOS;Manobra de mudança de faixa;Colisão lateral mesmo sentido;Sem Vítimas;Pleno dia;Crescente;Céu Claro;Múltipla;Reta;Não;2;0;0;0;2;0;0;2;-23.45465572;-46.47254212;SPRF-SP;DEL01-SP;UOP01-DEL01-SP;217.0;-23.45465572;-46.47254212;2023-01-20;2023;1;2023-01;10;Manha;0;0;0;4
501811;2023-01-20;sexta-feira;19:20:00;SP;116.0;25.8;LAVRINHAS;Ausência de reação do condutor;Colisão traseira;Com Vítimas Feridas;Plena Noite;Crescente;Garoa/Chuvisco;Múltipla;Reta;Não;4;0;2;0;2;0;2;2;-22.60592606;-44.89504495;SPRF-SP;DEL08-SP;UOP02-DEL08-SP;25.8;-22.60592606;-44.89504495;2023-01-20;2023;1;2023-01;19;Noite;0;0;2;4
500822;2023-01-20;sexta-feira;23:30:00;SP;116.0;54;LORENA;Reação tardia ou ineficiente do condutor;Saída de leito carroçável;Com Vítimas Feridas;Plena Noite;Crescente;Céu Claro;Múltipla;Reta;Não;3;0;0;1;0;2;1;1;-22.76037278;-45.11863947;SPRF-SP;DEL08-SP;UOP02-DEL08-SP;54.0;-22.76037278;-45.11863947;2023-01-20;2023;1;2023-01;23;Noite;0;1;3;4
500200;2023-01-20;sexta-feira;07:50:00;SP;153.0;73;SAO JOSE DO RIO PRETO;Reação tardia ou ineficiente do condutor;Colisão traseira;Com Vítimas Feridas;Pleno dia;Decrescente;Céu Claro;Dupla;Reta;Não;3;0;2;0;0;1;2;2;-20.87627206;-49.42004692;SPRF-SP;DEL09-SP;UOP01-DEL09-SP;73.0;-20.87627206;-49.42004692;2023-01-20;2023;1;2023-01;7;Manha;0;0;2;4
500824;2023-01-20;sexta-feira;18:13:00;SP;116.0;148;SAO JOSE DOS CAMPOS;Condutor deixou de manter distância do veículo da frente;Colisão traseira;Com Vítimas Feridas;Anoitecer;Decrescente;Nublado;Dupla;Reta;Não;4;0;2;0;1;1;2;2;-23.199616;-45.877927;SPRF-SP;DEL02-SP;UOP01-DEL02-SP;148.0;-23.199616;-45.877927;2023-01-20;2023;1;2023-01;18;Noite;0;0;2;4
500949;2023-01-20;sexta-feira;18:10:00;SP;116.0;148.2;SAO JOSE DOS CAMPOS;Trafegar com motocicleta (ou similar) entre as faixas;Colisão lateral mesmo sentido;Com Vítimas Feridas;Anoitecer;Decrescente;Nublado;Dupla;Não Informado;Sim;4;0;1;0;3;0;1;3;-23.20067421;-45.8795018;SPRF-SP;DEL02-SP;UOP01-DEL02-SP;148.2;-23.20067421;-45.8795018;2023-01-20;2023;1;2023-01;18;Noite;0;0;1;4
500180;2023-01-20;sexta-feira;03:30:00;SP;116.0;229;SAO PAULO;Pedestre cruzava a pista fora da faixa;Atropelamento de Pedestre;Com Vítimas Fatais;Plena Noite;Decrescente;Vento;Dupla;Reta;Sim;3;1;1;0;1;0;1;1;-23.51291902;-46.57604698;SPRF-SP;DEL01-SP;UOP01-DEL01-SP;229.0;-23.51291902;-46.57604698;2023-01-20;2023;1;2023-01;3;Madrugada;1;1;6;4
500997;2023-01-21;sabado;14:10:00;SP;381.0;37;ATIBAIA;Pedestre cruzava a pista fora da faixa;Atropelamento de Pedestre;Com Vítimas Fatais;Pleno dia;Crescente;Céu Claro;Múltipla;Reta;Não;4;1;0;0;3;0;0;1;-23.10506237;-46.56881577;SPRF-SP;DEL03-SP;UOP01-DEL03-SP;37.0;-23.10506237;-46.56881577;2023-01-21;2023;1;2023-01;14;Tarde;1;1;5;5
500904;2023-01-21;sabado;12:00:00;SP;116.0;555;BARRA DO TURVO;Ingestão de álcool pelo condutor;Tombamento;Com Vítimas Feridas;Pleno dia;Crescente;Céu Claro;Múltipla;Curva;Não;1;0;1;0;0;0;1;1;-24.97447301;-48.504597;SPRF-SP;DEL05-SP;UOP02-DEL05-SP;555.0;-24.97447301;-48.504597;2023-01-21;2023;1;2023-01;12;Tarde;0;0;1;5
501052;2023-01-21;sabado;14:30:00;SP;116.0;229;GUARULHOS;Reação tardia ou ineficiente do condutor;Colisão traseira;Sem Vítimas;Pleno dia;Decrescente;Céu Claro;Simples;Reta;Não;5;0;0;0;5;0;0;2;-23.51291902;-46.57604698;SPRF-SP;DEL01-SP;UOP01-DEL01-SP;229.0;-23.51291902;-46.57604698;2023-01-21;2023;1;2023-01;14;Tarde;0;0;0;5
501119;2023-01-21;sabado;18:35:00;SP;116.0;212;GUARULHOS;Velocidade Incompatível;Colisão transversal;Com Vítimas Feridas;Anoitecer;Crescente;Céu Claro;Múltipla;Interseção de vias;Sim;5;0;3;0;2;0;3;2;-23.43608315;-46.42805094;SPRF-SP;DEL01-SP;UOP01-DEL01-SP;212.0;-23.43608315;-46.42805094;2023-01-21;2023;1;2023-01;18;Noite;0;0;3;5
501276;2023-01-21;sabado;10:30:00;SP;116.0;166;JACAREI;Reação tardia ou ineficiente do condutor;Queda de ocupante de veículo;Com Vítimas Feridas;Pleno dia;Decrescente;Céu Claro;Dupla;Reta;Sim;1;0;1;0;0;0;1;1;-23.30055667;-46.01686506;SPRF-SP;DEL02-SP;UOP01-DEL02-SP;166.0;-23.30055667;-46.01686506;2023-01-21;2023;1;2023-01;10;Manha;0;0;1;5
501042;2023-01-21;sabado;14:15:00;SP;116.0;385;MIRACATU;Velocidade Incompatível;Queda de ocupante de veículo;Com Vítimas Feridas;Pleno dia;Crescente;Sol;Dupla;Curva;Não;1;0;1;0;0;0;1;1;-24.25403017;-47.37599945;SPRF-SP;DEL04-SP;UOP02-DEL04-SP;385.0;-24.25403017;-47.37599945;2023-01-21;2023;1;2023-01;14;Tarde;0;0;1;5
500946;2023-01-21;sabado;10:15:00;SP;153.0;65;SAO JOSE DO RIO PRETO;Reação tardia ou ineficiente do condutor;Saída de leito carroçável;Com Vítimas Feridas;Pleno dia;Crescente;Nublado;Dupla;Retorno Regulamentado;Sim;2;0;2;0;0;0;2;1;-20.8355877;-49.36570039;SPRF-SP;DEL09-SP;UOP01-DEL09-SP;65.0;-20.8355877;-49.36570039;2023-01-21;2023;1;2023-01;10;Manha;0;0;2;5
500947;2023-01-21;sabado;15:10:00;SP;153.0;72;SAO JOSE DO RIO PRETO;Condutor deixou de manter distância do veículo da frente;Colisão traseira;Sem Vítimas;Pleno dia;Decrescente;Garoa/Chuvisco;Dupla;Não Informado;Não;2;0;0;0;2;0;0;2;-20.86715501;-49.41334398;SPRF-SP;DEL09-SP;UOP01-DEL09-SP;72.0;-20.86715501;-49.41334398;2023-01-21;2023;1;2023-01;15;Tarde;0;0;0;5
500995;2023-01-21;sabado;15:41:00;SP;116.0;153;SAO JOSE DOS CAMPOS;Acessar a via sem observar a presença dos outros veículos;Queda de ocupante de veículo;Com Vítimas Feridas;Pleno dia;Decrescente;Céu Claro;Múltipla;Interseção de vias;Sim;1;0;1;0;0;0;1;1;-23.23262274;-45.91372624;SPRF-SP;DEL02-SP;UOP01-DEL02-SP;153.0;-23.23262274;-45.91372624;2023-01-21;2023;1;2023-01;15;Tarde;0;0;1;5
500749;2023-01-21;sabado;10:30:00;SP;381.0;82;SAO PAULO;Reação tardia ou ineficiente do condutor;Colisão traseira;Com Vítimas Feridas;Pleno dia;Crescente;Nublado;Múltipla;Não Informado;Sim;2;0;1;0;0;1;1;2;-23.42399;-46.575112;SPRF-SP;DEL03-SP;UOP01-DEL03-SP;82.0;-23.42399;-46.575112;2023-01-21;2023;1;2023-01;10;Manha;0;0;1;5
500808;2023-01-21;sabado;08:40:00;SP;101.0;46;UBATUBA;Trafegar com motocicleta (ou similar) entre as faixas;Atropelamento de Pedestre;Com Vítimas Feridas;Pleno dia;Decrescente;Céu Claro;Simples;Reta;Sim;2;0;1;0;1;0;1;1;-23.42403383;-45.07492113;SPRF-SP;DEL06-SP;UOP01-DEL06-SP;46.0;-23.42403383;-45.07492113;2023-01-21;2023;1;2023-01;8;Manha;0;0;1;5
500996;2023-01-22;domingo;01:30:00;SP;381.0;21;BRAGANCA PAULISTA;Reação tardia ou ineficiente do condutor;Queda de ocupante de veículo;Com Vítimas Feridas;Plena Noite;Decrescente;Nublado;Dupla;Não Informado;Não;1;0;1;0;0;0;1;1;-22.99140199;-46.50878201;SPRF-SP;DEL03-SP;UOP02-DEL03-SP;21.0;-22.99140199;-46.50878201;2023-01-22;2023;1;2023-01;1;Madrugada;0;0;1;6
500775;2023-01-22;domingo;13:20:00;SP;116.0;40.2;CACHOEIRA PAULISTA;Ausência de reação do condutor;Colisão com objeto;Com Vítimas Fatais;Pleno dia;Crescente;Sol;Múltipla;Não Informado;Não;1;1;0;0;0;0;0;1;-22.68080728;-45.00688982;SPRF-SP;DEL08-SP;UOP02-DEL08-SP;40.2;-22.68080728;-45.00688982;2023-01-22;2023;1;2023-01;13;Tarde;1;1;5;6
505305;2023-01-22;domingo;11:25:00;SP;153.0;168.6;GUAICARA;Manobra de mudança de faixa;Colisão frontal;Com Vítimas Fatais;Pleno dia;Crescente;Céu Claro;Simples;Não Informado;Não;4;1;0;0;3;0;0;3;-21.57925698;-49.7840404;SPRF-SP;DEL07-SP;UOP01-DEL07-SP;168.6;-21.57925698;-49.7840404;2023-01-22;2023;1;2023-01;11;Manha;1;1;5;6
500457;2023-01-22;domingo;12:22:00;SP;116.0;223;GUARULHOS;Avarias e/ou desgaste excessivo no pneu;Queda de ocupante de veículo;Com Vítimas Feridas;Pleno dia;Decrescente;Céu Claro;Múltipla;Reta;Não;2;0;2;0;0;0;2;1;-23.47559815;-46.5246609;SPRF-SP;DEL01-SP;UOP01-DEL01-SP;223.0;-23.47559815;-46.5246609;2023-01-22;2023;1;2023-01;12;Tarde;0;0;2;6
500461;2023-01-22;domingo;17:28:00;SP;116.0;216;GUARULHOS;Reação tardia ou ineficiente do condutor;Saída de leito carroçável;Com Vítimas Feridas;Pleno dia;Decrescente;Céu Claro;Múltipla;Reta;Não;2;0;1;0;1;0;1;1;-23.45056589;-46.46258105;SPRF-SP;DEL01-SP;UOP01-DEL01-SP;216.0;-23.45056589;-46.46258105;2023-01-22;2023;1;2023-01;17;Tarde;0;0;1;6
500378;2023-01-22;domingo;01:30:00;SP;116.0;294.9;ITAPECERICA DA SERRA;Avarias e/ou desgaste excessivo no pneu;Queda de ocupante de veículo;Com Vítimas Feridas;Plena Noite;Crescente;Céu Claro;Dupla;Reta;Não;2;0;2;0;0;0;2;1;-23.76154691;-46.90483412;SPRF-SP;DEL04-SP;UOP01-DEL04-SP;294.9;-23.76154691;-46.90483412;2023-01-22;2023;1;2023-01;1;Madrugada;0;0;2;6
500428;2023-01-22;domingo;07:30:00;SP;116.0;282;ITAPECERICA DA SERRA;Condutor deixou de manter distância do veículo da frente;Colisão traseira;Com Vítimas Feridas;Pleno dia;Crescente;Céu Claro;Dupla;Reta;Não;3;0;1;0;2;0;1;2;-23.68570216;-46.85970975;SPRF-SP;DEL04-SP;UOP01-DEL04-SP;282.0;-23.68570216;-46.85970975;2023-01-22;2023;1;2023-01;7;Manha;0;0;1;6
500433;2023-01-22;domingo;20:00:00;SP;116.0;297;ITAPECERICA DA SERRA;Desrespeitar a preferência no cruzamento;Colisão transversal;Com Vítimas Feridas;Plena Noite;Decrescente;Céu Claro;Simples;Não Informado;Não;3;0;1;0;2;0;1;2;-23.78323219;-46.91437053;SPRF-SP;DEL04-SP;UOP01-DEL04-SP;297.0;-23.78323219;-46.91437053;2023-01-22;2023;1;2023-01;20;Noite;0;0;1;6
500976;2023-01-22;domingo;01:00:00;SP;381.0;59;MAIRIPORA;Ausência de reação do condutor;Saída de leito carroçável;Com Vítimas Feridas;Plena Noite;Crescente;Céu Claro;Dupla;Curva;Não;1;0;0;1;0;0;1;1;-23.289033;-46.58782;SPRF-SP;DEL03-SP;UOP01-DEL03-SP;59.0;-23.289033;-46.58782;2023-01-22;2023;1;2023-01;1;Madrugada;0;1;3;6
500737;2023-01-22;domingo;10:50:00;SP;116.0;95.5;PINDAMONHANGABA;Reação tardia ou ineficiente do condutor;Colisão traseira;Com Vítimas Feridas;Pleno dia;Decrescente;Céu Claro;Dupla;Reta;Não;2;0;0;1;1;0;1;2;-22.96514512;-45.43013094;SPRF-SP;DEL08-SP;UOP01-DEL08-SP;95.5;-22.96514512;-45.43013094;2023-01-22;2023;1;2023-01;10;Manha;0;1;3;6
531939;2023-01-22;domingo;15:30:00;SP;116.0;81.5;ROSEIRA;Condutor deixou de manter distância do veículo da frente;Colisão traseira;Com Vítimas Feridas;Pleno dia;Crescente;Céu Claro;Dupla;Reta;Sim;6;0;2;3;1;0;5;2;-22.90717096;-45.31542778;SPRF-SP;DEL08-SP;UOP01-DEL08-SP;81.5;-22.90717096;-45.31542778;2023-01-22;2023;1;2023-01;15;Tarde;0;1;11;6
500488;2023-01-22;domingo;14:25:00;SP;116.0;303;SAO LOURENCO DA SERRA;Ausência de reação do condutor;Saída de leito carroçável;Com Vítimas Fatais;Pleno dia;Decrescente;Céu Claro;Múltipla;Reta;Não;3;1;1;0;1;0;1;1;-23.82760675;-46.92631345;SPRF-SP;DEL04-SP;UOP01-DEL04-SP;303.0;-23.82760675;-46.92631345;2023-01-22;2023;1;2023-01;14;Tarde;1;1;6;6
501936;2023-01-22;domingo;01:30:00;SP;116.0;105.4;TAUBATE;Ingestão de álcool pelo condutor;Colisão com objeto;Com Vítimas Fatais;Plena Noite;Crescente;Nublado;Dupla;Reta;Não;2;1;0;0;0;1;0;2;-23.00757973;-45.51466613;SPRF-SP;DEL02-SP;UOP02-DEL02-SP;105.4;-23.00757973;-45.51466613;2023-01-22;2023;1;2023-01;1;Madrugada;1;1;5;6
500821;2023-01-22;domingo;05:15:00;SP;101.0;34;UBATUBA;Condutor Dormindo;Colisão traseira;Com Vítimas Feridas;Amanhecer;Decrescente;Céu Claro;Múltipla;Não Informado;Não;2;0;1;0;1;0;1;2;-23.39141027;-44.99853296;SPRF-SP;DEL06-SP;UOP01-DEL06-SP;34.0;-23.39141027;-44.99853296;2023-01-22;2023;1;2023-01;5;Madrugada;0;0;1;6
501386;2023-01-22;domingo;20:30:00;SP;101.0;44;UBATUBA;Conversão proibida;Colisão frontal;Sem Vítimas;Plena Noite;Crescente;Céu Claro;Simples;Reta;Sim;2;0;0;0;2;0;0;2;-23.41014346;-45.06455371;SPRF-SP;DEL06-SP;UOP01-DEL06-SP;44.0;-23.41014346;-45.06455371;2023-01-22;2023;1;2023-01;20;Noite;0;0;0;6
500593;2023-01-23;segunda-feira;16:15:00;SP;116.0;273;EMBU DAS ARTES;Reação tardia ou ineficiente do condutor;Colisão traseira;Com Vítimas Feridas;Pleno dia;Decrescente;Céu Claro;Dupla;Não Informado;Sim;3;0;1;0;0;2;1;3;-23.62809795;-46.81870306;SPRF-SP;DEL04-SP;UOP01-DEL04-SP;273.0;-23.62809795;-46.81870306;2023-01-23;2023;1;2023-01;16;Tarde;0;0;1;0
500563;2023-01-23;segunda-feira;05:10:00;SP;116.0;225;GUARULHOS;Carga excessiva e/ou mal acondicionada;Derramamento de carga;Sem Vítimas;Amanhecer;Decrescente;Céu Claro;Dupla;Reta;Não;4;0;0;0;4;0;0;4;-23.48586772;-46.54075317;SPRF-SP;DEL01-SP;UOP01-DEL01-SP;225.0;-23.48586772;-46.54075317;2023-01-23;2023;1;2023-01;5;Madrugada;0;0;0;0
500603;2023-01-23;segunda-feira;17:20:00;SP;116.0;216;GUARULHOS;Trafegar com motocicleta (ou similar) entre as faixas;Colisão traseira;Com Vítimas Feridas;Pleno dia;Decrescente;Nublado;Múltipla;Não Informado;Sim;2;0;1;0;1;0;1;2;-23.45056589;-46.46258105;SPRF-SP;DEL01-SP;UOP01-DEL01-SP;216.0;-23.45056589;-46.46258105;2023-01-23;2023;1;2023-01;17;Tarde;0;0;1;0
500544;2023-01-23;segunda-feira;13:45:00;SP;381.0;69;MAIRIPORA;Velocidade Incompatível;Colisão com objeto;Com Vítimas Feridas;Pleno dia;Decrescente;Nublado;Múltipla;Reta;Não;2;0;1;0;1;0;1;1;-23.34553108;-46.56787903;SPRF-SP;DEL03-SP;UOP01-DEL03-SP;69.0;-23.34553108;-46.56787903;2023-01-23;2023;1;2023-01;13;Tarde;0;0;1;0
500651;2023-01-23;segunda-feira;19:50:00;SP;116.0;448;REGISTRO;Ausência de reação do condutor;Saída de leito carroçável;Com Vítimas Feridas;Plena Noite;Crescente;Nublado;Dupla;Reta;Não;1;0;1;0;0;0;1;1;-24.52099699;-47.85336602;SPRF-SP;DEL05-SP;UOP01-DEL05-SP;448.0;-24.52099699;-47.85336602;2023-01-23;2023;1;2023-01;19;Noite;0;0;1;0
500581;2023-01-23;segunda-feira;02:30:00;SP;116.0;139.4;SAO JOSE DOS CAMPOS;Ausência de reação do condutor;Colisão com objeto;Com Vítimas Feridas;Plena Noite;Decrescente;Céu Claro;Dupla;Reta;Sim;1;0;1;0;0;0;1;1;-23.16153216;-45.80400592;SPRF-SP;DEL02-SP;UOP01-DEL02-SP;139.4;-23.16153216;-45.80400592;2023-01-23;2023;1;2023-01;2;Madrugada;0;0;1;0
500618;2023-01-23;segunda-feira;16:50:00;SP;116.0;153.8;SAO JOSE DOS CAMPOS;Reação tardia ou ineficiente do condutor;Colisão lateral mesmo sentido;Com Vítimas Feridas;Pleno dia;Crescente;Chuva;Dupla;Reta;Não;4;0;3;0;1;0;3;2;-23.23262274;-45.91372624;SPRF-SP;DEL02-SP;UOP01-DEL02-SP;153.8;-23.23262274;-45.91372624;2023-01-23;2023;1;2023-01;16;Tarde;0;0;3;0
500867;2023-01-24;terca-feira;17:45:00;SP;116.0;277;EMBU DAS ARTES;Reação tardia ou ineficiente do condutor;Queda de ocupante de veículo;Com Vítimas Feridas;Anoitecer;Crescente;Céu Claro;Dupla;Reta;Sim;1;0;1;0;0;0;1;1;-23.64870535;-46.84395469;SPRF-SP;DEL04-SP;UOP01-DEL04-SP;277.0;-23.64870535;-46.84395469;2023-01-24;2023;1;2023-01;17;Tarde;0;0;1;1
500702;2023-01-24;terca-feira;07:15:00;SP;116.0;220.1;GUARULHOS;Reação tardia ou ineficiente do condutor;Colisão transversal;Com Vítimas Feridas;Amanhecer;Crescente;Nublado;Múltipla;Reta;Sim;2;0;1;0;1;0;1;2;-23.46472809;-46.49793962;SPRF-SP;DEL01-SP;UOP01-DEL01-SP;220.1;-23.46472809;-46.49793962;2023-01-24;2023;1;2023-01;7;Manha;0;0;1;1
500724;2023-01-24;terca-feira;08:12:00;SP;116.0;207;GUARULHOS;Ausência de reação do condutor;Engavetamento;Com Vítimas Feridas;Pleno dia;Crescente;Nublado;Dupla;Reta;Sim;3;0;1;0;2;0;1;3;-23.41972188;-46.38419203;SPRF-SP;DEL01-SP;UOP01-DEL01-SP;207.0;-23.41972188;-46.38419203;2023-01-24;2023;1;2023-01;8;Manha;0;0;1;1
500889;2023-01-24;terca-feira;18:40:00;SP;381.0;88.1;GUARULHOS;Condutor deixou de manter distância do veículo da frente;Colisão traseira;Com Vítimas Feridas;Anoitecer;Crescente;Céu Claro;Múltipla;Reta;Sim;6;0;1;0;1;4;1;2;-23.479546;-46.560138;SPRF-SP;DEL03-SP;UOP01-DEL03-SP;88.1;-23.479546;-46.560138;2023-01-24;2023;1;2023-01;18;Noite;0;0;1;1
500720;2023-01-24;terca-feira;07:30:00;SP;116.0;461;JACUPIRANGA;Velocidade Incompatível;Tombamento;Sem Vítimas;Pleno dia;Decrescente;Céu Claro;Dupla;Reta;Não;1;0;0;0;0;1;0;1;-24.61672184;-47.88933615;SPRF-SP;DEL05-SP;UOP01-DEL05-SP;461.0;-24.61672184;-47.88933615;2023-01-24;2023;1;2023-01;7;Manha;0;0;0;1
500892;2023-01-24;terca-feira;20:10:00;SP;116.0;426;JUQUIA;Conversão proibida;Colisão transversal;Com Vítimas Feridas;Plena Noite;Crescente;Céu Claro;Múltipla;Curva;Não;2;0;1;0;1;0;1;2;-24.38733253;-47.7179575;SPRF-SP;DEL05-SP;UOP01-DEL05-SP;426.0;-24.38733253;-47.7179575;2023-01-24;2023;1;2023-01;20;Noite;0;0;1;1
500831;2023-01-24;terca-feira;15:00:00;SP;116.0;318;JUQUITIBA;Demais falhas mecânicas ou elétricas;Incêndio;Sem Vítimas;Pleno dia;Decrescente;Nublado;Dupla;Curva;Não;1;0;0;0;1;0;0;1;-23.92536222;-46.99376156;SPRF-SP;DEL04-SP;UOP03-DEL04-SP;318.0;-23.92536222;-46.99376156;2023-01-24;2023;1;2023-01;15;Tarde;0;0;0;1
500732;2023-01-24;terca-feira;08:20:00;SP;381.0;54.3;MAIRIPORA;Avarias e/ou desgaste excessivo no pneu;Tombamento;Com Vítimas Feridas;Pleno dia;Crescente;Céu Claro;Dupla;Curva;Não;1;0;1;0;0;0;1;1;-23.24813659;-46.5929693;SPRF-SP;DEL03-SP;UOP01-DEL03-SP;54.3;-23.24813659;-46.5929693;2023-01-24;2023;1;2023-01;8;Manha;0;0;1;1
500843;2023-01-24;terca-feira;16:30:00;SP;153.0;41;ONDA VERDE;Reação tardia ou ineficiente do condutor;Colisão com objeto;Com Vítimas Feridas;Pleno dia;Crescente;Céu Claro;Simples;Não Informado;Não;3;0;3;0;0;0;3;1;-20.62848304;-49.33623886;SPRF-SP;DEL09-SP;UOP01-DEL09-SP;41.0;-20.62848304;-49.33623886;2023-01-24;2023;1;2023-01;16;Tarde;0;0;3;1
500727;2023-01-24;terca-feira;08:15:00;SP;116.0;319;SAO LOURENCO DA SERRA;Avarias e/ou desgaste excessivo no pneu;Queda de ocupante de veículo;Com Vítimas Feridas;Pleno dia;Decrescente;Céu Claro;Dupla;Reta;Não;1;0;1;0;0;0;1;1;-23.93100968;-46.9996511;SPRF-SP;DEL04-SP;UOP03-DEL04-SP;319.0;-23.93100968;-46.9996511;2023-01-24;2023;1;2023-01;8;Manha;0;0;1;1
500879;2023-01-24;terca-feira;19:00:00;SP;116.0;227.1;SAO PAULO;Ausência de reação do condutor;Colisão lateral mesmo sentido;Com Vítimas Feridas;Plena Noite;Decrescente;Nublado;Múltipla;Reta;Sim;2;0;1;0;0;1;1;2;-23.49659264;-46.55648754;SPRF-SP;DEL01-SP;UOP01-DEL01-SP;227.1;-23.49659264;-46.55648754;2023-01-24;2023;1;2023-01;19;Noite;0;0;1;1
501089;2023-01-25;quarta-feira;13:00:00;SP;116.0;511;CAJATI;Reação tardia ou ineficiente do condutor;Tombamento;Com Vítimas Feridas;Pleno dia;Decrescente;Sol;Dupla;Não Informado;Não;3;0;1;0;2;0;1;1;-24.83558399;-48.2223738;SPRF-SP;DEL05-SP;UOP02-DEL05-SP;511.0;-24.83558399;-48.2223738;2023-01-25;2023;1;2023-01;13;Tarde;0;0;1;2
501013;2023-01-25;quarta-feira;10:00:00;SP;116.0;206;GUARULHOS;Reação tardia ou ineficiente do condutor;Queda de ocupante de veículo;Com Vítimas Feridas;Pleno dia;Crescente;Céu Claro;Simples;Reta;Sim;2;0;1;1;0;0;2;1;-23.41722629;-46.37510292;SPRF-SP;DEL01-SP;UOP01-DEL01-SP;206.0;-23.41722629;-46.37510292;2023-01-25;2023;1;2023-01;10;Manha;0;1;4;2
501112;2023-01-25;quarta-feira;17:00:00;SP;116.0;212;GUARULHOS;Reação tardia ou ineficiente do condutor;Colisão traseira;Com Vítimas Feridas;Pleno dia;Crescente;Céu Claro;Múltipla;Reta;Sim;2;0;1;0;1;0;1;2;-23.43608315;-46.42805094;SPRF-SP;DEL01-SP;UOP01-DEL01-SP;212.0;-23.43608315;-46.42805094;2023-01-25;2023;1;2023-01;17;Tarde;0;0;1;2
507986;2023-01-25;quarta-feira;20:30:00;SP;116.0;209;GUARULHOS;Manobra de mudança de faixa;Colisão lateral mesmo sentido;Com Vítimas Feridas;Plena Noite;Decrescente;Céu Claro;Múltipla;Reta;Sim;3;0;2;0;1;0;2;2;-23.42511799;-46.40221101;SPRF-SP;DEL01-SP;UOP01-DEL01-SP;209.0;-23.42511799;-46.40221101;2023-01-25;2023;1;2023-01;20;Noite;0;0;2;2
501195;2023-01-25;quarta-feira;22:50:00;SP;116.0;12.7;QUELUZ;Ausência de reação do condutor;Colisão traseira;Com Vítimas Fatais;Plena Noite;Crescente;Céu Claro;Dupla;Reta;Não;3;1;0;0;2;0;0;3;-22.54640191;-44.8039181;SPRF-SP;DEL08-SP;UOP02-DEL08-SP;12.7;-22.54640191;-44.8039181;2023-01-25;2023;1;2023-01;22;Noite;1;1;5;2
500984;2023-01-25;quarta-feira;08:05:00;SP;116.0;136;SAO JOSE DOS CAMPOS;Ausência de reação do condutor;Colisão traseira;Com Vítimas Feridas;Pleno dia;Crescente;Sol;Dupla;Reta;Não;2;0;0;1;1;0;1;2;-23.14874471;-45.77863714;SPRF-SP;DEL02-SP;UOP01-DEL02-SP;136.0;-23.14874471;-45.77863714;2023-01-25;2023;1;2023-01;8;Manha;0;1;3;2
504136;2023-01-25;quarta-feira;06:40:00;SP;116.0;146.4;SAO JOSE DOS CAMPOS;Condutor deixou de manter distância do veículo da frente;Engavetamento;Com Vítimas Feridas;Amanhecer;Crescente;Céu Claro;Dupla;Reta;Sim;6;0;3;0;3;0;3;4;-23.19122919;-45.86327591;SPRF-SP;DEL02-SP;UOP01-DEL02-SP;146.4;-23.19122919;-45.86327591;2023-01-25;2023;1;2023-01;6;Manha;0;0;3;2
501173;2023-01-25;quarta-feira;21:45:00;SP;101.0;45.4;UBATUBA;Acessar a via sem observar a presença dos outros veículos;Colisão traseira;Com Vítimas Feridas;Plena Noite;Crescente;Céu Claro;Simples;Não Informado;Sim;2;0;0;1;1;0;1;2;-23.420924;-45.070976;SPRF-SP;DEL06-SP;UOP01-DEL06-SP;45.4;-23.420924;-45.070976;2023-01-25;2023;1;2023-01;21;Noite;0;1;3;2
501266;2023-01-26;quinta-feira;09:00:00;SP;116.0;510.8;CAJATI;Acessar a via sem observar a presença dos outros veículos;Colisão traseira;Com Vítimas Feridas;Pleno dia;Decrescente;Sol;Dupla;Não Informado;Não;3;0;2;0;1;0;2;2;-24.82768986;-48.21855823;SPRF-SP;DEL05-SP;UOP02-DEL05-SP;510.8;-24.82768986;-48.21855823;2023-01-26;2023;1;2023-01;9;Manha;0;0;2;3
501412;2023-01-26;quinta-feira;21:45:00;SP;116.0;216;GUARULHOS;Entrada inopinada do pedestre;Atropelamento de Pedestre;Com Vítimas Feridas;Plena Noite;Decrescente;Céu Claro;Dupla;Reta;Sim;4;0;1;1;2;0;2;2;-23.45056589;-46.46258105;SPRF-SP;DEL01-SP;UOP01-DEL01-SP;216.0;-23.45056589;-46.46258105;2023-01-26;2023;1;2023-01;21;Noite;0;1;4;3
501255;2023-01-26;quinta-feira;08:58:00;SP;116.0;392;MIRACATU;Demais falhas mecânicas ou elétricas;Incêndio;Sem Vítimas;Pleno dia;Crescente;Céu Claro;Dupla;Reta;Não;1;0;0;0;1;0;0;1;-24.2823606;-47.4330272;SPRF-SP;DEL04-SP;UOP02-DEL04-SP;392.0;-24.2823606;-47.4330272;2023-01-26;2023;1;2023-01;8;Manha;0;0;0;3
501279;2023-01-26;quinta-feira;11:00:00;SP;116.0;146;SAO JOSE DOS CAMPOS;Demais falhas mecânicas ou elétricas;Saída de leito carroçável;Com Vítimas Feridas;Pleno dia;Decrescente;Sol;Dupla;Não Informado;Não;1;0;0;1;0;0;1;1;-23.19122919;-45.86327591;SPRF-SP;DEL02-SP;UOP01-DEL02-SP;146.0;-23.19122919;-45.86327591;2023-01-26;2023;1;2023-01;11;Manha;0;1;3;3
501244;2023-01-26;quinta-feira;07:55:00;SP;116.0;227;SAO PAULO;Acessar a via sem observar a presença dos outros veículos;Colisão traseira;Com Vítimas Feridas;Pleno dia;Crescente;Céu Claro;Múltipla;Reta;Não;2;0;0;1;1;0;1;2;-23.50343484;-46.56638712;SPRF-SP;DEL01-SP;UOP01-DEL01-SP;227.0;-23.50343484;-46.56638712;2023-01-26;2023;1;2023-01;7;Manha;0;1;3;3
501351;2023-01-26;quinta-feira;17:00:00;SP;116.0;230;SAO PAULO;Ausência de reação do condutor;Colisão traseira;Com Vítimas Feridas;Pleno dia;Decrescente;Céu Claro;Múltipla;Reta;Sim;3;0;0;1;2;0;1;2;-23.52251783;-46.5855702;SPRF-SP;DEL01-SP;UOP01-DEL01-SP;230.0;-23.52251783;-46.5855702;2023-01-26;2023;1;2023-01;17;Tarde;0;1;3;3
501478;2023-01-26;quinta-feira;09:30:00;SP;381.0;86;SAO PAULO;Objeto estático sobre o leito carroçável;Tombamento;Com Vítimas Feridas;Pleno dia;Decrescente;Céu Claro;Múltipla;Reta;Sim;1;0;1;0;0;0;1;1;-23.45930499;-46.57161179;SPRF-SP;DEL03-SP;UOP01-DEL03-SP;86.0;-23.45930499;-46.57161179;2023-01-26;2023;1;2023-01;9;Manha;0;0;1;3
501239;2023-01-26;quinta-feira;08:15:00;SP;101.0;51;UBATUBA;Acessar a via sem observar a presença dos outros veículos;Colisão transversal;Com Vítimas Feridas;Pleno dia;Decrescente;Céu Claro;Simples;Reta;Sim;2;0;1;0;1;0;1;2;-23.45627795;-45.07111896;SPRF-SP;DEL06-SP;UOP01-DEL06-SP;51.0;-23.45627795;-45.07111896;2023-01-26;2023;1;2023-01;8;Manha;0;0;1;3
501398;2023-01-26;quinta-feira;10:30:00;SP;101.0;50;UBATUBA;Ultrapassagem Indevida;Colisão transversal;Com Vítimas Feridas;Pleno dia;Decrescente;Céu Claro;Simples;Interseção de vias;Sim;3;0;2;0;1;0;2;2;-23.45018939;-45.07743735;SPRF-SP;DEL06-SP;UOP01-DEL06-SP;50.0;-23.45018939;-45.07743735;2023-01-26;2023;1;2023-01;10;Manha;0;0;2;3
501484;2023-01-27;sexta-feira;09:50:00;SP;116.0;206;ARUJA;Reação tardia ou ineficiente do condutor;Colisão lateral mesmo sentido;Sem Vítimas;Pleno dia;Decrescente;Céu Claro;Múltipla;Reta;Sim;1;0;0;0;1;0;0;1;-23.417226295;-46.3751029188;SPRF-SP;DEL01-SP;UOP01-DEL01-SP;206.0;-23.417226295;-46.3751029188;2023-01-27;2023;1;2023-01;9;Manha;0;0;0;4
501542;2023-01-27;sexta-feira;17:00:00;SP;381.0;37.2;ATIBAIA;Acessar a via sem observar a presença dos outros veículos;Colisão lateral mesmo sentido;Com Vítimas Feridas;Pleno dia;Decrescente;Céu Claro;Dupla;Não Informado;Sim;3;0;2;0;1;0;2;2;-23.10506237;-46.56881577;SPRF-SP;DEL03-SP;UOP01-DEL03-SP;37.2;-23.10506237;-46.56881577;2023-01-27;2023;1;2023-01;17;Tarde;0;0;2;4
501490;2023-01-27;sexta-feira;09:55:00;SP;381.0;22.3;BRAGANCA PAULISTA;Entrada inopinada do pedestre;Atropelamento de Pedestre;Com Vítimas Fatais;Pleno dia;Crescente;Sol;Dupla;Reta;Não;2;1;0;0;1;0;0;1;-22.99697186;-46.5163051;SPRF-SP;DEL03-SP;UOP02-DEL03-SP;22.3;-22.99697186;-46.5163051;2023-01-27;2023;1;2023-01;9;Manha;1;1;5;4
501486;2023-01-27;sexta-feira;09:00:00;SP;116.0;511;CAJATI;Reação tardia ou ineficiente do condutor;Colisão com objeto;Com Vítimas Feridas;Pleno dia;Crescente;Céu Claro;Dupla;Curva;Não;1;0;1;0;0;0;1;1;-24.83558399;-48.2223738;SPRF-SP;DEL05-SP;UOP02-DEL05-SP;511.0;-24.83558399;-48.2223738;2023-01-27;2023;1;2023-01;9;Manha;0;0;1;4
501432;2023-01-27;sexta-feira;01:54:00;SP;116.0;214;GUARULHOS;Condutor Dormindo;Colisão com objeto;Com Vítimas Feridas;Plena Noite;Decrescente;Céu Claro;Múltipla;Reta;Não;1;0;1;0;0;0;1;1;-23.44333014;-46.44531294;SPRF-SP;DEL01-SP;UOP01-DEL01-SP;214.0;-23.44333014;-46.44531294;2023-01-27;2023;1;2023-01;1;Madrugada;0;0;1;4
501438;2023-01-27;sexta-feira;04:00:00;SP;116.0;225;GUARULHOS;Pedestre cruzava a pista fora da faixa;Atropelamento de Pedestre;Com Vítimas Feridas;Plena Noite;Crescente;Céu Claro;Múltipla;Reta;Não;2;0;0;1;0;1;1;1;-23.48586772;-46.54075317;SPRF-SP;DEL01-SP;UOP01-DEL01-SP;225.0;-23.48586772;-46.54075317;2023-01-27;2023;1;2023-01;4;Madrugada;0;1;3;4
501444;2023-01-27;sexta-feira;05:40:00;SP;116.0;216;GUARULHOS;Acessar a via sem observar a presença dos outros veículos;Colisão lateral mesmo sentido;Com Vítimas Feridas;Pleno dia;Decrescente;Nublado;Múltipla;Reta;Sim;2;0;1;0;1;0;1;2;-23.45056589;-46.46258105;SPRF-SP;DEL01-SP;UOP01-DEL01-SP;216.0;-23.45056589;-46.46258105;2023-01-27;2023;1;2023-01;5;Madrugada;0;0;1;4
501464;2023-01-27;sexta-feira;06:30:00;SP;116.0;4;GUARULHOS;Retorno proibido;Colisão lateral mesmo sentido;Com Vítimas Feridas;Amanhecer;Crescente;Céu Claro;Múltipla;Reta;Não;2;0;1;0;1;0;1;2;-23.46143954;-46.48885316;SPRF-SP;DEL01-SP;UOP01-DEL01-SP;4.0;-23.46143954;-46.48885316;2023-01-27;2023;1;2023-01;6;Manha;0;0;1;4
501466;2023-01-27;sexta-feira;07:48:00;SP;153.0;27.8;NOVA GRANADA;Acessar a via sem observar a presença dos outros veículos;Colisão transversal;Com Vítimas Feridas;Pleno dia;Decrescente;Nublado;Simples;Interseção de vias;Não;3;0;2;0;1;0;2;2;-20.51309795;-49.32308726;SPRF-SP;DEL09-SP;UOP01-DEL09-SP;27.8;-20.51309795;-49.32308726;2023-01-27;2023;1;2023-01;7;Manha;0;0;2;4
501521;2023-01-27;sexta-feira;14:40:00;SP;116.0;84.6;PINDAMONHANGABA;Ausência de reação do condutor;Queda de ocupante de veículo;Com Vítimas Feridas;Pleno dia;Crescente;Céu Claro;Dupla;Reta;Não;2;0;2;0;0;0;2;1;-22.91777173;-45.33596814;SPRF-SP;DEL08-SP;UOP01-DEL08-SP;84.6;-22.91777173;-45.33596814;2023-01-27;2023;1;2023-01;14;Tarde;0;0;2;4
501577;2023-01-27;sexta-feira;18:30:00;SP;116.0;94;PINDAMONHANGABA;Ausência de reação do condutor;Engavetamento;Com Vítimas Feridas;Anoitecer;Crescente;Nublado;Dupla;Reta;Não;5;0;2;0;3;0;2;3;-22.96083987;-45.42156507;SPRF-SP;DEL08-SP;UOP01-DEL08-SP;94.0;-22.96083987;-45.42156507;2023-01-27;2023;1;2023-01;18;Noite;0;0;2;4
501621;2023-01-27;sexta-feira;23:40:00;SP;116.0;6.2;QUELUZ;Condutor Dormindo;Colisão traseira;Com Vítimas Feridas;Plena Noite;Crescente;Chuva;Dupla;Reta;Não;2;0;1;0;1;0;1;2;-22.53158181;-44.75374706;SPRF-SP;DEL08-SP;UOP02-DEL08-SP;6.2;-22.53158181;-44.75374706;2023-01-27;2023;1;2023-01;23;Noite;0;0;1;4
501449;2023-01-27;sexta-feira;05:10:00;SP;116.0;156;SAO JOSE DOS CAMPOS;Condutor deixou de manter distância do veículo da frente;Tombamento;Com Vítimas Feridas;Pleno dia;Decrescente;Céu Claro;Dupla;Reta;Não;2;0;1;0;0;1;1;2;-23.25044084;-45.93572909;SPRF-SP;DEL02-SP;UOP01-DEL02-SP;156.0;-23.25044084;-45.93572909;2023-01-27;2023;1;2023-01;5;Madrugada;0;0;1;4
501502;2023-01-27;sexta-feira;11:40:00;SP;116.0;138.7;SAO JOSE DOS CAMPOS;Ausência de reação do condutor;Tombamento;Com Vítimas Feridas;Pleno dia;Decrescente;Céu Claro;Dupla;Reta;Não;1;0;0;1;0;0;1;1;-23.1572739;-45.79554605;SPRF-SP;DEL02-SP;UOP01-DEL02-SP;138.7;-23.1572739;-45.79554605;2023-01-27;2023;1;2023-01;11;Manha;0;1;3;4
501485;2023-01-27;sexta-feira;09:50:00;SP;116.0;230;SAO PAULO;Ausência de reação do condutor;Colisão traseira;Com Vítimas Feridas;Pleno dia;Crescente;Sol;Múltipla;Reta;Não;4;0;2;0;2;0;2;2;-23.52251783;-46.5855702;SPRF-SP;DEL01-SP;UOP01-DEL01-SP;230.0;-23.52251783;-46.5855702;2023-01-27;2023;1;2023-01;9;Manha;0;0;2;4
501514;2023-01-27;sexta-feira;13:00:00;SP;116.0;107;TAUBATE;Demais falhas mecânicas ou elétricas;Tombamento;Com Vítimas Feridas;Pleno dia;Crescente;Céu Claro;Dupla;Reta;Não;2;0;0;2;0;0;2;1;-23.01791287;-45.53009409;SPRF-SP;DEL02-SP;UOP02-DEL02-SP;107.0;-23.01791287;-45.53009409;2023-01-27;2023;1;2023-01;13;Tarde;0;1;6;4
501566;2023-01-27;sexta-feira;18:40:00;SP;101.0;40.2;UBATUBA;Ingestão de álcool pelo condutor;Colisão traseira;Sem Vítimas;Anoitecer;Crescente;Céu Claro;Simples;Reta;Não;3;0;0;0;3;0;0;2;-23.41495528;-45.03516778;SPRF-SP;DEL06-SP;UOP01-DEL06-SP;40.2;-23.41495528;-45.03516778;2023-01-27;2023;1;2023-01;18;Noite;0;0;0;4
501608;2023-01-27;sexta-feira;21:40:00;SP;101.0;51;UBATUBA;Conversão proibida;Colisão transversal;Com Vítimas Feridas;Plena Noite;Crescente;Céu Claro;Simples;Reta;Sim;3;0;2;0;1;0;2;2;-23.45627795;-45.07111896;SPRF-SP;DEL06-SP;UOP01-DEL06-SP;51.0;-23.45627795;-45.07111896;2023-01-27;2023;1;2023-01;21;Noite;0;0;2;4
501687;2023-01-28;sabado;10:50:00;SP;381.0;33;ATIBAIA;Ausência de reação do condutor;Queda de ocupante de veículo;Com Vítimas Feridas;Pleno dia;Crescente;Sol;Dupla;Curva;Sim;1;0;1;0;0;0;1;1;-23.0728028004;-46.5667356192;SPRF-SP;DEL03-SP;UOP02-DEL03-SP;33.0;-23.0728028004;-46.5667356192;2023-01-28;2023;1;2023-01;10;Manha;0;0;1;5
501677;2023-01-28;sabado;09:20:00;SP;116.0;279;EMBU DAS ARTES;Reação tardia ou ineficiente do condutor;Colisão lateral mesmo sentido;Com Vítimas Feridas;Pleno dia;Decrescente;Nublado;Dupla;Reta;Sim;2;0;1;0;1;0;1;2;-23.66233697;-46.85292907;SPRF-SP;DEL04-SP;UOP01-DEL04-SP;279.0;-23.66233697;-46.85292907;2023-01-28;2023;1;2023-01;9;Manha;0;0;1;5
501843;2023-01-28;sabado;23:47:00;SP;116.0;56;GUARATINGUETA;Reação tardia ou ineficiente do condutor;Engavetamento;Com Vítimas Feridas;Plena Noite;Decrescente;Céu Claro;Múltipla;Reta;Não;9;0;1;0;8;0;1;3;-22.76904403;-45.13040598;SPRF-SP;DEL08-SP;UOP02-DEL08-SP;56.0;-22.76904403;-45.13040598;2023-01-28;2023;1;2023-01;23;Noite;0;0;1;5
501756;2023-01-28;sabado;17:20:00;SP;116.0;209;GUARULHOS;Ingestão de álcool pelo condutor;Colisão traseira;Sem Vítimas;Pleno dia;Crescente;Chuva;Múltipla;Interseção de vias;Sim;4;0;0;0;4;0;0;2;-23.42511799;-46.40221101;SPRF-SP;DEL01-SP;UOP01-DEL01-SP;209.0;-23.42511799;-46.40221101;2023-01-28;2023;1;2023-01;17;Tarde;0;0;0;5
501768;2023-01-28;sabado;18:00:00;SP;116.0;207;GUARULHOS;Velocidade Incompatível;Colisão frontal;Com Vítimas Feridas;Pleno dia;Decrescente;Chuva;Múltipla;Não Informado;Sim;1;0;0;1;0;0;1;1;-23.41972188;-46.3841920329;SPRF-SP;DEL01-SP;UOP01-DEL01-SP;207.0;-23.41972188;-46.3841920329;2023-01-28;2023;1;2023-01;18;Noite;0;1;3;5
501776;2023-01-28;sabado;18:45:00;SP;381.0;70;MAIRIPORA;Ausência de reação do condutor;Colisão com objeto;Com Vítimas Feridas;Anoitecer;Decrescente;Nublado;Dupla;Curva;Não;3;0;2;0;1;0;2;2;-23.34553108;-46.56787903;SPRF-SP;DEL03-SP;UOP01-DEL03-SP;70.0;-23.34553108;-46.56787903;2023-01-28;2023;1;2023-01;18;Noite;0;0;2;5
501637;2023-01-28;sabado;03:00:00;SP;116.0;339.3;MIRACATU;Velocidade Incompatível;Tombamento;Com Vítimas Feridas;Plena Noite;Crescente;Céu Claro;Dupla;Não Informado;Não;1;0;1;0;0;0;1;1;-24.00189616;-47.15224743;SPRF-SP;DEL04-SP;UOP03-DEL04-SP;339.3;-24.00189616;-47.15224743;2023-01-28;2023;1;2023-01;3;Madrugada;0;0;1;5
506335;2023-01-28;sabado;06:10:00;SP;153.0;292.8;OCAUCU;Condutor Dormindo;Saída de leito carroçável;Com Vítimas Feridas;Amanhecer;Decrescente;Céu Claro;Simples;Reta;Não;1;0;1;0;0;0;1;1;-22.509779;-49.88947874;SPRF-SP;DEL07-SP;UOP02-DEL07-SP;292.8;-22.509779;-49.88947874;2023-01-28;2023;1;2023-01;6;Manha;0;0;1;5
501816;2023-01-28;sabado;18:03:00;SP;116.0;3.2;QUELUZ;Chuva;Capotamento;Sem Vítimas;Plena Noite;Decrescente;Chuva;Dupla;Reta;Não;2;0;0;0;2;0;0;1;-22.52383208;-44.72621799;SPRF-SP;DEL08-SP;UOP02-DEL08-SP;3.2;-22.52383208;-44.72621799;2023-01-28;2023;1;2023-01;18;Noite;0;0;0;5
501719;2023-01-28;sabado;14:00:00;SP;116.0;138;SAO JOSE DOS CAMPOS;Manobra de mudança de faixa;Colisão lateral mesmo sentido;Com Vítimas Feridas;Pleno dia;Crescente;Nublado;Dupla;Reta;Sim;3;0;1;0;2;0;1;2;-23.1572739;-45.79554605;SPRF-SP;DEL02-SP;UOP01-DEL02-SP;138.0;-23.1572739;-45.79554605;2023-01-28;2023;1;2023-01;14;Tarde;0;0;1;5
501634;2023-01-28;sabado;02:10:00;SP;116.0;304.8;SAO LOURENCO DA SERRA;Ausência de reação do condutor;Saída de leito carroçável;Com Vítimas Feridas;Plena Noite;Crescente;Céu Claro;Dupla;Não Informado;Não;1;0;1;0;0;0;1;1;-23.835151;-46.92964497;SPRF-SP;DEL04-SP;UOP01-DEL04-SP;304.8;-23.835151;-46.92964497;2023-01-28;2023;1;2023-01;2;Madrugada;0;0;1;5
501761;2023-01-28;sabado;17:40:00;SP;116.0;303;SAO LOURENCO DA SERRA;Área urbana sem a presença de local apropriado para a travessia de pedestres;Queda de ocupante de veículo;Com Vítimas Feridas;Anoitecer;Decrescente;Céu Claro;Dupla;Não Informado;Sim;1;0;0;1;0;0;1;1;-23.82760675;-46.92631345;SPRF-SP;DEL04-SP;UOP01-DEL04-SP;303.0;-23.82760675;-46.92631345;2023-01-28;2023;1;2023-01;17;Tarde;0;1;3;5
501764;2023-01-28;sabado;16:00:00;SP;381.0;73;SAO PAULO;Reação tardia ou ineficiente do condutor;Colisão com objeto;Com Vítimas Feridas;Pleno dia;Crescente;Chuva;Dupla;Curva;Não;1;0;1;0;0;0;1;1;-23.36553404;-46.55253934;SPRF-SP;DEL03-SP;UOP01-DEL03-SP;73.0;-23.36553404;-46.55253934;2023-01-28;2023;1;2023-01;16;Tarde;0;0;1;5
501640;2023-01-28;sabado;05:00:00;SP;116.0;106.8;TAUBATE;Manobra de mudança de faixa;Colisão lateral mesmo sentido;Sem Vítimas;Amanhecer;Crescente;Céu Claro;Dupla;Reta;Sim;2;0;0;0;1;1;0;2;-23.01250593;-45.52256005;SPRF-SP;DEL02-SP;UOP02-DEL02-SP;106.8;-23.01250593;-45.52256005;2023-01-28;2023;1;2023-01;5;Madrugada;0;0;0;5
501666;2023-01-28;sabado;08:30:00;SP;101.0;35.1;UBATUBA;Acessar a via sem observar a presença dos outros veículos;Colisão transversal;Com Vítimas Feridas;Pleno dia;Crescente;Céu Claro;Simples;Não Informado;Não;6;0;1;0;5;0;1;2;-23.39312909;-45.0096811;SPRF-SP;DEL06-SP;UOP01-DEL06-SP;35.1;-23.39312909;-45.0096811;2023-01-28;2023;1;2023-01;8;Manha;0;0;1;5
501788;2023-01-28;sabado;20:15:00;SP;101.0;51.8;UBATUBA;Trafegar com motocicleta (ou similar) entre as faixas;Colisão frontal;Com Vítimas Feridas;Plena Noite;Crescente;Céu Claro;Simples;Reta;Sim;5;0;0;1;4;0;1;2;-23.4623355;-45.06476561;SPRF-SP;DEL06-SP;UOP01-DEL06-SP;51.8;-23.4623355;-45.06476561;2023-01-28;2023;1;2023-01;20;Noite;0;1;3;5
501982;2023-01-29;domingo;16:40:00;SP;116.0;276;EMBU DAS ARTES;Animais na Pista;Colisão traseira;Sem Vítimas;Pleno dia;Crescente;Céu Claro;Múltipla;Reta;Sim;4;0;0;0;4;0;0;2;-23.64262417;-46.83811382;SPRF-SP;DEL04-SP;UOP01-DEL04-SP;276.0;-23.64262417;-46.83811382;2023-01-29;2023;1;2023-01;16;Tarde;0;0;0;6
501944;2023-01-29;domingo;14:30:00;SP;381.0;89;GUARULHOS;Manobra de mudança de faixa;Colisão lateral mesmo sentido;Com Vítimas Feridas;Pleno dia;Crescente;Garoa/Chuvisco;Dupla;Reta;Sim;5;0;2;0;3;0;2;4;-23.489987;-46.559432;SPRF-SP;DEL03-SP;UOP01-DEL03-SP;89.0;-23.489987;-46.559432;2023-01-29;2023;1;2023-01;14;Tarde;0;0;2;6
501952;2023-01-29;domingo;16:00:00;SP;116.0;315;JUQUITIBA;Condutor Dormindo;Colisão lateral mesmo sentido;Com Vítimas Feridas;Pleno dia;Decrescente;Nublado;Dupla;Reta;Não;3;0;1;0;2;0;1;2;-23.90251888;-46.99049317;SPRF-SP;DEL04-SP;UOP03-DEL04-SP;315.0;-23.90251888;-46.99049317;2023-01-29;2023;1;2023-01;16;Tarde;0;0;1;6
502016;2023-01-29;domingo;18:30:00;SP;116.0;339;JUQUITIBA;Ausência de reação do condutor;Tombamento;Com Vítimas Feridas;Anoitecer;Decrescente;Céu Claro;Dupla;Curva;Não;1;0;1;0;0;0;1;1;-23.9983939;-47.14927316;SPRF-SP;DEL04-SP;UOP03-DEL04-SP;339.0;-23.9983939;-47.14927316;2023-01-29;2023;1;2023-01;18;Noite;0;0;1;6
501943;2023-01-29;domingo;15:00:00;SP;116.0;22;LAVRINHAS;Velocidade Incompatível;Saída de leito carroçável;Com Vítimas Feridas;Pleno dia;Decrescente;Céu Claro;Dupla;Não Informado;Não;1;0;1;0;0;0;1;1;-22.58368521;-44.87772952;SPRF-SP;DEL08-SP;UOP02-DEL08-SP;22.0;-22.58368521;-44.87772952;2023-01-29;2023;1;2023-01;15;Tarde;0;0;1;6
501863;2023-01-29;domingo;06:00:00;SP;116.0;354;MIRACATU;Reação tardia ou ineficiente do condutor;Colisão com objeto;Com Vítimas Feridas;Pleno dia;Decrescente;Nublado;Dupla;Curva;Não;1;0;0;1;0;0;1;1;-24.07491092;-47.24973213;SPRF-SP;DEL04-SP;UOP03-DEL04-SP;354.0;-24.07491092;-47.24973213;2023-01-29;2023;1;2023-01;6;Manha;0;1;3;6
502036;2023-01-29;domingo;21:50:00;SP;116.0;11.7;QUELUZ;Reação tardia ou ineficiente do condutor;Colisão com objeto;Com Vítimas Feridas;Plena Noite;Decrescente;Nublado;Dupla;Curva;Não;4;0;1;0;3;0;1;1;-22.54824607;-44.80620718;SPRF-SP;DEL08-SP;UOP02-DEL08-SP;11.7;-22.54824607;-44.80620718;2023-01-29;2023;1;2023-01;21;Noite;0;0;1;6
501851;2023-01-29;domingo;03:30:00;SP;116.0;441;REGISTRO;Animais na Pista;Atropelamento de Animal;Com Vítimas Feridas;Plena Noite;Crescente;Céu Claro;Dupla;Reta;Não;1;0;1;0;0;0;1;1;-24.4688528;-47.82223728;SPRF-SP;DEL05-SP;UOP01-DEL05-SP;441.0;-24.4688528;-47.82223728;2023-01-29;2023;1;2023-01;3;Madrugada;0;0;1;6
501953;2023-01-29;domingo;16:15:00;SP;116.0;185;SANTA ISABEL;Reação tardia ou ineficiente do condutor;Colisão traseira;Com Vítimas Feridas;Pleno dia;Crescente;Garoa/Chuvisco;Dupla;Reta;Não;3;0;3;0;0;0;3;2;-23.35176424;-46.18966001;SPRF-SP;DEL01-SP;UOP01-DEL01-SP;185.0;-23.35176424;-46.18966001;2023-01-29;2023;1;2023-01;16;Tarde;0;0;3;6
501857;2023-01-29;domingo;04:40:00;SP;116.0;154;SAO JOSE DOS CAMPOS;Ingestão de álcool pelo condutor;Colisão traseira;Com Vítimas Fatais;Amanhecer;Decrescente;Nublado;Dupla;Não Informado;Sim;6;2;1;0;3;0;1;2;-23.23903999;-45.92061901;SPRF-SP;DEL02-SP;UOP01-DEL02-SP;154.0;-23.23903999;-45.92061901;2023-01-29;2023;1;2023-01;4;Madrugada;1;1;11;6
501994;2023-01-29;domingo;18:40:00;SP;116.0;144;SAO JOSE DOS CAMPOS;Manobra de mudança de faixa;Colisão lateral mesmo sentido;Com Vítimas Feridas;Plena Noite;Decrescente;Chuva;Múltipla;Desvio Temporário;Sim;2;0;1;0;1;0;1;2;-23.18274416;-45.84633592;SPRF-SP;DEL02-SP;UOP01-DEL02-SP;144.0;-23.18274416;-45.84633592;2023-01-29;2023;1;2023-01;18;Noite;0;0;1;6
502053;2023-01-29;domingo;22:30:00;SP;116.0;142.6;SAO JOSE DOS CAMPOS;Ausência de reação do condutor;Colisão com objeto;Com Vítimas Feridas;Plena Noite;Decrescente;Chuva;Dupla;Reta;Sim;1;0;1;0;0;0;1;1;-23.17426078;-45.82940111;SPRF-SP;DEL02-SP;UOP01-DEL02-SP;142.6;-23.17426078;-45.82940111;2023-01-29;2023;1;2023-01;22;Noite;0;0;1;6
501924;2023-01-29;domingo;14:00:00;SP;116.0;315.5;SAO LOURENCO DA SERRA;Pedestre cruzava a pista fora da faixa;Atropelamento de Pedestre;Com Vítimas Feridas;Pleno dia;Decrescente;Céu Claro;Dupla;Reta;Não;2;0;0;1;1;0;1;1;-23.90251888;-46.99049317;SPRF-SP;DEL04-SP;UOP03-DEL04-SP;315.5;-23.90251888;-46.99049317;2023-01-29;2023;1;2023-01;14;Tarde;0;1;3;6
501965;2023-01-29;domingo;10:30:00;SP;116.0;269;TABOAO DA SERRA;Trafegar com motocicleta (ou similar) entre as faixas;Colisão lateral mesmo sentido;Com Vítimas Feridas;Pleno dia;Decrescente;Céu Claro;Dupla;Reta;Sim;3;0;1;0;2;0;1;2;-23.61593059;-46.78826044;SPRF-SP;DEL04-SP;UOP01-DEL04-SP;269.0;-23.61593059;-46.78826044;2023-01-29;2023;1;2023-01;10;Manha;0;0;1;6
501978;2023-01-29;domingo;17:20:00;SP;116.0;273;TABOAO DA SERRA;Ingestão de álcool pelo condutor;Colisão lateral sentido oposto;Sem Vítimas;Pleno dia;Decrescente;Céu Claro;Simples;Viaduto;Sim;2;0;0;0;2;0;0;2;-23.62809795;-46.81870306;SPRF-SP;DEL04-SP;UOP01-DEL04-SP;273.0;-23.62809795;-46.81870306;2023-01-29;2023;1;2023-01;17;Tarde;0;0;0;6
501916;2023-01-29;domingo;12:20:00;SP;116.0;110.9;TAUBATE;Reação tardia ou ineficiente do condutor;Tombamento;Com Vítimas Feridas;Pleno dia;Decrescente;Céu Claro;Dupla;Reta;Sim;1;0;1;0;0;0;1;1;-23.03412614;-45.5526999;SPRF-SP;DEL02-SP;UOP02-DEL02-SP;110.9;-23.03412614;-45.5526999;2023-01-29;2023;1;2023-01;12;Tarde;0;0;1;6
502104;2023-01-30;segunda-feira;07:50:00;SP;381.0;37.2;ATIBAIA;Condutor deixou de manter distância do veículo da frente;Colisão traseira;Com Vítimas Feridas;Pleno dia;Decrescente;Nublado;Dupla;Reta;Sim;3;0;2;0;1;0;2;2;-23.10506237;-46.56881577;SPRF-SP;DEL03-SP;UOP01-DEL03-SP;37.2;-23.10506237;-46.56881577;2023-01-30;2023;1;2023-01;7;Manha;0;0;2;0
502072;2023-01-30;segunda-feira;03:15:00;SP;116.0;210.6;GUARULHOS;Ausência de reação do condutor;Colisão traseira;Com Vítimas Feridas;Amanhecer;Decrescente;Garoa/Chuvisco;Dupla;Não Informado;Sim;2;0;0;1;1;0;1;2;-23.42870023;-46.41085991;SPRF-SP;DEL01-SP;UOP01-DEL01-SP;210.6;-23.42870023;-46.41085991;2023-01-30;2023;1;2023-01;3;Madrugada;0;1;3;0
502192;2023-01-30;segunda-feira;17:10:00;SP;116.0;144;SAO JOSE DOS CAMPOS;Ausência de reação do condutor;Tombamento;Com Vítimas Feridas;Anoitecer;Decrescente;Chuva;Dupla;Reta;Não;1;0;1;0;0;0;1;1;-23.18274416;-45.84633592;SPRF-SP;DEL02-SP;UOP01-DEL02-SP;144.0;-23.18274416;-45.84633592;2023-01-30;2023;1;2023-01;17;Tarde;0;0;1;0
502250;2023-01-30;segunda-feira;21:30:00;SP;116.0;140;SAO JOSE DOS CAMPOS;Ingestão de álcool pelo condutor;Engavetamento;Com Vítimas Fatais;Plena Noite;Crescente;Nublado;Dupla;Reta;Não;7;1;0;1;5;0;1;5;-23.16577714;-45.81246193;SPRF-SP;DEL02-SP;UOP01-DEL02-SP;140.0;-23.16577714;-45.81246193;2023-01-30;2023;1;2023-01;21;Noite;1;1;8;0
502069;2023-01-30;segunda-feira;03:00:00;SP;116.0;229;SAO PAULO;Ausência de reação do condutor;Engavetamento;Com Vítimas Feridas;Plena Noite;Decrescente;Nublado;Múltipla;Reta;Não;6;0;4;0;2;0;4;5;-23.51291902;-46.57604698;SPRF-SP;DEL01-SP;UOP01-DEL01-SP;229.0;-23.51291902;-46.57604698;2023-01-30;2023;1;2023-01;3;Madrugada;0;0;4;0
502169;2023-01-30;segunda-feira;15:00:00;SP;153.0;270.1;VERA CRUZ;Demais falhas mecânicas ou elétricas;Tombamento;Com Vítimas Feridas;Pleno dia;Decrescente;Nublado;Simples;Não Informado;Não;2;0;2;0;0;0;2;1;-22.35293356;-49.89303589;SPRF-SP;DEL07-SP;UOP02-DEL07-SP;270.1;-22.35293356;-49.89303589;2023-01-30;2023;1;2023-01;15;Tarde;0;0;2;0
502264;2023-01-31;terca-feira;04:05:00;SP;116.0;282;EMBU DAS ARTES;Velocidade Incompatível;Colisão lateral mesmo sentido;Sem Vítimas;Plena Noite;Crescente;Nublado;Dupla;Reta;Sim;2;0;0;0;1;1;0;2;-23.68570216;-46.85970975;SPRF-SP;DEL04-SP;UOP01-DEL04-SP;282.0;-23.68570216;-46.85970975;2023-01-31;2023;1;2023-01;4;Madrugada;0;0;0;1
502324;2023-01-31;terca-feira;13:00:00;SP;116.0;177;GUARAREMA;Reação tardia ou ineficiente do condutor;Colisão traseira;Com Vítimas Feridas;Pleno dia;Crescente;Céu Claro;Dupla;Não Informado;Sim;2;0;0;1;1;0;1;2;-23.32333315;-46.11958293;SPRF-SP;DEL01-SP;UOP01-DEL01-SP;177.0;-23.32333315;-46.11958293;2023-01-31;2023;1;2023-01;13;Tarde;0;1;3;1
502334;2023-01-31;terca-feira;13:15:00;SP;116.0;223;GUARULHOS;Manobra de mudança de faixa;Colisão traseira;Com Vítimas Feridas;Pleno dia;Crescente;Nublado;Múltipla;Reta;Sim;2;0;1;0;1;0;1;2;-23.48042826;-46.5327822;SPRF-SP;DEL01-SP;UOP01-DEL01-SP;223.0;-23.48042826;-46.5327822;2023-01-31;2023;1;2023-01;13;Tarde;0;0;1;1
502328;2023-01-31;terca-feira;12:00:00;SP;381.0;70;MAIRIPORA;Carga excessiva e/ou mal acondicionada;Colisão com objeto;Com Vítimas Feridas;Pleno dia;Decrescente;Céu Claro;Simples;Não Informado;Não;3;0;1;0;2;0;1;3;-23.34972978;-46.56070474;SPRF-SP;DEL03-SP;UOP01-DEL03-SP;70.0;-23.34972978;-46.56070474;2023-01-31;2023;1;2023-01;12;Tarde;0;0;1;1
502311;2023-01-31;terca-feira;10:05:00;SP;153.0;32;NOVA GRANADA;Transitar na contramão;Colisão frontal;Com Vítimas Fatais;Pleno dia;Decrescente;Céu Claro;Simples;Reta;Não;3;1;0;0;2;0;0;2;-20.54746171;-49.32959617;SPRF-SP;DEL09-SP;UOP01-DEL09-SP;32.0;-20.54746171;-49.32959617;2023-01-31;2023;1;2023-01;10;Manha;1;1;5;1
502282;2023-01-31;terca-feira;07:50:00;SP;153.0;61;SAO JOSE DO RIO PRETO;Manobra de mudança de faixa;Colisão lateral mesmo sentido;Com Vítimas Feridas;Pleno dia;Crescente;Nublado;Dupla;Não Informado;Não;3;0;2;0;1;0;2;2;-20.80502876;-49.35574909;SPRF-SP;DEL09-SP;UOP01-DEL09-SP;61.0;-20.80502876;-49.35574909;2023-01-31;2023;1;2023-01;7;Manha;0;0;2;1
502373;2023-01-31;terca-feira;16:30:00;SP;116.0;161;SAO JOSE DOS CAMPOS;Ausência de reação do condutor;Colisão lateral mesmo sentido;Com Vítimas Feridas;Pleno dia;Crescente;Céu Claro;Dupla;Reta;Sim;3;0;1;0;2;0;1;3;-23.27617003;-45.97592098;SPRF-SP;DEL02-SP;UOP01-DEL02-SP;161.0;-23.27617003;-45.97592098;2023-01-31;2023;1;2023-01;16;Tarde;0;0;1;1
502341;2023-01-31;terca-feira;14:20:00;SP;116.0;228.9;SAO PAULO;Reação tardia ou ineficiente do condutor;Colisão traseira;Com Vítimas Feridas;Pleno dia;Decrescente;Céu Claro;Múltipla;Reta;Sim;2;0;2;0;0;0;2;1;-23.50343484;-46.56638712;SPRF-SP;DEL01-SP;UOP01-DEL01-SP;228.9;-23.50343484;-46.56638712;2023-01-31;2023;1;2023-01;14;Tarde;0;0;2;1
502382;2023-01-31;terca-feira;17:40:00;SP;116.0;273;TABOAO DA SERRA;Ausência de reação do condutor;Colisão traseira;Com Vítimas Feridas;Pleno dia;Crescente;Nublado;Dupla;Reta;Não;2;0;1;0;1;0;1;2;-23.62809795;-46.81870306;SPRF-SP;DEL04-SP;UOP01-DEL04-SP;273.0;-23.62809795;-46.81870306;2023-01-31;2023;1;2023-01;17;Tarde;0;0;1;1
502507;2023-02-01;quarta-feira;14:20:00;SP;381.0;28;ATIBAIA;Ausência de reação do condutor;Colisão traseira;Com Vítimas Feridas;Pleno dia;Crescente;Céu Claro;Dupla;Reta;Não;3;0;1;0;2;0;1;2;-23.03614495;-46.55183601;SPRF-SP;DEL03-SP;UOP02-DEL03-SP;28.0;-23.03614495;-46.55183601;2023-02-01;2023;2;2023-02;14;Tarde;0;0;1;2
502462;2023-02-01;quarta-feira;08:35:00;SP;116.0;513;CAJATI;Ausência de reação do condutor;Colisão traseira;Com Vítimas Feridas;Pleno dia;Decrescente;Garoa/Chuvisco;Simples;Curva;Não;3;0;1;0;2;0;1;2;-24.857259;-48.212296;SPRF-SP;DEL05-SP;UOP02-DEL05-SP;513.0;-24.857259;-48.212296;2023-02-01;2023;2;2023-02;8;Manha;0;0;1;2
507150;2023-02-01;quarta-feira;07:10:00;SP;116.0;514.8;CAJATI;Reação tardia ou ineficiente do condutor;Capotamento;Sem Vítimas;Pleno dia;Crescente;Nublado;Simples;Curva;Não;1;0;0;0;1;0;0;1;-24.85154994;-48.21762085;SPRF-SP;DEL05-SP;UOP02-DEL05-SP;514.8;-24.85154994;-48.21762085;2023-02-01;2023;2;2023-02;7;Manha;0;0;0;2
502461;2023-02-01;quarta-feira;07:10:00;SP;116.0;278;EMBU DAS ARTES;Ausência de reação do condutor;Colisão traseira;Com Vítimas Feridas;Pleno dia;Decrescente;Garoa/Chuvisco;Dupla;Reta;Não;3;0;2;0;1;0;2;2;-23.63593118;-46.83029836;SPRF-SP;DEL04-SP;UOP01-DEL04-SP;278.0;-23.63593118;-46.83029836;2023-02-01;2023;2;2023-02;7;Manha;0;0;2;2
502511;2023-02-01;quarta-feira;14:15:00;SP;153.0;100;JOSE BONIFACIO;Ausência de reação do condutor;Tombamento;Com Vítimas Feridas;Pleno dia;Decrescente;Céu Claro;Simples;Não Informado;Não;1;0;1;0;0;0;1;1;-21.00658524;-49.63430539;SPRF-SP;DEL09-SP;UOP01-DEL09-SP;100.0;-21.00658524;-49.63430539;2023-02-01;2023;2;2023-02;14;Tarde;0;0;1;2
502562;2023-02-01;quarta-feira;17:50:00;SP;116.0;323;JUQUITIBA;Animais na Pista;Atropelamento de Animal;Com Vítimas Feridas;Pleno dia;Crescente;Céu Claro;Dupla;Reta;Sim;1;0;1;0;0;0;1;1;-23.93663197;-47.03568002;SPRF-SP;DEL04-SP;UOP03-DEL04-SP;323.0;-23.93663197;-47.03568002;2023-02-01;2023;2;2023-02;17;Tarde;0;0;1;2
502430;2023-02-01;quarta-feira;00:10:00;SP;116.0;227;SAO PAULO;Demais falhas mecânicas ou elétricas;Incêndio;Sem Vítimas;Plena Noite;Crescente;Garoa/Chuvisco;Múltipla;Não Informado;Sim;2;0;0;0;2;0;0;2;-23.49659264;-46.55648754;SPRF-SP;DEL01-SP;UOP01-DEL01-SP;227.0;-23.49659264;-46.55648754;2023-02-01;2023;2;2023-02;0;Madrugada;0;0;0;2
502470;2023-02-01;quarta-feira;09:02:00;SP;116.0;229;SAO PAULO;Demais falhas mecânicas ou elétricas;Colisão com objeto;Com Vítimas Feridas;Pleno dia;Crescente;Nublado;Múltipla;Não Informado;Sim;1;0;1;0;0;0;1;1;-23.51291902;-46.57604698;SPRF-SP;DEL01-SP;UOP01-DEL01-SP;229.0;-23.51291902;-46.57604698;2023-02-01;2023;2;2023-02;9;Manha;0;0;1;2
502568;2023-02-02;quinta-feira;00:55:00;SP;116.0;516;CAJATI;Ausência de reação do condutor;Colisão traseira;Com Vítimas Feridas;Plena Noite;Decrescente;Chuva;Dupla;Não Informado;Não;3;0;1;0;2;0;1;2;-24.87423036;-48.2190838;SPRF-SP;DEL05-SP;UOP02-DEL05-SP;516.0;-24.87423036;-48.2190838;2023-02-02;2023;2;2023-02;0;Madrugada;0;0;1;3
502589;2023-02-02;quinta-feira;06:55:00;SP;116.0;511;CAJATI;Pista Escorregadia;Colisão com objeto;Com Vítimas Feridas;Pleno dia;Crescente;Chuva;Simples;Curva;Não;6;0;1;0;5;0;1;2;-24.83558399;-48.2223738;SPRF-SP;DEL05-SP;UOP02-DEL05-SP;511.0;-24.83558399;-48.2223738;2023-02-02;2023;2;2023-02;6;Manha;0;0;1;3
502735;2023-02-02;quinta-feira;08:29:00;SP;116.0;500;CAJATI;Ausência de reação do condutor;Colisão lateral mesmo sentido;Com Vítimas Feridas;Pleno dia;Crescente;Chuva;Dupla;Curva;Não;3;0;1;0;2;0;1;2;-24.78162109;-48.18342711;SPRF-SP;DEL05-SP;UOP02-DEL05-SP;500.0;-24.78162109;-48.18342711;2023-02-02;2023;2;2023-02;8;Manha;0;0;1;3
502624;2023-02-02;quinta-feira;10:20:00;SP;116.0;273;EMBU DAS ARTES;Ausência de reação do condutor;Colisão traseira;Com Vítimas Feridas;Pleno dia;Decrescente;Céu Claro;Múltipla;Reta;Sim;3;0;1;0;2;0;1;2;-23.62809795;-46.81870306;SPRF-SP;DEL04-SP;UOP01-DEL04-SP;273.0;-23.62809795;-46.81870306;2023-02-02;2023;2;2023-02;10;Manha;0;0;1;3
502743;2023-02-02;quinta-feira;22:56:00;SP;116.0;61;GUARATINGUETA;Reação tardia ou ineficiente do condutor;Colisão traseira;Com Vítimas Feridas;Pleno dia;Crescente;Nublado;Dupla;Reta;Sim;5;0;1;0;0;4;1;2;-22.79763613;-45.1674588;SPRF-SP;DEL08-SP;UOP01-DEL08-SP;61.0;-22.79763613;-45.1674588;2023-02-02;2023;2;2023-02;22;Noite;0;0;1;3
502647;2023-02-02;quinta-feira;13:33:00;SP;153.0;85;MIRASSOL;Conversão proibida;Colisão frontal;Com Vítimas Feridas;Pleno dia;Crescente;Nublado;Simples;Túnel;Não;3;0;1;0;2;0;1;2;-20.9344296;-49.51909431;SPRF-SP;DEL09-SP;UOP01-DEL09-SP;85.0;-20.9344296;-49.51909431;2023-02-02;2023;2;2023-02;13;Tarde;0;0;1;3
502660;2023-02-02;quinta-feira;14:35:00;SP;153.0;42.3;ONDA VERDE;Ausência de reação do condutor;Colisão traseira;Com Vítimas Feridas;Pleno dia;Crescente;Sol;Simples;Não Informado;Não;5;0;2;0;3;0;2;2;-20.63725202;-49.33843793;SPRF-SP;DEL09-SP;UOP01-DEL09-SP;42.3;-20.63725202;-49.33843793;2023-02-02;2023;2;2023-02;14;Tarde;0;0;2;3
502593;2023-02-02;quinta-feira;08:13:00;SP;116.0;145;SAO JOSE DOS CAMPOS;Trafegar com motocicleta (ou similar) entre as faixas;Colisão lateral mesmo sentido;Com Vítimas Feridas;Pleno dia;Crescente;Céu Claro;Dupla;Reta;Não;2;0;1;0;1;0;1;2;-23.1869844;-45.8548078;SPRF-SP;DEL02-SP;UOP01-DEL02-SP;145.0;-23.1869844;-45.8548078;2023-02-02;2023;2;2023-02;8;Manha;0;0;1;3
502645;2023-02-02;quinta-feira;12:50:00;SP;116.0;145;SAO JOSE DOS CAMPOS;Ausência de reação do condutor;Queda de ocupante de veículo;Com Vítimas Feridas;Pleno dia;Crescente;Céu Claro;Múltipla;Reta;Sim;1;0;0;1;0;0;1;1;-23.1869844;-45.8548078;SPRF-SP;DEL02-SP;UOP01-DEL02-SP;145.0;-23.1869844;-45.8548078;2023-02-02;2023;2;2023-02;12;Tarde;0;1;3;3
502662;2023-02-02;quinta-feira;14:25:00;SP;116.0;117.8;TAUBATE;Pista esburacada;Tombamento;Com Vítimas Feridas;Pleno dia;Crescente;Sol;Dupla;Não Informado;Não;2;0;2;0;0;0;2;1;-23.0582298;-45.6176951;SPRF-SP;DEL02-SP;UOP02-DEL02-SP;117.8;-23.0582298;-45.6176951;2023-02-02;2023;2;2023-02;14;Tarde;0;0;2;3
502859;2023-02-03;sexta-feira;15:00:00;SP;116.0;270;EMBU DAS ARTES;Manobra de mudança de faixa;Colisão lateral mesmo sentido;Com Vítimas Feridas;Pleno dia;Crescente;Céu Claro;Múltipla;Reta;Sim;3;0;2;0;1;0;2;2;-23.61799728;-46.79677694;SPRF-SP;DEL04-SP;UOP01-DEL04-SP;270.0;-23.61799728;-46.79677694;2023-02-03;2023;2;2023-02;15;Tarde;0;0;2;4
502935;2023-02-03;sexta-feira;20:00:00;SP;116.0;278;EMBU DAS ARTES;Reação tardia ou ineficiente do condutor;Engavetamento;Sem Vítimas;Plena Noite;Decrescente;Chuva;Dupla;Reta;Não;3;0;0;0;3;0;0;3;-23.65508497;-46.84918605;SPRF-SP;DEL04-SP;UOP01-DEL04-SP;278.0;-23.65508497;-46.84918605;2023-02-03;2023;2;2023-02;20;Noite;0;0;0;4
502908;2023-02-03;sexta-feira;18:10:00;SP;153.0;194.6;GETULINA;Avarias e/ou desgaste excessivo no pneu;Queda de ocupante de veículo;Com Vítimas Feridas;Anoitecer;Crescente;Nublado;Simples;Reta;Não;2;0;2;0;0;0;2;1;-21.76958078;-49.88593322;SPRF-SP;DEL07-SP;UOP01-DEL07-SP;194.6;-21.76958078;-49.88593322;2023-02-03;2023;2;2023-02;18;Noite;0;0;2;4
502793;2023-02-03;sexta-feira;07:15:00;SP;116.0;218;GUARULHOS;Trafegar com motocicleta (ou similar) entre as faixas;Colisão lateral mesmo sentido;Com Vítimas Feridas;Pleno dia;Crescente;Céu Claro;Múltipla;Reta;Sim;2;0;1;0;1;0;1;2;-23.457972;-46.479927;SPRF-SP;DEL01-SP;UOP01-DEL01-SP;218.0;-23.457972;-46.479927;2023-02-03;2023;2;2023-02;7;Manha;0;0;1;4
502847;2023-02-03;sexta-feira;13:50:00;SP;116.0;222;GUARULHOS;Manobra de mudança de faixa;Colisão transversal;Com Vítimas Feridas;Pleno dia;Crescente;Nublado;Múltipla;Reta;Sim;2;0;0;1;1;0;1;2;-23.47093408;-46.51631097;SPRF-SP;DEL01-SP;UOP01-DEL01-SP;222.0;-23.47093408;-46.51631097;2023-02-03;2023;2;2023-02;13;Tarde;0;1;3;4
502891;2023-02-03;sexta-feira;13:15:00;SP;116.0;225;GUARULHOS;Demais falhas mecânicas ou elétricas;Tombamento;Sem Vítimas;Pleno dia;Decrescente;Céu Claro;Múltipla;Reta;Sim;1;0;0;0;1;0;0;1;-23.48586772;-46.54075317;SPRF-SP;DEL01-SP;UOP01-DEL01-SP;225.0;-23.48586772;-46.54075317;2023-02-03;2023;2;2023-02;13;Tarde;0;0;0;4
502898;2023-02-03;sexta-feira;18:15:00;SP;116.0;214;GUARULHOS;Condutor deixou de manter distância do veículo da frente;Colisão lateral mesmo sentido;Com Vítimas Feridas;Plena Noite;Decrescente;Céu Claro;Múltipla;Reta;Sim;2;0;1;0;1;0;1;2;-23.44333014;-46.44531294;SPRF-SP;DEL01-SP;UOP01-DEL01-SP;214.0;-23.44333014;-46.44531294;2023-02-03;2023;2;2023-02;18;Noite;0;0;1;4
502934;2023-02-03;sexta-feira;21:00:00;SP;116.0;225;GUARULHOS;Chuva;Tombamento;Com Vítimas Feridas;Plena Noite;Decrescente;Chuva;Múltipla;Desvio Temporário;Sim;2;0;0;2;0;0;2;1;-23.48586772;-46.54075317;SPRF-SP;DEL01-SP;UOP01-DEL01-SP;225.0;-23.48586772;-46.54075317;2023-02-03;2023;2;2023-02;21;Noite;0;1;6;4
502976;2023-02-03;sexta-feira;23:50:00;SP;116.0;49;LORENA;Ingestão de álcool pelo condutor;Colisão traseira;Sem Vítimas;Plena Noite;Crescente;Chuva;Dupla;Reta;Não;2;0;0;0;2;0;0;2;-22.73051614;-45.0765859;SPRF-SP;DEL08-SP;UOP02-DEL08-SP;49.0;-22.73051614;-45.0765859;2023-02-03;2023;2;2023-02;23;Noite;0;0;0;4
502940;2023-02-03;sexta-feira;21:50:00;SP;116.0;193;SANTA ISABEL;Ausência de reação do condutor;Colisão traseira;Com Vítimas Feridas;Plena Noite;Decrescente;Nublado;Dupla;Não Informado;Não;6;0;2;1;3;0;3;2;-23.380407;-46.258509;SPRF-SP;DEL01-SP;UOP01-DEL01-SP;193.0;-23.380407;-46.258509;2023-02-03;2023;2;2023-02;21;Noite;0;1;5;4
502903;2023-02-03;sexta-feira;18:30:00;SP;116.0;307;SAO LOURENCO DA SERRA;Condutor deixou de manter distância do veículo da frente;Colisão lateral mesmo sentido;Com Vítimas Feridas;Anoitecer;Crescente;Nublado;Dupla;Desvio Temporário;Não;2;0;1;0;1;0;1;2;-23.85630016;-46.94096988;SPRF-SP;DEL04-SP;UOP01-DEL04-SP;307.0;-23.85630016;-46.94096988;2023-02-03;2023;2;2023-02;18;Noite;0;0;1;4
502900;2023-02-03;sexta-feira;16:50:00;SP;116.0;106.7;TAUBATE;Reação tardia ou ineficiente do condutor;Queda de ocupante de veículo;Com Vítimas Feridas;Pleno dia;Decrescente;Céu Claro;Dupla;Reta;Sim;1;0;1;0;0;0;1;1;-23.01250593;-45.52256005;SPRF-SP;DEL02-SP;UOP02-DEL02-SP;106.7;-23.01250593;-45.52256005;2023-02-03;2023;2;2023-02;16;Tarde;0;0;1;4
502789;2023-02-03;sexta-feira;07:00:00;SP;381.0;4;VARGEM;Reação tardia ou ineficiente do condutor;Colisão com objeto;Com Vítimas Feridas;Pleno dia;Crescente;Céu Claro;Dupla;Reta;Não;1;0;1;0;0;0;1;1;-22.887746;-46.411949;SPRF-SP;DEL03-SP;UOP02-DEL03-SP;4.0;-22.887746;-46.411949;2023-02-03;2023;2;2023-02;7;Manha;0;0;1;4
503158;2023-02-04;sabado;21:35:00;SP;116.0;204;ARUJA;Ingestão de álcool pelo condutor;Colisão traseira;Sem Vítimas;Plena Noite;Decrescente;Céu Claro;Múltipla;Reta;Não;3;0;0;0;3;0;0;3;-23.41236123;-46.35692496;SPRF-SP;DEL01-SP;UOP01-DEL01-SP;204.0;-23.41236123;-46.35692496;2023-02-04;2023;2;2023-02;21;Noite;0;0;0;5
518353;2023-02-04;sabado;15:20:00;SP;381.0;30;ATIBAIA;Reação tardia ou ineficiente do condutor;Queda de ocupante de veículo;Com Vítimas Feridas;Pleno dia;Crescente;Céu Claro;Dupla;Reta;Sim;2;0;2;0;0;0;2;1;-23.04885102;-46.56482797;SPRF-SP;DEL03-SP;UOP02-DEL03-SP;30.0;-23.04885102;-46.56482797;2023-02-04;2023;2;2023-02;15;Tarde;0;0;2;5
503089;2023-02-04;sabado;16:00:00;SP;116.0;128;CACAPAVA;Ingestão de álcool pelo condutor;Colisão lateral mesmo sentido;Com Vítimas Feridas;Pleno dia;Crescente;Céu Claro;Dupla;Reta;Não;2;0;1;0;1;0;1;2;-23.11454664;-45.71105567;SPRF-SP;DEL02-SP;UOP02-DEL02-SP;128.0;-23.11454664;-45.71105567;2023-02-04;2023;2;2023-02;16;Tarde;0;0;1;5
502990;2023-02-04;sabado;02:50:00;SP;116.0;480;CAJATI;Ausência de reação do condutor;Saída de leito carroçável;Com Vítimas Feridas;Plena Noite;Crescente;Céu Claro;Múltipla;Reta;Não;1;0;1;0;0;0;1;1;-24.71316904;-48.02690398;SPRF-SP;DEL05-SP;UOP01-DEL05-SP;480.0;-24.71316904;-48.02690398;2023-02-04;2023;2;2023-02;2;Madrugada;0;0;1;5
503065;2023-02-04;sabado;14:00:00;SP;116.0;514;CAJATI;Reação tardia ou ineficiente do condutor;Queda de ocupante de veículo;Com Vítimas Feridas;Pleno dia;Decrescente;Céu Claro;Simples;Não Informado;Não;2;0;1;1;0;0;2;1;-24.85874304;-48.21731282;SPRF-SP;DEL05-SP;UOP02-DEL05-SP;514.0;-24.85874304;-48.21731282;2023-02-04;2023;2;2023-02;14;Tarde;0;1;4;5
502977;2023-02-04;sabado;02:50:00;SP;116.0;178.3;GUARAREMA;Pedestre andava na pista;Atropelamento de Pedestre;Com Vítimas Fatais;Plena Noite;Decrescente;Garoa/Chuvisco;Dupla;Reta;Não;2;1;0;0;1;0;0;1;-23.327667;-46.128108;SPRF-SP;DEL01-SP;UOP01-DEL01-SP;178.3;-23.327667;-46.128108;2023-02-04;2023;2;2023-02;2;Madrugada;1;1;5;5
503182;2023-02-04;sabado;22:45:00;SP;116.0;219;GUARULHOS;Acessar a via sem observar a presença dos outros veículos;Atropelamento de Pedestre;Com Vítimas Feridas;Plena Noite;Decrescente;Nublado;Dupla;Reta;Sim;2;0;2;0;0;0;2;1;-23.46143954;-46.48885316;SPRF-SP;DEL01-SP;UOP01-DEL01-SP;219.0;-23.46143954;-46.48885316;2023-02-04;2023;2;2023-02;22;Noite;0;0;2;5
503208;2023-02-04;sabado;23:40:00;SP;116.0;298;ITAPECERICA DA SERRA;Pedestre andava na pista;Atropelamento de Pedestre;Com Vítimas Fatais;Plena Noite;Crescente;Céu Claro;Dupla;Reta;Não;2;1;0;0;1;0;0;1;-23.790858;-46.91450298;SPRF-SP;DEL04-SP;UOP01-DEL04-SP;298.0;-23.790858;-46.91450298;2023-02-04;2023;2;2023-02;23;Noite;1;1;5;5
503185;2023-02-04;sabado;16:30:00;SP;381.0;62;MAIRIPORA;Ausência de reação do condutor;Queda de ocupante de veículo;Com Vítimas Feridas;Pleno dia;Crescente;Garoa/Chuvisco;Simples;Não Informado;Sim;1;0;1;0;0;0;1;1;-23.29437896;-46.57254696;SPRF-SP;DEL03-SP;UOP01-DEL03-SP;62.0;-23.29437896;-46.57254696;2023-02-04;2023;2;2023-02;16;Tarde;0;0;1;5
503144;2023-02-04;sabado;19:50:00;SP;116.0;97.9;PINDAMONHANGABA;Manobra de mudança de faixa;Colisão lateral mesmo sentido;Com Vítimas Feridas;Plena Noite;Crescente;Nublado;Dupla;Reta;Não;2;0;1;0;1;0;1;2;-22.97375666;-45.44726115;SPRF-SP;DEL08-SP;UOP01-DEL08-SP;97.9;-22.97375666;-45.44726115;2023-02-04;2023;2;2023-02;19;Noite;0;0;1;5
503110;2023-02-04;sabado;17:50:00;SP;116.0;423;REGISTRO;Condutor Dormindo;Capotamento;Com Vítimas Feridas;Pleno dia;Decrescente;Céu Claro;Dupla;Reta;Não;5;0;1;0;4;0;1;1;-24.36998162;-47.69893813;SPRF-SP;DEL05-SP;UOP01-DEL05-SP;423.0;-24.36998162;-47.69893813;2023-02-04;2023;2;2023-02;17;Tarde;0;0;1;5
503113;2023-02-04;sabado;17:03:00;SP;153.0;60.9;SAO JOSE DO RIO PRETO;Pista Escorregadia;Tombamento;Com Vítimas Feridas;Pleno dia;Crescente;Nublado;Dupla;Não Informado;Sim;2;0;2;0;0;0;2;1;-20.79627979;-49.35480206;SPRF-SP;DEL09-SP;UOP01-DEL09-SP;60.9;-20.79627979;-49.35480206;2023-02-04;2023;2;2023-02;17;Tarde;0;0;2;5
503146;2023-02-04;sabado;20:10:00;SP;153.0;65.3;SAO JOSE DO RIO PRETO;Ingestão de álcool pelo condutor;Saída de leito carroçável;Sem Vítimas;Plena Noite;Crescente;Chuva;Dupla;Reta;Sim;1;0;0;0;1;0;0;1;-20.8355877;-49.36570039;SPRF-SP;DEL09-SP;UOP01-DEL09-SP;65.3;-20.8355877;-49.36570039;2023-02-04;2023;2;2023-02;20;Noite;0;0;0;5
503007;2023-02-04;sabado;06:45:00;SP;116.0;155;SAO JOSE DOS CAMPOS;Reação tardia ou ineficiente do condutor;Colisão traseira;Sem Vítimas;Pleno dia;Crescente;Nublado;Dupla;Não Informado;Não;6;0;0;0;5;1;0;2;-23.24524337;-45.92772774;SPRF-SP;DEL02-SP;UOP01-DEL02-SP;155.0;-23.24524337;-45.92772774;2023-02-04;2023;2;2023-02;6;Manha;0;0;0;5
503038;2023-02-04;sabado;12:00:00;SP;116.0;230;SAO PAULO;Manobra de mudança de faixa;Colisão lateral mesmo sentido;Com Vítimas Feridas;Pleno dia;Decrescente;Céu Claro;Múltipla;Reta;Sim;5;0;1;0;4;0;1;2;-23.52251783;-46.5855702;SPRF-SP;DEL01-SP;UOP01-DEL01-SP;230.0;-23.52251783;-46.5855702;2023-02-04;2023;2;2023-02;12;Tarde;0;0;1;5
503054;2023-02-04;sabado;12:30:00;SP;381.0;86;SAO PAULO;Condutor deixou de manter distância do veículo da frente;Colisão traseira;Com Vítimas Feridas;Pleno dia;Crescente;Sol;Múltipla;Reta;Não;3;0;2;0;1;0;2;2;-23.45930499;-46.57161179;SPRF-SP;DEL03-SP;UOP01-DEL03-SP;86.0;-23.45930499;-46.57161179;2023-02-04;2023;2;2023-02;12;Tarde;0;0;2;5
503177;2023-02-04;sabado;19:15:00;SP;381.0;87;SAO PAULO;Pista Escorregadia;Queda de ocupante de veículo;Com Vítimas Feridas;Anoitecer;Decrescente;Chuva;Múltipla;Reta;Não;1;0;1;0;0;0;1;1;-23.46885001;-46.56996601;SPRF-SP;DEL03-SP;UOP01-DEL03-SP;87.0;-23.46885001;-46.56996601;2023-02-04;2023;2;2023-02;19;Noite;0;0;1;5
503012;2023-02-04;sabado;06:30:00;SP;101.0;40;UBATUBA;Ingestão de álcool pelo condutor;Colisão frontal;Com Vítimas Feridas;Pleno dia;Decrescente;Sol;Simples;Reta;Sim;3;0;2;0;1;0;2;2;-23.41495528;-45.03516778;SPRF-SP;DEL06-SP;UOP01-DEL06-SP;40.0;-23.41495528;-45.03516778;2023-02-04;2023;2;2023-02;6;Manha;0;0;2;5
503041;2023-02-04;sabado;11:30:00;SP;101.0;47;UBATUBA;Condutor deixou de manter distância do veículo da frente;Colisão traseira;Sem Vítimas;Pleno dia;Decrescente;Sol;Simples;Reta;Sim;3;0;0;0;3;0;0;3;-23.429897;-45.082436;SPRF-SP;DEL06-SP;UOP01-DEL06-SP;47.0;-23.429897;-45.082436;2023-02-04;2023;2;2023-02;11;Manha;0;0;0;5
503119;2023-02-04;sabado;18:40:00;SP;101.0;46.9;UBATUBA;Ingestão de álcool pelo condutor;Colisão traseira;Com Vítimas Feridas;Anoitecer;Crescente;Céu Claro;Simples;Reta;Sim;3;0;0;1;2;0;1;2;-23.429897;-45.082436;SPRF-SP;DEL06-SP;UOP01-DEL06-SP;46.9;-23.429897;-45.082436;2023-02-04;2023;2;2023-02;18;Noite;0;1;3;5
503337;2023-02-05;domingo;17:10:00;SP;116.0;122.5;CACAPAVA;Condutor deixou de manter distância do veículo da frente;Colisão traseira;Sem Vítimas;Pleno dia;Decrescente;Nublado;Dupla;Não Informado;Não;5;0;0;0;4;1;0;2;-23.08754228;-45.66969781;SPRF-SP;DEL02-SP;UOP02-DEL02-SP;122.5;-23.08754228;-45.66969781;2023-02-05;2023;2;2023-02;17;Tarde;0;0;0;6
503249;2023-02-05;domingo;08:45:00;SP;116.0;223;GUARULHOS;Manobra de mudança de faixa;Colisão com objeto;Com Vítimas Feridas;Pleno dia;Decrescente;Céu Claro;Múltipla;Reta;Sim;2;0;0;1;0;1;1;2;-23.47559815;-46.5246609;SPRF-SP;DEL01-SP;UOP01-DEL01-SP;223.0;-23.47559815;-46.5246609;2023-02-05;2023;2;2023-02;8;Manha;0;1;3;6
503348;2023-02-05;domingo;18:44:00;SP;381.0;71;MAIRIPORA;Ausência de reação do condutor;Queda de ocupante de veículo;Com Vítimas Feridas;Anoitecer;Crescente;Céu Claro;Dupla;Curva;Não;3;0;1;0;2;0;1;2;-23.35047979;-46.55267274;SPRF-SP;DEL03-SP;UOP01-DEL03-SP;71.0;-23.35047979;-46.55267274;2023-02-05;2023;2;2023-02;18;Noite;0;0;1;6
503372;2023-02-05;domingo;20:10:00;SP;381.0;71;MAIRIPORA;Reação tardia ou ineficiente do condutor;Colisão traseira;Com Vítimas Feridas;Plena Noite;Crescente;Garoa/Chuvisco;Múltipla;Reta;Não;3;0;1;0;2;0;1;2;-23.35047979;-46.55267274;SPRF-SP;DEL03-SP;UOP01-DEL03-SP;71.0;-23.35047979;-46.55267274;2023-02-05;2023;2;2023-02;20;Noite;0;0;1;6
503281;2023-02-05;domingo;11:00:00;SP;116.0;186;SANTA ISABEL;Acumulo de areia ou detritos sobre o pavimento;Queda de ocupante de veículo;Com Vítimas Feridas;Pleno dia;Crescente;Céu Claro;Dupla;Curva;Não;2;0;1;0;1;0;1;1;-23.35316717;-46.19754761;SPRF-SP;DEL01-SP;UOP01-DEL01-SP;186.0;-23.35316717;-46.19754761;2023-02-05;2023;2;2023-02;11;Manha;0;0;1;6
504059;2023-02-05;domingo;09:20:00;SP;116.0;178;SANTA ISABEL;Manobra de mudança de faixa;Colisão traseira;Com Vítimas Feridas;Pleno dia;Decrescente;Nublado;Dupla;Não Informado;Não;10;0;2;0;8;0;2;3;-23.327667;-46.128108;SPRF-SP;DEL01-SP;UOP01-DEL01-SP;178.0;-23.327667;-46.128108;2023-02-05;2023;2;2023-02;9;Manha;0;0;2;6
503287;2023-02-05;domingo;11:50:00;SP;381.0;75;SAO PAULO;Avarias e/ou desgaste excessivo no pneu;Queda de ocupante de veículo;Com Vítimas Feridas;Pleno dia;Decrescente;Céu Claro;Dupla;Não Informado;Não;2;0;2;0;0;0;2;1;-23.37660089;-46.56409613;SPRF-SP;DEL03-SP;UOP01-DEL03-SP;75.0;-23.37660089;-46.56409613;2023-02-05;2023;2;2023-02;11;Manha;0;0;2;6
503214;2023-02-05;domingo;01:30:00;SP;381.0;11.2;VARGEM;Reação tardia ou ineficiente do condutor;Saída de leito carroçável;Com Vítimas Feridas;Plena Noite;Crescente;Céu Claro;Dupla;Reta;Não;4;0;2;0;2;0;2;1;-22.92494964;-46.45274015;SPRF-SP;DEL03-SP;UOP02-DEL03-SP;11.2;-22.92494964;-46.45274015;2023-02-05;2023;2;2023-02;1;Madrugada;0;0;2;6
503426;2023-02-06;segunda-feira;04:00:00;SP;488.0;4.1;APARECIDA;Velocidade Incompatível;Capotamento;Com Vítimas Feridas;Amanhecer;Crescente;Céu Claro;Dupla;Curva;Sim;2;0;1;0;0;1;1;1;-22.85861129;-45.25153112;SPRF-SP;DEL08-SP;UOP01-DEL08-SP;4.1;-22.85861129;-45.25153112;2023-02-06;2023;2;2023-02;4;Madrugada;0;0;1;0
503585;2023-02-06;segunda-feira;18:21:00;SP;116.0;545;BARRA DO TURVO;Reação tardia ou ineficiente do condutor;Saída de leito carroçável;Com Vítimas Feridas;Anoitecer;Crescente;Céu Claro;Dupla;Curva;Não;2;0;1;1;0;0;2;1;-24.95016699;-48.42400302;SPRF-SP;DEL05-SP;UOP02-DEL05-SP;545.0;-24.95016699;-48.42400302;2023-02-06;2023;2;2023-02;18;Noite;0;1;4;0
503436;2023-02-06;segunda-feira;06:30:00;SP;381.0;22;BRAGANCA PAULISTA;Avarias e/ou desgaste excessivo no pneu;Queda de ocupante de veículo;Com Vítimas Feridas;Pleno dia;Crescente;Garoa/Chuvisco;Simples;Retorno Regulamentado;Não;1;0;1;0;0;0;1;1;-22.99697186;-46.5163051;SPRF-SP;DEL03-SP;UOP02-DEL03-SP;22.0;-22.99697186;-46.5163051;2023-02-06;2023;2;2023-02;6;Manha;0;0;1;0
503540;2023-02-06;segunda-feira;15:00:00;SP;116.0;128.3;CACAPAVA;Condutor deixou de manter distância do veículo da frente;Colisão traseira;Com Vítimas Feridas;Pleno dia;Decrescente;Nublado;Dupla;Reta;Sim;3;0;1;0;1;1;1;2;-23.11454664;-45.71105567;SPRF-SP;DEL02-SP;UOP02-DEL02-SP;128.3;-23.11454664;-45.71105567;2023-02-06;2023;2;2023-02;15;Tarde;0;0;1;0
503469;2023-02-06;segunda-feira;08:30:00;SP;116.0;275;EMBU DAS ARTES;Reação tardia ou ineficiente do condutor;Colisão traseira;Com Vítimas Feridas;Pleno dia;Decrescente;Sol;Dupla;Reta;Sim;2;0;1;0;1;0;1;2;-23.63638826;-46.83251584;SPRF-SP;DEL04-SP;UOP01-DEL04-SP;275.0;-23.63638826;-46.83251584;2023-02-06;2023;2;2023-02;8;Manha;0;0;1;0
503563;2023-02-06;segunda-feira;18:15:00;SP;116.0;225;GUARULHOS;Reação tardia ou ineficiente do condutor;Colisão traseira;Com Vítimas Feridas;Anoitecer;Decrescente;Céu Claro;Dupla;Reta;Sim;3;0;1;0;2;0;1;2;-23.48586772;-46.54075317;SPRF-SP;DEL01-SP;UOP01-DEL01-SP;225.0;-23.48586772;-46.54075317;2023-02-06;2023;2;2023-02;18;Noite;0;0;1;0
503612;2023-02-06;segunda-feira;22:40:00;SP;116.0;206;GUARULHOS;Ingestão de álcool pelo condutor;Colisão transversal;Sem Vítimas;Plena Noite;Decrescente;Nublado;Múltipla;Reta;Sim;2;0;0;0;2;0;0;2;-23.41722629;-46.37510292;SPRF-SP;DEL01-SP;UOP01-DEL01-SP;206.0;-23.41722629;-46.37510292;2023-02-06;2023;2;2023-02;22;Noite;0;0;0;0
503489;2023-02-06;segunda-feira;11:10:00;SP;116.0;337;JUQUITIBA;Entrada inopinada do pedestre;Atropelamento de Pedestre;Com Vítimas Feridas;Pleno dia;Crescente;Sol;Dupla;Não Informado;Sim;2;0;0;1;1;0;1;1;-23.9818403;-47.14564419;SPRF-SP;DEL04-SP;UOP03-DEL04-SP;337.0;-23.9818403;-47.14564419;2023-02-06;2023;2;2023-02;11;Manha;0;1;3;0
503604;2023-02-06;segunda-feira;20:00:00;SP;381.0;69;MAIRIPORA;Ausência de reação do condutor;Saída de leito carroçável;Sem Vítimas;Plena Noite;Crescente;Céu Claro;Múltipla;Não Informado;Não;1;0;0;0;1;0;0;1;-23.34553108;-46.56787903;SPRF-SP;DEL03-SP;UOP01-DEL03-SP;69.0;-23.34553108;-46.56787903;2023-02-06;2023;2;2023-02;20;Noite;0;0;0;0
503556;2023-02-06;segunda-feira;18:00:00;SP;116.0;155;SAO JOSE DOS CAMPOS;Ausência de reação do condutor;Colisão traseira;Com Vítimas Feridas;Anoitecer;Decrescente;Chuva;Dupla;Desvio Temporário;Sim;2;0;1;0;1;0;1;2;-23.24524337;-45.92772774;SPRF-SP;DEL02-SP;UOP01-DEL02-SP;155.0;-23.24524337;-45.92772774;2023-02-06;2023;2;2023-02;18;Noite;0;0;1;0
503597;2023-02-06;segunda-feira;19:45:00;SP;116.0;150;SAO JOSE DOS CAMPOS;Condutor deixou de manter distância do veículo da frente;Colisão traseira;Com Vítimas Feridas;Plena Noite;Crescente;Céu Claro;Múltipla;Reta;Sim;1;0;1;0;0;0;1;1;-23.21335525;-45.8930588;SPRF-SP;DEL02-SP;UOP01-DEL02-SP;150.0;-23.21335525;-45.8930588;2023-02-06;2023;2;2023-02;19;Noite;0;0;1;0
503599;2023-02-06;segunda-feira;19:40:00;SP;116.0;151;SAO JOSE DOS CAMPOS;Ausência de reação do condutor;Colisão traseira;Com Vítimas Feridas;Plena Noite;Decrescente;Nublado;Dupla;Reta;Sim;3;0;1;0;2;0;1;2;-23.2193543;-45.899373;SPRF-SP;DEL02-SP;UOP01-DEL02-SP;151.0;-23.2193543;-45.899373;2023-02-06;2023;2;2023-02;19;Noite;0;0;1;0
503601;2023-02-06;segunda-feira;19:15:00;SP;116.0;142.5;SAO JOSE DOS CAMPOS;Acumulo de água sobre o pavimento;Colisão com objeto;Com Vítimas Feridas;Plena Noite;Decrescente;Chuva;Simples;Curva;Sim;1;0;1;0;0;0;1;1;-23.17426078;-45.82940111;SPRF-SP;DEL02-SP;UOP01-DEL02-SP;142.5;-23.17426078;-45.82940111;2023-02-06;2023;2;2023-02;19;Noite;0;0;1;0
503415;2023-02-06;segunda-feira;00:06:00;SP;381.0;80;SAO PAULO;Demais falhas mecânicas ou elétricas;Incêndio;Sem Vítimas;Plena Noite;Crescente;Chuva;Dupla;Reta;Não;1;0;0;0;1;0;0;1;-23.40889686;-46.58095945;SPRF-SP;DEL03-SP;UOP01-DEL03-SP;80.0;-23.40889686;-46.58095945;2023-02-06;2023;2;2023-02;0;Madrugada;0;0;0;0
503643;2023-02-06;segunda-feira;23:00:00;SP;116.0;270;TABOAO DA SERRA;Ultrapassagem Indevida;Queda de ocupante de veículo;Sem Vítimas;Plena Noite;Decrescente;Céu Claro;Dupla;Reta;Não;2;0;0;0;2;0;0;2;-23.61799728;-46.79677694;SPRF-SP;DEL04-SP;UOP01-DEL04-SP;270.0;-23.61799728;-46.79677694;2023-02-06;2023;2;2023-02;23;Noite;0;0;0;0
503675;2023-02-07;terca-feira;13:15:00;SP;116.0;538;BARRA DO TURVO;Ausência de reação do condutor;Colisão traseira;Com Vítimas Fatais;Pleno dia;Crescente;Céu Claro;Dupla;Reta;Não;3;1;0;1;1;0;1;2;-24.97172153;-48.37309592;SPRF-SP;DEL05-SP;UOP02-DEL05-SP;538.0;-24.97172153;-48.37309592;2023-02-07;2023;2;2023-02;13;Tarde;1;1;8;1
503641;2023-02-07;terca-feira;08:00:00;SP;116.0;216;GUARULHOS;Acostamento em desnível;Eventos atípicos;Sem Vítimas;Plena Noite;Crescente;Céu Claro;Múltipla;Reta;Sim;1;0;0;0;0;1;0;1;-23.45056589;-46.46258105;SPRF-SP;DEL01-SP;UOP01-DEL01-SP;216.0;-23.45056589;-46.46258105;2023-02-07;2023;2;2023-02;8;Manha;0;0;0;1
503646;2023-02-07;terca-feira;09:00:00;SP;116.0;405;MIRACATU;Condutor deixou de manter distância do veículo da frente;Colisão traseira;Com Vítimas Feridas;Pleno dia;Decrescente;Céu Claro;Dupla;Reta;Não;2;0;1;0;1;0;1;2;-24.32322982;-47.54625904;SPRF-SP;DEL04-SP;UOP02-DEL04-SP;405.0;-24.32322982;-47.54625904;2023-02-07;2023;2;2023-02;9;Manha;0;0;1;1
503756;2023-02-07;terca-feira;19:35:00;SP;116.0;144;SAO JOSE DOS CAMPOS;Condutor Dormindo;Colisão com objeto;Com Vítimas Feridas;Plena Noite;Decrescente;Chuva;Dupla;Reta;Não;3;0;0;1;2;0;1;3;-23.18274416;-45.84633592;SPRF-SP;DEL02-SP;UOP01-DEL02-SP;144.0;-23.18274416;-45.84633592;2023-02-07;2023;2;2023-02;19;Noite;0;1;3;1
509466;2023-02-07;terca-feira;16:00:00;SP;116.0;130;SAO JOSE DOS CAMPOS;Reação tardia ou ineficiente do condutor;Colisão lateral mesmo sentido;Sem Vítimas;Pleno dia;Crescente;Chuva;Dupla;Reta;Não;1;0;0;0;1;0;0;1;-23.12313858;-45.72792271;SPRF-SP;DEL02-SP;UOP02-DEL02-SP;130.0;-23.12313858;-45.72792271;2023-02-07;2023;2;2023-02;16;Tarde;0;0;0;1
503658;2023-02-07;terca-feira;09:05:00;SP;381.0;85.7;SAO PAULO;Pedestre cruzava a pista fora da faixa;Atropelamento de Pedestre;Com Vítimas Feridas;Pleno dia;Crescente;Garoa/Chuvisco;Dupla;Não Informado;Sim;2;0;2;0;0;0;2;1;-23.449343;-46.56983501;SPRF-SP;DEL03-SP;UOP01-DEL03-SP;85.7;-23.449343;-46.56983501;2023-02-07;2023;2;2023-02;9;Manha;0;0;2;1
503773;2023-02-07;terca-feira;22:40:00;SP;116.0;230.5;SAO PAULO;Estacionar ou parar em local proibido;Colisão lateral mesmo sentido;Com Vítimas Feridas;Plena Noite;Crescente;Nublado;Múltipla;Reta;Sim;6;0;1;0;5;0;1;4;-23.52251783;-46.5855702;SPRF-SP;DEL01-SP;UOP01-DEL01-SP;230.5;-23.52251783;-46.5855702;2023-02-07;2023;2;2023-02;22;Noite;0;0;1;1
503881;2023-02-08;quarta-feira;14:45:00;SP;116.0;204;ARUJA;Reação tardia ou ineficiente do condutor;Colisão traseira;Com Vítimas Feridas;Pleno dia;Decrescente;Nublado;Múltipla;Reta;Sim;5;0;2;0;3;0;2;3;-23.41236123;-46.35692496;SPRF-SP;DEL01-SP;UOP01-DEL01-SP;204.0;-23.41236123;-46.35692496;2023-02-08;2023;2;2023-02;14;Tarde;0;0;2;2
503842;2023-02-08;quarta-feira;08:50:00;SP;116.0;513;CAJATI;Reação tardia ou ineficiente do condutor;Saída de leito carroçável;Com Vítimas Feridas;Pleno dia;Decrescente;Céu Claro;Dupla;Não Informado;Não;3;0;2;0;1;0;2;2;-24.85022593;-48.20972443;SPRF-SP;DEL05-SP;UOP02-DEL05-SP;513.0;-24.85022593;-48.20972443;2023-02-08;2023;2;2023-02;8;Manha;0;0;2;2
503887;2023-02-08;quarta-feira;13:20:00;SP;116.0;511;CAJATI;Reação tardia ou ineficiente do condutor;Tombamento;Com Vítimas Feridas;Pleno dia;Crescente;Céu Claro;Dupla;Não Informado;Não;1;0;1;0;0;0;1;1;-24.83558399;-48.2223738;SPRF-SP;DEL05-SP;UOP02-DEL05-SP;511.0;-24.83558399;-48.2223738;2023-02-08;2023;2;2023-02;13;Tarde;0;0;1;2
503809;2023-02-08;quarta-feira;07:48:00;SP;116.0;209;GUARULHOS;Condutor deixou de manter distância do veículo da frente;Colisão lateral mesmo sentido;Com Vítimas Feridas;Pleno dia;Crescente;Céu Claro;Dupla;Reta;Sim;3;0;3;0;0;0;3;2;-23.42511799;-46.40221101;SPRF-SP;DEL01-SP;UOP01-DEL01-SP;209.0;-23.42511799;-46.40221101;2023-02-08;2023;2;2023-02;7;Manha;0;0;3;2
503885;2023-02-08;quarta-feira;14:30:00;SP;116.0;287;ITAPECERICA DA SERRA;Acessar a via sem observar a presença dos outros veículos;Atropelamento de Pedestre;Com Vítimas Feridas;Pleno dia;Crescente;Céu Claro;Dupla;Reta;Sim;2;0;1;0;1;0;1;1;-23.71441779;-46.87929634;SPRF-SP;DEL04-SP;UOP01-DEL04-SP;287.0;-23.71441779;-46.87929634;2023-02-08;2023;2;2023-02;14;Tarde;0;0;1;2
503914;2023-02-08;quarta-feira;17:55:00;SP;116.0;296.1;ITAPECERICA DA SERRA;Ultrapassagem Indevida;Tombamento;Com Vítimas Feridas;Anoitecer;Crescente;Céu Claro;Dupla;Reta;Não;1;0;1;0;0;0;1;1;-23.775485;-46.914416;SPRF-SP;DEL04-SP;UOP01-DEL04-SP;296.1;-23.775485;-46.914416;2023-02-08;2023;2;2023-02;17;Tarde;0;0;1;2
503871;2023-02-08;quarta-feira;12:19:00;SP;381.0;64;MAIRIPORA;Demais falhas mecânicas ou elétricas;Queda de ocupante de veículo;Com Vítimas Feridas;Pleno dia;Crescente;Sol;Múltipla;Reta;Não;1;0;1;0;0;0;1;1;-23.3089645;-46.57924651;SPRF-SP;DEL03-SP;UOP01-DEL03-SP;64.0;-23.3089645;-46.57924651;2023-02-08;2023;2;2023-02;12;Tarde;0;0;1;2
503867;2023-02-08;quarta-feira;13:30:00;SP;153.0;44;ONDA VERDE;Demais falhas mecânicas ou elétricas;Incêndio;Com Vítimas Feridas;Pleno dia;Crescente;Nublado;Simples;Reta;Não;2;0;0;1;1;0;1;2;-20.65497601;-49.34121741;SPRF-SP;DEL09-SP;UOP01-DEL09-SP;44.0;-20.65497601;-49.34121741;2023-02-08;2023;2;2023-02;13;Tarde;0;1;3;2
503872;2023-02-08;quarta-feira;13:30:00;SP;381.0;82;SAO PAULO;Faixas de trânsito com largura insuficiente;Colisão lateral mesmo sentido;Sem Vítimas;Pleno dia;Crescente;Céu Claro;Simples;Não Informado;Sim;3;0;0;0;3;0;0;2;-23.42399;-46.575112;SPRF-SP;DEL03-SP;UOP01-DEL03-SP;82.0;-23.42399;-46.575112;2023-02-08;2023;2;2023-02;13;Tarde;0;0;0;2
503920;2023-02-08;quarta-feira;18:25:00;SP;116.0;227;SAO PAULO;Reação tardia ou ineficiente do condutor;Colisão lateral mesmo sentido;Com Vítimas Feridas;Plena Noite;Decrescente;Nublado;Dupla;Reta;Sim;3;0;2;0;1;0;2;2;-23.49659264;-46.55648754;SPRF-SP;DEL01-SP;UOP01-DEL01-SP;227.0;-23.49659264;-46.55648754;2023-02-08;2023;2;2023-02;18;Noite;0;0;2;2
504097;2023-02-09;quinta-feira;19:00:00;SP;116.0;491;CAJATI;Reação tardia ou ineficiente do condutor;Tombamento;Com Vítimas Feridas;Anoitecer;Crescente;Céu Claro;Dupla;Reta;Não;2;0;1;0;1;0;1;1;-24.73981193;-48.12375607;SPRF-SP;DEL05-SP;UOP01-DEL05-SP;491.0;-24.73981193;-48.12375607;2023-02-09;2023;2;2023-02;19;Noite;0;0;1;3
503994;2023-02-09;quinta-feira;07:40:00;SP;116.0;226.6;GUARULHOS;Manobra de mudança de faixa;Colisão lateral mesmo sentido;Com Vítimas Feridas;Pleno dia;Crescente;Nublado;Múltipla;Reta;Sim;3;0;2;0;1;0;2;2;-23.49102507;-46.54878195;SPRF-SP;DEL01-SP;UOP01-DEL01-SP;226.6;-23.49102507;-46.54878195;2023-02-09;2023;2;2023-02;7;Manha;0;0;2;3
504098;2023-02-09;quinta-feira;19:00:00;SP;116.0;211;GUARULHOS;Ausência de reação do condutor;Colisão traseira;Com Vítimas Feridas;Plena Noite;Crescente;Nublado;Dupla;Reta;Sim;3;0;1;0;2;0;1;2;-23.4324306;-46.4194352;SPRF-SP;DEL01-SP;UOP01-DEL01-SP;211.0;-23.4324306;-46.4194352;2023-02-09;2023;2;2023-02;19;Noite;0;0;1;3
504083;2023-02-09;quinta-feira;16:00:00;SP;153.0;3;ICEM;Transitar na contramão;Colisão frontal;Com Vítimas Fatais;Pleno dia;Crescente;Céu Claro;Simples;Reta;Não;6;2;4;0;0;0;4;3;-20.33042017;-49.2128492;SPRF-SP;DEL09-SP;UOP01-DEL09-SP;3.0;-20.33042017;-49.2128492;2023-02-09;2023;2;2023-02;16;Tarde;1;1;14;3
503985;2023-02-09;quinta-feira;07:09:00;SP;153.0;59;SAO JOSE DO RIO PRETO;Condutor deixou de manter distância do veículo da frente;Colisão traseira;Com Vítimas Feridas;Pleno dia;Crescente;Céu Claro;Dupla;Reta;Sim;2;0;1;0;1;0;1;2;-20.78733103;-49.35399276;SPRF-SP;DEL09-SP;UOP01-DEL09-SP;59.0;-20.78733103;-49.35399276;2023-02-09;2023;2;2023-02;7;Manha;0;0;1;3
504124;2023-02-09;quinta-feira;18:00:00;SP;116.0;154.6;SAO JOSE DOS CAMPOS;Manobra de mudança de faixa;Colisão lateral mesmo sentido;Com Vítimas Feridas;Plena Noite;Crescente;Chuva;Múltipla;Não Informado;Sim;2;0;1;0;1;0;1;2;-23.23903999;-45.92061901;SPRF-SP;DEL02-SP;UOP01-DEL02-SP;154.6;-23.23903999;-45.92061901;2023-02-09;2023;2;2023-02;18;Noite;0;0;1;3
504125;2023-02-09;quinta-feira;18:05:00;SP;116.0;155;SAO JOSE DOS CAMPOS;Manobra de mudança de faixa;Colisão lateral mesmo sentido;Com Vítimas Feridas;Anoitecer;Crescente;Chuva;Múltipla;Não Informado;Sim;2;0;1;0;1;0;1;2;-23.25044084;-45.93572909;SPRF-SP;DEL02-SP;UOP01-DEL02-SP;155.0;-23.25044084;-45.93572909;2023-02-09;2023;2;2023-02;18;Noite;0;0;1;3
504146;2023-02-09;quinta-feira;23:20:00;SP;116.0;269.5;TABOAO DA SERRA;Condutor desrespeitou a iluminação vermelha do semáforo;Colisão transversal;Com Vítimas Feridas;Plena Noite;Decrescente;Nublado;Múltipla;Não Informado;Sim;3;0;1;1;1;0;2;2;-23.61593059;-46.78826044;SPRF-SP;DEL04-SP;UOP01-DEL04-SP;269.5;-23.61593059;-46.78826044;2023-02-09;2023;2;2023-02;23;Noite;0;1;4;3
504079;2023-02-09;quinta-feira;16:30:00;SP;101.0;50.6;UBATUBA;Acessar a via sem observar a presença dos outros veículos;Colisão transversal;Com Vítimas Feridas;Pleno dia;Decrescente;Céu Claro;Simples;Reta;Sim;3;0;0;1;2;0;1;2;-23.45322707;-45.07432938;SPRF-SP;DEL06-SP;UOP01-DEL06-SP;50.6;-23.45322707;-45.07432938;2023-02-09;2023;2;2023-02;16;Tarde;0;1;3;3
504165;2023-02-10;sexta-feira;03:50:00;SP;381.0;18.4;BRAGANCA PAULISTA;Reação tardia ou ineficiente do condutor;Saída de leito carroçável;Com Vítimas Feridas;Plena Noite;Crescente;Céu Claro;Dupla;Não Informado;Não;1;0;0;1;0;0;1;1;-22.97781786;-46.48995212;SPRF-SP;DEL03-SP;UOP02-DEL03-SP;18.4;-22.97781786;-46.48995212;2023-02-10;2023;2;2023-02;3;Madrugada;0;1;3;4
504299;2023-02-10;sexta-feira;18:00:00;SP;116.0;279;EMBU DAS ARTES;Entrada inopinada do pedestre;Atropelamento de Pedestre;Com Vítimas Feridas;Pleno dia;Crescente;Céu Claro;Dupla;Reta;Sim;3;0;1;0;2;0;1;1;-23.66233697;-46.85292907;SPRF-SP;DEL04-SP;UOP01-DEL04-SP;279.0;-23.66233697;-46.85292907;2023-02-10;2023;2;2023-02;18;Noite;0;0;1;4
504261;2023-02-10;sexta-feira;11:50:00;SP;381.0;85;GUARULHOS;Transitar na contramão;Colisão transversal;Sem Vítimas;Pleno dia;Crescente;Sol;Múltipla;Interseção de vias;Sim;4;0;0;0;3;1;0;3;-23.449343;-46.56983501;SPRF-SP;DEL03-SP;UOP01-DEL03-SP;85.0;-23.449343;-46.56983501;2023-02-10;2023;2;2023-02;11;Manha;0;0;0;4
504282;2023-02-10;sexta-feira;16:45:00;SP;116.0;3;GUARULHOS;Acessar a via sem observar a presença dos outros veículos;Atropelamento de Pedestre;Com Vítimas Feridas;Pleno dia;Crescente;Nublado;Dupla;Reta;Não;2;0;1;0;1;0;1;1;-23.463257;-46.53373;SPRF-SP;DEL01-SP;UOP01-DEL01-SP;3.0;-23.463257;-46.53373;2023-02-10;2023;2;2023-02;16;Tarde;0;0;1;4
504289;2023-02-10;sexta-feira;17:40:00;SP;116.0;220;GUARULHOS;Ausência de reação do condutor;Colisão lateral mesmo sentido;Com Vítimas Feridas;Pleno dia;Decrescente;Nublado;Múltipla;Reta;Sim;2;0;1;0;1;0;1;2;-23.46472809;-46.49793962;SPRF-SP;DEL01-SP;UOP01-DEL01-SP;220.0;-23.46472809;-46.49793962;2023-02-10;2023;2;2023-02;17;Tarde;0;0;1;4
504309;2023-02-10;sexta-feira;19:00:00;SP;116.0;214;GUARULHOS;Trafegar com motocicleta (ou similar) entre as faixas;Colisão lateral mesmo sentido;Com Vítimas Feridas;Plena Noite;Crescente;Garoa/Chuvisco;Simples;Não Informado;Sim;2;0;1;0;1;0;1;2;-23.44333014;-46.44531294;SPRF-SP;DEL01-SP;UOP01-DEL01-SP;214.0;-23.44333014;-46.44531294;2023-02-10;2023;2;2023-02;19;Noite;0;0;1;4
504332;2023-02-10;sexta-feira;19:00:00;SP;381.0;89.3;GUARULHOS;Reação tardia ou ineficiente do condutor;Colisão lateral mesmo sentido;Com Vítimas Feridas;Plena Noite;Crescente;Chuva;Múltipla;Reta;Não;2;0;1;0;1;0;1;2;-23.48469299;-46.55983288;SPRF-SP;DEL03-SP;UOP01-DEL03-SP;89.3;-23.48469299;-46.55983288;2023-02-10;2023;2;2023-02;19;Noite;0;0;1;4
504225;2023-02-10;sexta-feira;11:00:00;SP;116.0;187;SANTA ISABEL;Ausência de reação do condutor;Colisão traseira;Com Vítimas Feridas;Pleno dia;Decrescente;Nublado;Múltipla;Reta;Não;3;0;2;0;1;0;2;2;-23.35713072;-46.20737811;SPRF-SP;DEL01-SP;UOP01-DEL01-SP;187.0;-23.35713072;-46.20737811;2023-02-10;2023;2;2023-02;11;Manha;0;0;2;4
504213;2023-02-10;sexta-feira;09:00:00;SP;381.0;89;SAO PAULO;Manobra de mudança de faixa;Colisão lateral mesmo sentido;Com Vítimas Feridas;Pleno dia;Crescente;Céu Claro;Múltipla;Reta;Não;2;0;1;0;1;0;1;2;-23.48469299;-46.55983288;SPRF-SP;DEL03-SP;UOP01-DEL03-SP;89.0;-23.48469299;-46.55983288;2023-02-10;2023;2;2023-02;9;Manha;0;0;1;4
504369;2023-02-10;sexta-feira;23:40:00;SP;116.0;109.8;TAUBATE;Ultrapassagem Indevida;Colisão lateral mesmo sentido;Com Vítimas Feridas;Plena Noite;Decrescente;Chuva;Dupla;Reta;Não;3;0;1;0;2;0;1;2;-23.02871304;-45.54517097;SPRF-SP;DEL02-SP;UOP02-DEL02-SP;109.8;-23.02871304;-45.54517097;2023-02-10;2023;2;2023-02;23;Noite;0;0;1;4
504508;2023-02-11;sabado;16:22:00;SP;381.0;52.1;ATIBAIA;Reação tardia ou ineficiente do condutor;Colisão com objeto;Com Vítimas Feridas;Pleno dia;Decrescente;Garoa/Chuvisco;Dupla;Não Informado;Não;2;0;2;0;0;0;2;1;-23.2300622;-46.59963076;SPRF-SP;DEL03-SP;UOP01-DEL03-SP;52.1;-23.2300622;-46.59963076;2023-02-11;2023;2;2023-02;16;Tarde;0;0;2;5
504400;2023-02-11;sabado;06:00:00;SP;116.0;128.3;CACAPAVA;Velocidade Incompatível;Colisão com objeto;Com Vítimas Feridas;Amanhecer;Crescente;Nublado;Dupla;Reta;Sim;1;0;0;1;0;0;1;1;-23.11454664;-45.71105567;SPRF-SP;DEL02-SP;UOP02-DEL02-SP;128.3;-23.11454664;-45.71105567;2023-02-11;2023;2;2023-02;6;Manha;0;1;3;5
504415;2023-02-11;sabado;08:30:00;SP;116.0;511;CAJATI;Pista Escorregadia;Colisão com objeto;Com Vítimas Feridas;Pleno dia;Crescente;Garoa/Chuvisco;Simples;Não Informado;Não;2;0;1;0;1;0;1;1;-24.83558399;-48.2223738;SPRF-SP;DEL05-SP;UOP02-DEL05-SP;511.0;-24.83558399;-48.2223738;2023-02-11;2023;2;2023-02;8;Manha;0;0;1;5
504467;2023-02-11;sabado;14:00:00;SP;116.0;161;JACAREI;Reação tardia ou ineficiente do condutor;Colisão traseira;Com Vítimas Feridas;Pleno dia;Decrescente;Nublado;Dupla;Reta;Não;3;0;2;0;1;0;2;2;-23.27617003;-45.97592098;SPRF-SP;DEL02-SP;UOP01-DEL02-SP;161.0;-23.27617003;-45.97592098;2023-02-11;2023;2;2023-02;14;Tarde;0;0;2;5
504582;2023-02-11;sabado;23:00:00;SP;153.0;113.5;JOSE BONIFACIO;Transitar na contramão;Colisão frontal;Com Vítimas Feridas;Plena Noite;Decrescente;Céu Claro;Simples;Reta;Não;3;0;0;1;2;0;1;2;-21.11299309;-49.68678482;SPRF-SP;DEL09-SP;UOP01-DEL09-SP;113.5;-21.11299309;-49.68678482;2023-02-11;2023;2;2023-02;23;Noite;0;1;3;5
504485;2023-02-11;sabado;15:20:00;SP;381.0;61;MAIRIPORA;Ultrapassagem Indevida;Colisão lateral mesmo sentido;Com Vítimas Feridas;Pleno dia;Decrescente;Nublado;Dupla;Não Informado;Não;3;0;1;0;0;2;1;2;-23.29011611;-46.5800681;SPRF-SP;DEL03-SP;UOP01-DEL03-SP;61.0;-23.29011611;-46.5800681;2023-02-11;2023;2;2023-02;15;Tarde;0;0;1;5
504593;2023-02-11;sabado;22:50:00;SP;116.0;461;PARIQUERA-ACU;Acessar a via sem observar a presença dos outros veículos;Colisão traseira;Com Vítimas Feridas;Plena Noite;Decrescente;Garoa/Chuvisco;Dupla;Reta;Não;2;0;0;1;0;1;1;2;-24.61672184;-47.88933615;SPRF-SP;DEL05-SP;UOP01-DEL05-SP;461.0;-24.61672184;-47.88933615;2023-02-11;2023;2;2023-02;22;Noite;0;1;3;5
504381;2023-02-11;sabado;05:10:00;SP;116.0;447;REGISTRO;Reação tardia ou ineficiente do condutor;Saída de leito carroçável;Com Vítimas Feridas;Plena Noite;Decrescente;Nublado;Dupla;Não Informado;Sim;4;0;2;0;2;0;2;1;-24.51285376;-47.85054871;SPRF-SP;DEL05-SP;UOP01-DEL05-SP;447.0;-24.51285376;-47.85054871;2023-02-11;2023;2;2023-02;5;Madrugada;0;0;2;5
504585;2023-02-11;sabado;23:50:00;SP;153.0;321.5;RIBEIRAO DO SUL;Pista esburacada;Queda de ocupante de veículo;Com Vítimas Feridas;Plena Noite;Decrescente;Céu Claro;Simples;Reta;Não;1;0;1;0;0;0;1;1;-22.770075;-49.889694;SPRF-SP;DEL07-SP;UOP03-DEL07-SP;321.5;-22.770075;-49.889694;2023-02-11;2023;2;2023-02;23;Noite;0;0;1;5
517979;2023-02-11;sabado;23:50:00;SP;116.0;77.3;ROSEIRA;Reação tardia ou ineficiente do condutor;Colisão traseira;Com Vítimas Feridas;Plena Noite;Decrescente;Nublado;Dupla;Reta;Não;2;0;1;0;1;0;1;2;-22.88334222;-45.27934983;SPRF-SP;DEL08-SP;UOP01-DEL08-SP;77.3;-22.88334222;-45.27934983;2023-02-11;2023;2;2023-02;23;Noite;0;0;1;5
504444;2023-02-11;sabado;11:20:00;SP;153.0;61.9;SAO JOSE DO RIO PRETO;Reação tardia ou ineficiente do condutor;Colisão traseira;Com Vítimas Feridas;Pleno dia;Crescente;Nublado;Dupla;Reta;Sim;3;0;1;0;2;0;1;2;-20.80502876;-49.35574909;SPRF-SP;DEL09-SP;UOP01-DEL09-SP;61.9;-20.80502876;-49.35574909;2023-02-11;2023;2;2023-02;11;Manha;0;0;1;5
504447;2023-02-11;sabado;11:49:00;SP;153.0;47.5;SAO JOSE DO RIO PRETO;Objeto estático sobre o leito carroçável;Colisão traseira;Com Vítimas Feridas;Pleno dia;Decrescente;Nublado;Simples;Não Informado;Sim;3;0;0;1;1;1;1;2;-20.68199298;-49.34015562;SPRF-SP;DEL09-SP;UOP01-DEL09-SP;47.5;-20.68199298;-49.34015562;2023-02-11;2023;2;2023-02;11;Manha;0;1;3;5
504374;2023-02-11;sabado;03:30:00;SP;116.0;141.6;SAO JOSE DOS CAMPOS;Chuva;Queda de ocupante de veículo;Com Vítimas Feridas;Plena Noite;Decrescente;Chuva;Dupla;Reta;Sim;1;0;1;0;0;0;1;1;-23.17004717;-45.82091491;SPRF-SP;DEL02-SP;UOP01-DEL02-SP;141.6;-23.17004717;-45.82091491;2023-02-11;2023;2;2023-02;3;Madrugada;0;0;1;5
504538;2023-02-11;sabado;20:30:00;SP;116.0;149.9;SAO JOSE DOS CAMPOS;Ausência de reação do condutor;Colisão com objeto;Sem Vítimas;Plena Noite;Crescente;Nublado;Dupla;Não Informado;Sim;1;0;0;0;0;1;0;1;-23.20700047;-45.88626861;SPRF-SP;DEL02-SP;UOP01-DEL02-SP;149.9;-23.20700047;-45.88626861;2023-02-11;2023;2;2023-02;20;Noite;0;0;0;5
504390;2023-02-11;sabado;04:50:00;SP;116.0;269;TABOAO DA SERRA;Entrada inopinada do pedestre;Atropelamento de Pedestre;Com Vítimas Feridas;Amanhecer;Decrescente;Nublado;Dupla;Reta;Sim;2;0;0;1;1;0;1;1;-23.61593059;-46.78826044;SPRF-SP;DEL04-SP;UOP01-DEL04-SP;269.0;-23.61593059;-46.78826044;2023-02-11;2023;2;2023-02;4;Madrugada;0;1;3;5
504525;2023-02-11;sabado;19:35:00;SP;101.0;42.1;UBATUBA;Condutor deixou de manter distância do veículo da frente;Colisão traseira;Com Vítimas Feridas;Plena Noite;Decrescente;Chuva;Simples;Reta;Não;2;0;1;0;1;0;1;2;-23.41271925;-45.04909808;SPRF-SP;DEL06-SP;UOP01-DEL06-SP;42.1;-23.41271925;-45.04909808;2023-02-11;2023;2;2023-02;19;Noite;0;0;1;5
504710;2023-02-12;domingo;16:00:00;SP;116.0;203.5;ARUJA;Ingestão de álcool pelo condutor;Engavetamento;Sem Vítimas;Pleno dia;Crescente;Nublado;Múltipla;Reta;Sim;4;0;0;0;4;0;0;3;-23.41060827;-46.34763895;SPRF-SP;DEL01-SP;UOP01-DEL01-SP;203.5;-23.41060827;-46.34763895;2023-02-12;2023;2;2023-02;16;Tarde;0;0;0;6
504595;2023-02-12;domingo;00:30:00;SP;116.0;2;GUARULHOS;Reação tardia ou ineficiente do condutor;Colisão traseira;Com Vítimas Feridas;Plena Noite;Crescente;Céu Claro;Dupla;Reta;Não;3;0;1;0;2;0;1;2;-23.463257;-46.53373;SPRF-SP;DEL01-SP;UOP01-DEL01-SP;2.0;-23.463257;-46.53373;2023-02-12;2023;2;2023-02;0;Madrugada;0;0;1;6
504736;2023-02-12;domingo;18:40:00;SP;116.0;208;GUARULHOS;Trafegar com motocicleta (ou similar) entre as faixas;Colisão lateral mesmo sentido;Com Vítimas Feridas;Anoitecer;Crescente;Chuva;Múltipla;Reta;Sim;3;0;2;0;1;0;2;2;-23.42222263;-46.3932771;SPRF-SP;DEL01-SP;UOP01-DEL01-SP;208.0;-23.42222263;-46.3932771;2023-02-12;2023;2;2023-02;18;Noite;0;0;2;6
504786;2023-02-12;domingo;22:50:00;SP;116.0;227;GUARULHOS;Reação tardia ou ineficiente do condutor;Colisão com objeto;Sem Vítimas;Plena Noite;Decrescente;Garoa/Chuvisco;Múltipla;Reta;Não;1;0;0;0;0;1;0;1;-23.49659264;-46.55648754;SPRF-SP;DEL01-SP;UOP01-DEL01-SP;227.0;-23.49659264;-46.55648754;2023-02-12;2023;2;2023-02;22;Noite;0;0;0;6
504731;2023-02-12;domingo;16:30:00;SP;116.0;361;MIRACATU;Ausência de reação do condutor;Tombamento;Com Vítimas Feridas;Pleno dia;Decrescente;Céu Claro;Dupla;Curva;Não;1;0;1;0;0;0;1;1;-24.11717019;-47.26764709;SPRF-SP;DEL04-SP;UOP03-DEL04-SP;361.0;-24.11717019;-47.26764709;2023-02-12;2023;2;2023-02;16;Tarde;0;0;1;6
504665;2023-02-12;domingo;09:30:00;SP;116.0;189;SANTA ISABEL;Reação tardia ou ineficiente do condutor;Atropelamento de Pedestre;Com Vítimas Feridas;Pleno dia;Crescente;Céu Claro;Dupla;Não Informado;Não;3;0;0;1;1;1;1;2;-23.36435234;-46.22488684;SPRF-SP;DEL01-SP;UOP01-DEL01-SP;189.0;-23.36435234;-46.22488684;2023-02-12;2023;2;2023-02;9;Manha;0;1;3;6
504598;2023-02-12;domingo;01:30:00;SP;116.0;145;SAO JOSE DOS CAMPOS;Ausência de reação do condutor;Colisão traseira;Com Vítimas Feridas;Pleno dia;Decrescente;Céu Claro;Dupla;Reta;Não;2;0;1;0;1;0;1;2;-23.1869844;-45.8548078;SPRF-SP;DEL02-SP;UOP01-DEL02-SP;145.0;-23.1869844;-45.8548078;2023-02-12;2023;2;2023-02;1;Madrugada;0;0;1;6
504614;2023-02-12;domingo;04:00:00;SP;116.0;229;SAO PAULO;Condutor Dormindo;Colisão com objeto;Com Vítimas Feridas;Pleno dia;Crescente;Nublado;Múltipla;Reta;Sim;1;0;1;0;0;0;1;1;-23.50343484;-46.56638712;SPRF-SP;DEL01-SP;UOP01-DEL01-SP;229.0;-23.50343484;-46.56638712;2023-02-12;2023;2;2023-02;4;Madrugada;0;0;1;6
504599;2023-02-12;domingo;01:30:00;SP;116.0;273;TABOAO DA SERRA;Ingestão de álcool pelo condutor;Colisão frontal;Com Vítimas Feridas;Plena Noite;Crescente;Céu Claro;Simples;Não Informado;Sim;3;0;2;0;1;0;2;2;-23.62809795;-46.81870306;SPRF-SP;DEL04-SP;UOP01-DEL04-SP;273.0;-23.62809795;-46.81870306;2023-02-12;2023;2;2023-02;1;Madrugada;0;0;2;6
504675;2023-02-12;domingo;11:13:00;SP;116.0;109;TAUBATE;Ausência de reação do condutor;Saída de leito carroçável;Com Vítimas Feridas;Pleno dia;Decrescente;Nublado;Dupla;Reta;Sim;2;0;2;0;0;0;2;1;-23.02871304;-45.54517097;SPRF-SP;DEL02-SP;UOP02-DEL02-SP;109.0;-23.02871304;-45.54517097;2023-02-12;2023;2;2023-02;11;Manha;0;0;2;6
504818;2023-02-13;segunda-feira;05:20:00;SP;116.0;204;ARUJA;Mal súbito do condutor;Colisão com objeto;Com Vítimas Feridas;Amanhecer;Decrescente;Nublado;Simples;Reta;Não;2;0;1;0;1;0;1;1;-23.41236123;-46.35692496;SPRF-SP;DEL01-SP;UOP01-DEL01-SP;204.0;-23.41236123;-46.35692496;2023-02-13;2023;2;2023-02;5;Madrugada;0;0;1;0
505009;2023-02-13;segunda-feira;23:35:00;SP;116.0;131.1;CACAPAVA;Pedestre cruzava a pista fora da faixa;Atropelamento de Pedestre;Com Vítimas Fatais;Plena Noite;Crescente;Céu Claro;Simples;Reta;Sim;2;1;0;1;0;0;1;2;-23.12742083;-45.73636609;SPRF-SP;DEL02-SP;UOP02-DEL02-SP;131.1;-23.12742083;-45.73636609;2023-02-13;2023;2;2023-02;23;Noite;1;1;8;0
505006;2023-02-13;segunda-feira;22:40:00;SP;116.0;511;CAJATI;Ausência de reação do condutor;Colisão com objeto;Com Vítimas Fatais;Plena Noite;Decrescente;Céu Claro;Simples;Curva;Não;1;1;0;0;0;0;0;1;-24.83558399;-48.2223738;SPRF-SP;DEL05-SP;UOP02-DEL05-SP;511.0;-24.83558399;-48.2223738;2023-02-13;2023;2;2023-02;22;Noite;1;1;5;0
504809;2023-02-13;segunda-feira;03:30:00;SP;381.0;90;GUARULHOS;Reação tardia ou ineficiente do condutor;Tombamento;Com Vítimas Feridas;Plena Noite;Decrescente;Nublado;Dupla;Viaduto;Sim;1;0;1;0;0;0;1;1;-23.48469299;-46.55983288;SPRF-SP;DEL03-SP;UOP01-DEL03-SP;90.0;-23.48469299;-46.55983288;2023-02-13;2023;2;2023-02;3;Madrugada;0;0;1;0
504808;2023-02-13;segunda-feira;03:20:00;SP;116.0;289;ITAPECERICA DA SERRA;Ausência de reação do condutor;Colisão traseira;Com Vítimas Feridas;Plena Noite;Crescente;Nublado;Dupla;Reta;Não;2;0;1;0;1;0;1;2;-23.72290969;-46.89096614;SPRF-SP;DEL04-SP;UOP01-DEL04-SP;289.0;-23.72290969;-46.89096614;2023-02-13;2023;2;2023-02;3;Madrugada;0;0;1;0
504943;2023-02-13;segunda-feira;16:20:00;SP;381.0;71.9;MAIRIPORA;Reação tardia ou ineficiente do condutor;Engavetamento;Com Vítimas Feridas;Pleno dia;Crescente;Céu Claro;Múltipla;Reta;Não;5;0;2;0;3;0;2;3;-23.35047979;-46.55267274;SPRF-SP;DEL03-SP;UOP01-DEL03-SP;71.9;-23.35047979;-46.55267274;2023-02-13;2023;2;2023-02;16;Tarde;0;0;2;0
504955;2023-02-13;segunda-feira;18:00:00;SP;116.0;431;REGISTRO;Demais falhas mecânicas ou elétricas;Saída de leito carroçável;Com Vítimas Feridas;Pleno dia;Crescente;Nublado;Dupla;Reta;Não;4;0;1;0;3;0;1;1;-24.41194876;-47.75392914;SPRF-SP;DEL05-SP;UOP01-DEL05-SP;431.0;-24.41194876;-47.75392914;2023-02-13;2023;2;2023-02;18;Noite;0;0;1;0
504844;2023-02-13;segunda-feira;07:00:00;SP;153.0;61.5;SAO JOSE DO RIO PRETO;Condutor deixou de manter distância do veículo da frente;Colisão lateral mesmo sentido;Com Vítimas Feridas;Pleno dia;Crescente;Nublado;Dupla;Reta;Sim;3;0;1;0;2;0;1;3;-20.80502876;-49.35574909;SPRF-SP;DEL09-SP;UOP01-DEL09-SP;61.5;-20.80502876;-49.35574909;2023-02-13;2023;2;2023-02;7;Manha;0;0;1;0
504868;2023-02-13;segunda-feira;08:40:00;SP;116.0;132.9;SAO JOSE DOS CAMPOS;Ausência de reação do condutor;Tombamento;Com Vítimas Feridas;Pleno dia;Crescente;Céu Claro;Dupla;Reta;Sim;1;0;1;0;0;0;1;1;-23.13169757;-45.74481322;SPRF-SP;DEL02-SP;UOP02-DEL02-SP;132.9;-23.13169757;-45.74481322;2023-02-13;2023;2;2023-02;8;Manha;0;0;1;0
504862;2023-02-13;segunda-feira;09:10:00;SP;116.0;230;SAO PAULO;Manobra de mudança de faixa;Colisão lateral mesmo sentido;Com Vítimas Feridas;Pleno dia;Crescente;Céu Claro;Múltipla;Reta;Sim;2;0;1;0;1;0;1;2;-23.52251783;-46.5855702;SPRF-SP;DEL01-SP;UOP01-DEL01-SP;230.0;-23.52251783;-46.5855702;2023-02-13;2023;2;2023-02;9;Manha;0;0;1;0
504877;2023-02-13;segunda-feira;11:00:00;SP;116.0;230;SAO PAULO;Manobra de mudança de faixa;Colisão traseira;Com Vítimas Feridas;Pleno dia;Decrescente;Céu Claro;Múltipla;Reta;Sim;1;0;1;0;0;0;1;1;-23.51618114;-46.57903509;SPRF-SP;DEL01-SP;UOP01-DEL01-SP;230.0;-23.51618114;-46.57903509;2023-02-13;2023;2;2023-02;11;Manha;0;0;1;0
504998;2023-02-13;segunda-feira;21:40:00;SP;381.0;90;SAO PAULO;Reação tardia ou ineficiente do condutor;Colisão com objeto;Sem Vítimas;Plena Noite;Decrescente;Céu Claro;Dupla;Reta;Sim;1;0;0;0;1;0;0;1;-23.449343;-46.56983501;SPRF-SP;DEL03-SP;UOP01-DEL03-SP;90.0;-23.449343;-46.56983501;2023-02-13;2023;2;2023-02;21;Noite;0;0;0;0
504982;2023-02-13;segunda-feira;18:30:00;SP;116.0;274.2;TABOAO DA SERRA;Reação tardia ou ineficiente do condutor;Colisão traseira;Com Vítimas Feridas;Plena Noite;Decrescente;Garoa/Chuvisco;Dupla;Reta;Sim;2;0;1;0;1;0;1;2;-23.63445084;-46.82418514;SPRF-SP;DEL04-SP;UOP01-DEL04-SP;274.2;-23.63445084;-46.82418514;2023-02-13;2023;2;2023-02;18;Noite;0;0;1;0
504814;2023-02-13;segunda-feira;04:28:00;SP;116.0;109;TAUBATE;Condutor Dormindo;Colisão com objeto;Com Vítimas Feridas;Plena Noite;Decrescente;Nublado;Múltipla;Reta;Sim;1;0;0;1;0;0;1;1;-23.02871304;-45.54517097;SPRF-SP;DEL02-SP;UOP02-DEL02-SP;109.0;-23.02871304;-45.54517097;2023-02-13;2023;2;2023-02;4;Madrugada;0;1;3;0
505103;2023-02-14;terca-feira;13:50:00;SP;116.0;127.6;CACAPAVA;Acessar a via sem observar a presença dos outros veículos;Colisão traseira;Com Vítimas Feridas;Pleno dia;Crescente;Sol;Dupla;Retorno Regulamentado;Não;3;0;0;1;1;1;1;2;-23.10991026;-45.70246044;SPRF-SP;DEL02-SP;UOP02-DEL02-SP;127.6;-23.10991026;-45.70246044;2023-02-14;2023;2;2023-02;13;Tarde;0;1;3;1
505133;2023-02-14;terca-feira;15:51:00;SP;116.0;516;CAJATI;Velocidade Incompatível;Saída de leito carroçável;Com Vítimas Feridas;Pleno dia;Decrescente;Chuva;Dupla;Curva;Não;3;0;2;1;0;0;3;1;-24.87423036;-48.2190838;SPRF-SP;DEL05-SP;UOP02-DEL05-SP;516.0;-24.87423036;-48.2190838;2023-02-14;2023;2;2023-02;15;Tarde;0;1;5;1
505152;2023-02-14;terca-feira;19:15:00;SP;153.0;195.5;GETULINA;Pista em desnível;Queda de ocupante de veículo;Com Vítimas Feridas;Plena Noite;Decrescente;Céu Claro;Simples;Reta;Não;1;0;1;0;0;0;1;1;-21.776442;-49.89232;SPRF-SP;DEL07-SP;UOP01-DEL07-SP;195.5;-21.776442;-49.89232;2023-02-14;2023;2;2023-02;19;Noite;0;0;1;1
505024;2023-02-14;terca-feira;07:35:00;SP;116.0;221;GUARULHOS;Reação tardia ou ineficiente do condutor;Colisão lateral mesmo sentido;Com Vítimas Feridas;Pleno dia;Crescente;Nublado;Múltipla;Reta;Sim;2;0;1;0;1;0;1;2;-23.46802395;-46.50704901;SPRF-SP;DEL01-SP;UOP01-DEL01-SP;221.0;-23.46802395;-46.50704901;2023-02-14;2023;2;2023-02;7;Manha;0;0;1;1
505080;2023-02-14;terca-feira;11:25:00;SP;116.0;204;GUARULHOS;Ingestão de álcool e/ou substâncias psicoativas pelo pedestre;Colisão traseira;Com Vítimas Feridas;Pleno dia;Decrescente;Sol;Múltipla;Reta;Sim;3;0;1;0;2;0;1;2;-23.41236123;-46.35692496;SPRF-SP;DEL01-SP;UOP01-DEL01-SP;204.0;-23.41236123;-46.35692496;2023-02-14;2023;2;2023-02;11;Manha;0;0;1;1
505116;2023-02-14;terca-feira;15:07:00;SP;116.0;221;GUARULHOS;Trafegar com motocicleta (ou similar) entre as faixas;Colisão lateral mesmo sentido;Com Vítimas Feridas;Pleno dia;Crescente;Céu Claro;Múltipla;Reta;Sim;3;0;1;0;2;0;1;3;-23.46802395;-46.50704901;SPRF-SP;DEL01-SP;UOP01-DEL01-SP;221.0;-23.46802395;-46.50704901;2023-02-14;2023;2;2023-02;15;Tarde;0;0;1;1
505175;2023-02-14;terca-feira;23:30:00;SP;116.0;379.5;MIRACATU;Pedestre andava na pista;Atropelamento de Pedestre;Com Vítimas Fatais;Plena Noite;Decrescente;Garoa/Chuvisco;Dupla;Reta;Não;2;1;0;0;1;0;0;1;-24.20982408;-47.37100817;SPRF-SP;DEL04-SP;UOP02-DEL04-SP;379.5;-24.20982408;-47.37100817;2023-02-14;2023;2;2023-02;23;Noite;1;1;5;1
505032;2023-02-14;terca-feira;08:10:00;SP;153.0;61.1;SAO JOSE DO RIO PRETO;Manobra de mudança de faixa;Colisão lateral mesmo sentido;Sem Vítimas;Pleno dia;Crescente;Céu Claro;Dupla;Não Informado;Sim;3;0;0;0;3;0;0;3;-20.80502876;-49.35574909;SPRF-SP;DEL09-SP;UOP01-DEL09-SP;61.1;-20.80502876;-49.35574909;2023-02-14;2023;2;2023-02;8;Manha;0;0;0;1
505421;2023-02-14;terca-feira;04:20:00;SP;153.0;61;SAO JOSE DO RIO PRETO;Reação tardia ou ineficiente do condutor;Colisão traseira;Sem Vítimas;Amanhecer;Decrescente;Nublado;Dupla;Não Informado;Sim;2;0;0;0;2;0;0;2;-20.80296845;-49.35551047;SPRF-SP;DEL09-SP;UOP01-DEL09-SP;61.0;-20.80296845;-49.35551047;2023-02-14;2023;2;2023-02;4;Madrugada;0;0;0;1
505136;2023-02-14;terca-feira;16:00:00;SP;381.0;86;SAO PAULO;Entrada inopinada do pedestre;Atropelamento de Pedestre;Com Vítimas Feridas;Pleno dia;Crescente;Céu Claro;Dupla;Reta;Sim;2;0;1;0;1;0;1;1;-23.470049;-46.567651;SPRF-SP;DEL03-SP;UOP01-DEL03-SP;86.0;-23.470049;-46.567651;2023-02-14;2023;2;2023-02;16;Tarde;0;0;1;1
505235;2023-02-14;terca-feira;05:20:00;SP;381.0;75;SAO PAULO;Avarias e/ou desgaste excessivo no pneu;Queda de ocupante de veículo;Com Vítimas Feridas;Amanhecer;Decrescente;Céu Claro;Dupla;Reta;Sim;1;0;1;0;0;0;1;1;-23.37660089;-46.56409613;SPRF-SP;DEL03-SP;UOP01-DEL03-SP;75.0;-23.37660089;-46.56409613;2023-02-14;2023;2;2023-02;5;Madrugada;0;0;1;1
505135;2023-02-14;terca-feira;16:40:00;SP;116.0;108.7;TAUBATE;Condutor deixou de manter distância do veículo da frente;Saída de leito carroçável;Com Vítimas Feridas;Pleno dia;Crescente;Nublado;Dupla;Reta;Sim;1;0;1;0;0;0;1;1;-23.0233097;-45.53763622;SPRF-SP;DEL02-SP;UOP02-DEL02-SP;108.7;-23.0233097;-45.53763622;2023-02-14;2023;2;2023-02;16;Tarde;0;0;1;1
505163;2023-02-14;terca-feira;17:35:00;SP;381.0;3;VARGEM;Demais falhas mecânicas ou elétricas;Eventos atípicos;Sem Vítimas;Pleno dia;Decrescente;Céu Claro;Dupla;Não Informado;Não;2;0;0;0;2;0;0;2;-22.87841483;-46.39917107;SPRF-SP;DEL03-SP;UOP02-DEL03-SP;3.0;-22.87841483;-46.39917107;2023-02-14;2023;2;2023-02;17;Tarde;0;0;0;1
505346;2023-02-15;quarta-feira;23:50:00;SP;116.0;216.5;GUARULHOS;Reação tardia ou ineficiente do condutor;Colisão traseira;Com Vítimas Feridas;Plena Noite;Decrescente;Céu Claro;Múltipla;Reta;Não;2;0;1;0;0;1;1;2;-23.45056589;-46.46258105;SPRF-SP;DEL01-SP;UOP01-DEL01-SP;216.5;-23.45056589;-46.46258105;2023-02-15;2023;2;2023-02;23;Noite;0;0;1;2
505328;2023-02-15;quarta-feira;21:45:00;SP;381.0;71;MAIRIPORA;Demais falhas mecânicas ou elétricas;Incêndio;Sem Vítimas;Plena Noite;Crescente;Céu Claro;Dupla;Não Informado;Não;1;0;0;0;1;0;0;1;-23.35047979;-46.55267274;SPRF-SP;DEL03-SP;UOP01-DEL03-SP;71.0;-23.35047979;-46.55267274;2023-02-15;2023;2;2023-02;21;Noite;0;0;0;2
505228;2023-02-15;quarta-feira;09:45:00;SP;116.0;138;SAO JOSE DOS CAMPOS;Ausência de reação do condutor;Colisão traseira;Com Vítimas Feridas;Pleno dia;Crescente;Sol;Dupla;Reta;Sim;3;0;1;0;2;0;1;2;-23.1572739;-45.79554605;SPRF-SP;DEL02-SP;UOP01-DEL02-SP;138.0;-23.1572739;-45.79554605;2023-02-15;2023;2;2023-02;9;Manha;0;0;1;2
505224;2023-02-15;quarta-feira;08:50:00;SP;116.0;229;SAO PAULO;Manobra de mudança de faixa;Colisão lateral mesmo sentido;Com Vítimas Feridas;Pleno dia;Crescente;Céu Claro;Múltipla;Reta;Sim;5;0;1;0;4;0;1;2;-23.51291902;-46.57604698;SPRF-SP;DEL01-SP;UOP01-DEL01-SP;229.0;-23.51291902;-46.57604698;2023-02-15;2023;2;2023-02;8;Manha;0;0;1;2
505232;2023-02-15;quarta-feira;10:00:00;SP;116.0;270;TABOAO DA SERRA;Acessar a via sem observar a presença dos outros veículos;Colisão lateral mesmo sentido;Com Vítimas Feridas;Pleno dia;Decrescente;Céu Claro;Dupla;Reta;Sim;3;0;0;1;2;0;1;3;-23.61799728;-46.79677694;SPRF-SP;DEL04-SP;UOP01-DEL04-SP;270.0;-23.61799728;-46.79677694;2023-02-15;2023;2;2023-02;10;Manha;0;1;3;2
505189;2023-02-15;quarta-feira;04:35:00;SP;101.0;45.6;UBATUBA;Ausência de reação do condutor;Colisão com objeto;Com Vítimas Feridas;Amanhecer;Crescente;Céu Claro;Simples;Reta;Sim;4;0;4;0;0;0;4;1;-23.41779396;-45.06788408;SPRF-SP;DEL06-SP;UOP01-DEL06-SP;45.6;-23.41779396;-45.06788408;2023-02-15;2023;2;2023-02;4;Madrugada;0;0;4;2
505331;2023-02-15;quarta-feira;22:15:00;SP;101.0;41.9;UBATUBA;Acessar a via sem observar a presença dos outros veículos;Colisão lateral mesmo sentido;Com Vítimas Feridas;Plena Noite;Decrescente;Nublado;Simples;Reta;Não;2;0;1;1;0;0;2;2;-23.41971433;-45.0428663;SPRF-SP;DEL06-SP;UOP01-DEL06-SP;41.9;-23.41971433;-45.0428663;2023-02-15;2023;2;2023-02;22;Noite;0;1;4;2
505333;2023-02-15;quarta-feira;22:55:00;SP;101.0;46;UBATUBA;Acessar a via sem observar a presença dos outros veículos;Tombamento;Com Vítimas Feridas;Plena Noite;Crescente;Céu Claro;Simples;Interseção de vias;Sim;2;0;1;0;0;1;1;2;-23.42266957;-45.07328331;SPRF-SP;DEL06-SP;UOP01-DEL06-SP;46.0;-23.42266957;-45.07328331;2023-02-15;2023;2;2023-02;22;Noite;0;0;1;2
505366;2023-02-16;quinta-feira;03:50:00;SP;116.0;68.5;APARECIDA;Entrada inopinada do pedestre;Atropelamento de Pedestre;Com Vítimas Feridas;Plena Noite;Crescente;Céu Claro;Dupla;Reta;Não;2;0;0;1;1;0;1;1;-22.83354783;-45.21713313;SPRF-SP;DEL08-SP;UOP01-DEL08-SP;68.5;-22.83354783;-45.21713313;2023-02-16;2023;2;2023-02;3;Madrugada;0;1;3;3
505510;2023-02-16;quinta-feira;20:20:00;SP;116.0;196;ARUJA;Ausência de reação do condutor;Capotamento;Com Vítimas Feridas;Plena Noite;Decrescente;Ignorado;Dupla;Reta;Não;3;0;1;0;2;0;1;1;-23.39265978;-46.2844631;SPRF-SP;DEL01-SP;UOP01-DEL01-SP;196.0;-23.39265978;-46.2844631;2023-02-16;2023;2;2023-02;20;Noite;0;0;1;3
505404;2023-02-16;quinta-feira;08:54:00;SP;116.0;224;GUARULHOS;Ausência de reação do condutor;Colisão traseira;Com Vítimas Feridas;Pleno dia;Crescente;Céu Claro;Múltipla;Reta;Sim;2;0;0;1;1;0;1;2;-23.48071896;-46.53271603;SPRF-SP;DEL01-SP;UOP01-DEL01-SP;224.0;-23.48071896;-46.53271603;2023-02-16;2023;2;2023-02;8;Manha;0;1;3;3
505469;2023-02-16;quinta-feira;11:14:00;SP;116.0;223;GUARULHOS;Reação tardia ou ineficiente do condutor;Colisão traseira;Com Vítimas Feridas;Pleno dia;Crescente;Nublado;Múltipla;Reta;Sim;2;0;1;0;1;0;1;1;-23.48005493;-46.53241038;SPRF-SP;DEL01-SP;UOP01-DEL01-SP;223.0;-23.48005493;-46.53241038;2023-02-16;2023;2;2023-02;11;Manha;0;0;1;3
505472;2023-02-16;quinta-feira;16:59:00;SP;116.0;216;GUARULHOS;Reação tardia ou ineficiente do condutor;Colisão traseira;Com Vítimas Feridas;Pleno dia;Decrescente;Garoa/Chuvisco;Múltipla;Reta;Não;4;0;2;0;2;0;2;3;-23.45056589;-46.46258105;SPRF-SP;DEL01-SP;UOP01-DEL01-SP;216.0;-23.45056589;-46.46258105;2023-02-16;2023;2;2023-02;16;Tarde;0;0;2;3
505509;2023-02-16;quinta-feira;20:20:00;SP;116.0;217;GUARULHOS;Pista Escorregadia;Colisão com objeto;Com Vítimas Feridas;Plena Noite;Crescente;Chuva;Dupla;Reta;Sim;3;0;1;0;2;0;1;1;-23.45423824;-46.47119028;SPRF-SP;DEL01-SP;UOP01-DEL01-SP;217.0;-23.45423824;-46.47119028;2023-02-16;2023;2;2023-02;20;Noite;0;0;1;3
505505;2023-02-16;quinta-feira;20:00:00;SP;459.0;25;LORENA;Ingestão de álcool pelo condutor;Colisão traseira;Com Vítimas Feridas;Plena Noite;Decrescente;Céu Claro;Dupla;Reta;Sim;2;0;2;0;0;0;2;2;-22.69147035;-45.12463845;SPRF-SP;DEL08-SP;UOP02-DEL08-SP;25.0;-22.69147035;-45.12463845;2023-02-16;2023;2;2023-02;20;Noite;0;0;2;3
505468;2023-02-16;quinta-feira;16:30:00;SP;381.0;75;MAIRIPORA;Velocidade Incompatível;Capotamento;Com Vítimas Feridas;Pleno dia;Decrescente;Chuva;Múltipla;Reta;Não;2;0;1;0;1;0;1;1;-23.34553108;-46.56787903;SPRF-SP;DEL03-SP;UOP01-DEL03-SP;75.0;-23.34553108;-46.56787903;2023-02-16;2023;2;2023-02;16;Tarde;0;0;1;3
505530;2023-02-16;quinta-feira;23:00:00;SP;116.0;99.5;PINDAMONHANGABA;Avarias e/ou desgaste excessivo no pneu;Queda de ocupante de veículo;Com Vítimas Feridas;Plena Noite;Decrescente;Nublado;Dupla;Desvio Temporário;Sim;2;0;2;0;0;0;2;1;-22.98236971;-45.46436617;SPRF-SP;DEL08-SP;UOP01-DEL08-SP;99.5;-22.98236971;-45.46436617;2023-02-16;2023;2;2023-02;23;Noite;0;0;2;3
505473;2023-02-16;quinta-feira;15:00:00;SP;116.0;458.1;REGISTRO;Ausência de reação do condutor;Tombamento;Com Vítimas Feridas;Pleno dia;Crescente;Céu Claro;Dupla;Reta;Não;1;0;1;0;0;0;1;1;-24.5958452;-47.8771454;SPRF-SP;DEL05-SP;UOP01-DEL05-SP;458.1;-24.5958452;-47.8771454;2023-02-16;2023;2;2023-02;15;Tarde;0;0;1;3
505523;2023-02-16;quinta-feira;21:50:00;SP;116.0;146;SAO JOSE DOS CAMPOS;Reação tardia ou ineficiente do condutor;Colisão traseira;Com Vítimas Feridas;Plena Noite;Decrescente;Céu Claro;Dupla;Reta;Sim;2;0;1;0;0;1;1;2;-23.19122919;-45.86327591;SPRF-SP;DEL02-SP;UOP01-DEL02-SP;146.0;-23.19122919;-45.86327591;2023-02-16;2023;2;2023-02;21;Noite;0;0;1;3
513261;2023-02-16;quinta-feira;07:30:00;SP;116.0;145.8;SAO JOSE DOS CAMPOS;Reação tardia ou ineficiente do condutor;Colisão traseira;Com Vítimas Feridas;Pleno dia;Crescente;Ignorado;Dupla;Reta;Sim;2;0;1;0;0;1;1;2;-23.1869844;-45.8548078;SPRF-SP;DEL02-SP;UOP01-DEL02-SP;145.8;-23.1869844;-45.8548078;2023-02-16;2023;2;2023-02;7;Manha;0;0;1;3
505396;2023-02-16;quinta-feira;08:00:00;SP;116.0;230;SAO PAULO;Trafegar com motocicleta (ou similar) entre as faixas;Colisão lateral mesmo sentido;Com Vítimas Feridas;Pleno dia;Crescente;Céu Claro;Múltipla;Reta;Não;1;0;1;0;0;0;1;1;-23.52251783;-46.5855702;SPRF-SP;DEL01-SP;UOP01-DEL01-SP;230.0;-23.52251783;-46.5855702;2023-02-16;2023;2;2023-02;8;Manha;0;0;1;3
505771;2023-02-17;sexta-feira;23:30:00;SP;116.0;134;CACAPAVA;Reação tardia ou ineficiente do condutor;Atropelamento de Pedestre;Com Vítimas Feridas;Plena Noite;Decrescente;Nublado;Simples;Reta;Sim;1;0;1;0;0;0;1;1;-23.13812;-45.756736;SPRF-SP;DEL02-SP;UOP02-DEL02-SP;134.0;-23.13812;-45.756736;2023-02-17;2023;2;2023-02;23;Noite;0;0;1;4
505601;2023-02-17;sexta-feira;08:30:00;SP;116.0;282;EMBU DAS ARTES;Reação tardia ou ineficiente do condutor;Colisão com objeto;Com Vítimas Feridas;Amanhecer;Crescente;Nublado;Dupla;Não Informado;Sim;2;0;2;0;0;0;2;1;-23.68570216;-46.85970975;SPRF-SP;DEL04-SP;UOP01-DEL04-SP;282.0;-23.68570216;-46.85970975;2023-02-17;2023;2;2023-02;8;Manha;0;0;2;4
505560;2023-02-17;sexta-feira;06:40:00;SP;116.0;221;GUARULHOS;Trafegar com motocicleta (ou similar) entre as faixas;Colisão lateral mesmo sentido;Com Vítimas Fatais;Pleno dia;Decrescente;Céu Claro;Múltipla;Não Informado;Sim;2;1;0;0;1;0;0;2;-23.46802395;-46.50704901;SPRF-SP;DEL01-SP;UOP01-DEL01-SP;221.0;-23.46802395;-46.50704901;2023-02-17;2023;2;2023-02;6;Manha;1;1;5;4
505571;2023-02-17;sexta-feira;07:25:00;SP;116.0;223;GUARULHOS;Mal súbito do condutor;Colisão traseira;Com Vítimas Feridas;Pleno dia;Decrescente;Céu Claro;Dupla;Reta;Sim;2;0;0;1;1;0;1;2;-23.47559815;-46.5246609;SPRF-SP;DEL01-SP;UOP01-DEL01-SP;223.0;-23.47559815;-46.5246609;2023-02-17;2023;2;2023-02;7;Manha;0;1;3;4
505769;2023-02-17;sexta-feira;23:00:00;SP;116.0;296;ITAPECERICA DA SERRA;Iluminação deficiente;Engavetamento;Com Vítimas Feridas;Plena Noite;Decrescente;Garoa/Chuvisco;Dupla;Reta;Sim;8;0;2;0;6;0;2;4;-23.775485;-46.914416;SPRF-SP;DEL04-SP;UOP01-DEL04-SP;296.0;-23.775485;-46.914416;2023-02-17;2023;2;2023-02;23;Noite;0;0;2;4
505548;2023-02-17;sexta-feira;03:30:00;SP;116.0;169;JACAREI;Ausência de reação do condutor;Colisão traseira;Com Vítimas Feridas;Plena Noite;Crescente;Céu Claro;Dupla;Reta;Sim;2;0;1;0;1;0;1;2;-23.307652;-46.045128;SPRF-SP;DEL02-SP;UOP01-DEL02-SP;169.0;-23.307652;-46.045128;2023-02-17;2023;2;2023-02;3;Madrugada;0;0;1;4
505679;2023-02-17;sexta-feira;15:15:00;SP;116.0;417;JUQUIA;Reação tardia ou ineficiente do condutor;Colisão com objeto;Com Vítimas Feridas;Pleno dia;Crescente;Chuva;Dupla;Curva;Não;5;0;1;0;4;0;1;1;-24.348866;-47.651479;SPRF-SP;DEL05-SP;UOP01-DEL05-SP;417.0;-24.348866;-47.651479;2023-02-17;2023;2;2023-02;15;Tarde;0;0;1;4
505632;2023-02-17;sexta-feira;11:45:00;SP;381.0;61;MAIRIPORA;Curva acentuada;Colisão com objeto;Sem Vítimas;Pleno dia;Crescente;Céu Claro;Múltipla;Curva;Não;1;0;0;0;1;0;0;1;-23.29011611;-46.5800681;SPRF-SP;DEL03-SP;UOP01-DEL03-SP;61.0;-23.29011611;-46.5800681;2023-02-17;2023;2;2023-02;11;Manha;0;0;0;4
505633;2023-02-17;sexta-feira;12:40:00;SP;381.0;61;MAIRIPORA;Reação tardia ou ineficiente do condutor;Queda de ocupante de veículo;Com Vítimas Feridas;Pleno dia;Crescente;Céu Claro;Dupla;Curva;Não;1;0;0;1;0;0;1;1;-23.29011611;-46.5800681;SPRF-SP;DEL03-SP;UOP01-DEL03-SP;61.0;-23.29011611;-46.5800681;2023-02-17;2023;2;2023-02;12;Tarde;0;1;3;4
505547;2023-02-17;sexta-feira;04:10:00;SP;116.0;88.1;PINDAMONHANGABA;Ausência de reação do condutor;Colisão com objeto;Com Vítimas Feridas;Plena Noite;Decrescente;Céu Claro;Dupla;Reta;Não;1;0;1;0;0;0;1;1;-22.93500994;-45.37019403;SPRF-SP;DEL08-SP;UOP01-DEL08-SP;88.1;-22.93500994;-45.37019403;2023-02-17;2023;2;2023-02;4;Madrugada;0;0;1;4
526724;2023-02-17;sexta-feira;21:45:00;SP;116.0;99.8;PINDAMONHANGABA;Condutor deixou de manter distância do veículo da frente;Colisão traseira;Com Vítimas Feridas;Plena Noite;Crescente;Céu Claro;Dupla;Reta;Não;3;0;0;2;1;0;2;3;-22.98236971;-45.46436617;SPRF-SP;DEL08-SP;UOP01-DEL08-SP;99.8;-22.98236971;-45.46436617;2023-02-17;2023;2;2023-02;21;Noite;0;1;6;4
505551;2023-02-17;sexta-feira;05:30:00;SP;116.0;429;REGISTRO;Ausência de reação do condutor;Saída de leito carroçável;Com Vítimas Feridas;Amanhecer;Decrescente;Chuva;Dupla;Reta;Não;1;0;1;0;0;0;1;1;-24.40226511;-47.7383829;SPRF-SP;DEL05-SP;UOP01-DEL05-SP;429.0;-24.40226511;-47.7383829;2023-02-17;2023;2;2023-02;5;Madrugada;0;0;1;4
505613;2023-02-17;sexta-feira;07:50:00;SP;116.0;445;REGISTRO;Manobra de mudança de faixa;Colisão lateral mesmo sentido;Com Vítimas Feridas;Pleno dia;Decrescente;Céu Claro;Simples;Reta;Sim;3;0;1;0;2;0;1;2;-24.49790715;-47.84208686;SPRF-SP;DEL05-SP;UOP01-DEL05-SP;445.0;-24.49790715;-47.84208686;2023-02-17;2023;2;2023-02;7;Manha;0;0;1;4
505634;2023-02-17;sexta-feira;08:17:00;SP;116.0;442;REGISTRO;Ausência de reação do condutor;Colisão traseira;Com Vítimas Feridas;Pleno dia;Crescente;Céu Claro;Dupla;Reta;Não;3;0;1;0;2;0;1;2;-24.47609886;-47.8273532;SPRF-SP;DEL05-SP;UOP01-DEL05-SP;442.0;-24.47609886;-47.8273532;2023-02-17;2023;2;2023-02;8;Manha;0;0;1;4
505637;2023-02-17;sexta-feira;08:30:00;SP;116.0;442;REGISTRO;Reação tardia ou ineficiente do condutor;Saída de leito carroçável;Com Vítimas Feridas;Pleno dia;Crescente;Céu Claro;Dupla;Reta;Sim;5;0;1;0;4;0;1;2;-24.47609886;-47.8273532;SPRF-SP;DEL05-SP;UOP01-DEL05-SP;442.0;-24.47609886;-47.8273532;2023-02-17;2023;2;2023-02;8;Manha;0;0;1;4
505638;2023-02-17;sexta-feira;10:00:00;SP;116.0;440;REGISTRO;Reação tardia ou ineficiente do condutor;Colisão traseira;Com Vítimas Feridas;Pleno dia;Crescente;Céu Claro;Dupla;Não Informado;Sim;4;0;1;0;3;0;1;2;-24.46159507;-47.81713991;SPRF-SP;DEL05-SP;UOP01-DEL05-SP;440.0;-24.46159507;-47.81713991;2023-02-17;2023;2;2023-02;10;Manha;0;0;1;4
505543;2023-02-17;sexta-feira;02:40:00;SP;116.0;146;SAO JOSE DOS CAMPOS;Ausência de reação do condutor;Colisão com objeto;Sem Vítimas;Plena Noite;Decrescente;Nublado;Dupla;Não Informado;Sim;1;0;0;0;1;0;0;1;-23.19122919;-45.86327591;SPRF-SP;DEL02-SP;UOP01-DEL02-SP;146.0;-23.19122919;-45.86327591;2023-02-17;2023;2;2023-02;2;Madrugada;0;0;0;4
505576;2023-02-17;sexta-feira;08:00:00;SP;116.0;146;SAO JOSE DOS CAMPOS;Trafegar com motocicleta (ou similar) entre as faixas;Colisão lateral mesmo sentido;Com Vítimas Feridas;Pleno dia;Crescente;Céu Claro;Dupla;Desvio Temporário;Sim;2;0;1;0;1;0;1;2;-23.1819323;-45.81659317;SPRF-SP;DEL02-SP;UOP01-DEL02-SP;146.0;-23.1819323;-45.81659317;2023-02-17;2023;2;2023-02;8;Manha;0;0;1;4
505597;2023-02-17;sexta-feira;08:50:00;SP;116.0;138;SAO JOSE DOS CAMPOS;Ultrapassagem Indevida;Colisão lateral mesmo sentido;Com Vítimas Feridas;Pleno dia;Crescente;Céu Claro;Dupla;Reta;Não;3;0;2;0;1;0;2;2;-23.14874471;-45.77863714;SPRF-SP;DEL02-SP;UOP01-DEL02-SP;138.0;-23.14874471;-45.77863714;2023-02-17;2023;2;2023-02;8;Manha;0;0;2;4
505552;2023-02-17;sexta-feira;03:40:00;SP;381.0;86;SAO PAULO;Velocidade Incompatível;Colisão com objeto;Com Vítimas Feridas;Plena Noite;Crescente;Céu Claro;Múltipla;Curva;Sim;1;0;1;0;0;0;1;1;-23.45930499;-46.57161179;SPRF-SP;DEL03-SP;UOP01-DEL03-SP;86.0;-23.45930499;-46.57161179;2023-02-17;2023;2;2023-02;3;Madrugada;0;0;1;4
505751;2023-02-17;sexta-feira;21:05:00;SP;101.0;42.4;UBATUBA;Ausência de reação do condutor;Colisão com objeto;Sem Vítimas;Plena Noite;Crescente;Garoa/Chuvisco;Simples;Curva;Não;1;0;0;0;0;1;0;1;-23.4125517;-45.05021095;SPRF-SP;DEL06-SP;UOP01-DEL06-SP;42.4;-23.4125517;-45.05021095;2023-02-17;2023;2;2023-02;21;Noite;0;0;0;4
505803;2023-02-18;sabado;05:45:00;SP;116.0;121;CACAPAVA;Reação tardia ou ineficiente do condutor;Colisão com objeto;Com Vítimas Feridas;Amanhecer;Crescente;Garoa/Chuvisco;Dupla;Reta;Não;1;0;1;0;0;0;1;1;-23.07631169;-45.65337222;SPRF-SP;DEL02-SP;UOP02-DEL02-SP;121.0;-23.07631169;-45.65337222;2023-02-18;2023;2;2023-02;5;Madrugada;0;0;1;5
505785;2023-02-18;sabado;01:15:00;SP;116.0;511.7;CAJATI;Reação tardia ou ineficiente do condutor;Capotamento;Com Vítimas Feridas;Plena Noite;Decrescente;Chuva;Dupla;Não Informado;Não;2;0;1;0;1;0;1;1;-24.83558399;-48.2223738;SPRF-SP;DEL05-SP;UOP02-DEL05-SP;511.7;-24.83558399;-48.2223738;2023-02-18;2023;2;2023-02;1;Madrugada;0;0;1;5
505819;2023-02-18;sabado;07:00:00;SP;116.0;161;JACAREI;Ausência de reação do condutor;Colisão traseira;Com Vítimas Feridas;Amanhecer;Decrescente;Nublado;Dupla;Reta;Sim;4;0;2;0;2;0;2;3;-23.27617003;-45.97592098;SPRF-SP;DEL02-SP;UOP01-DEL02-SP;161.0;-23.27617003;-45.97592098;2023-02-18;2023;2;2023-02;7;Manha;0;0;2;5
510500;2023-02-18;sabado;09:25:00;SP;153.0;100;JOSE BONIFACIO;Acumulo de óleo sobre o pavimento;Tombamento;Com Vítimas Feridas;Pleno dia;Decrescente;Céu Claro;Simples;Curva;Não;2;0;2;0;0;0;2;1;-21.00623705;-49.63425636;SPRF-SP;DEL09-SP;UOP01-DEL09-SP;100.0;-21.00623705;-49.63425636;2023-02-18;2023;2;2023-02;9;Manha;0;0;2;5
505784;2023-02-18;sabado;01:10:00;SP;116.0;328.2;JUQUITIBA;Ausência de reação do condutor;Queda de ocupante de veículo;Com Vítimas Feridas;Plena Noite;Crescente;Chuva;Dupla;Reta;Sim;1;0;1;0;0;0;1;1;-23.93652709;-47.08014299;SPRF-SP;DEL04-SP;UOP03-DEL04-SP;328.2;-23.93652709;-47.08014299;2023-02-18;2023;2;2023-02;1;Madrugada;0;0;1;5
505760;2023-02-18;sabado;00:13:00;SP;381.0;50;MAIRIPORA;Condutor deixou de manter distância do veículo da frente;Colisão traseira;Sem Vítimas;Plena Noite;Decrescente;Chuva;Dupla;Reta;Sim;2;0;0;0;2;0;0;2;-23.21359807;-46.59367981;SPRF-SP;DEL03-SP;UOP01-DEL03-SP;50.0;-23.21359807;-46.59367981;2023-02-18;2023;2;2023-02;0;Madrugada;0;0;0;5
505793;2023-02-18;sabado;03:30:00;SP;116.0;399.4;MIRACATU;Ausência de reação do condutor;Saída de leito carroçável;Sem Vítimas;Plena Noite;Decrescente;Céu Claro;Dupla;Reta;Não;2;0;0;0;2;0;0;1;-24.30595991;-47.49203905;SPRF-SP;DEL04-SP;UOP02-DEL04-SP;399.4;-24.30595991;-47.49203905;2023-02-18;2023;2;2023-02;3;Madrugada;0;0;0;5
505834;2023-02-18;sabado;01:00:00;SP;116.0;346;MIRACATU;Reação tardia ou ineficiente do condutor;Saída de leito carroçável;Com Vítimas Feridas;Plena Noite;Crescente;Chuva;Dupla;Não Informado;Não;1;0;1;0;0;0;1;1;-24.04051503;-47.19268341;SPRF-SP;DEL04-SP;UOP03-DEL04-SP;346.0;-24.04051503;-47.19268341;2023-02-18;2023;2;2023-02;1;Madrugada;0;0;1;5
506303;2023-02-18;sabado;21:30:00;SP;153.0;162;PROMISSAO;Acessar a via sem observar a presença dos outros veículos;Colisão transversal;Sem Vítimas;Plena Noite;Decrescente;Nublado;Simples;Interseção de vias;Não;1;0;0;0;1;0;0;1;-21.52532797;-49.78132669;SPRF-SP;DEL07-SP;UOP01-DEL07-SP;162.0;-21.52532797;-49.78132669;2023-02-18;2023;2;2023-02;21;Noite;0;0;0;5
505828;2023-02-18;sabado;08:10:00;SP;116.0;456.3;REGISTRO;Manobra de mudança de faixa;Saída de leito carroçável;Com Vítimas Fatais;Pleno dia;Crescente;Chuva;Dupla;Reta;Não;4;1;0;0;1;2;0;2;-24.580349;-47.88461;SPRF-SP;DEL05-SP;UOP01-DEL05-SP;456.3;-24.580349;-47.88461;2023-02-18;2023;2;2023-02;8;Manha;1;1;5;5
505762;2023-02-18;sabado;00:12:00;SP;153.0;59.1;SAO JOSE DO RIO PRETO;Ausência de reação do condutor;Colisão traseira;Sem Vítimas;Plena Noite;Crescente;Garoa/Chuvisco;Dupla;Não Informado;Sim;2;0;0;0;2;0;0;2;-20.78733103;-49.35399276;SPRF-SP;DEL09-SP;UOP01-DEL09-SP;59.1;-20.78733103;-49.35399276;2023-02-18;2023;2;2023-02;0;Madrugada;0;0;0;5
505774;2023-02-18;sabado;01:58:00;SP;153.0;73.6;SAO JOSE DO RIO PRETO;Velocidade Incompatível;Colisão traseira;Com Vítimas Feridas;Plena Noite;Crescente;Nublado;Dupla;Reta;Não;4;0;3;0;0;1;3;2;-20.87627206;-49.42004692;SPRF-SP;DEL09-SP;UOP01-DEL09-SP;73.6;-20.87627206;-49.42004692;2023-02-18;2023;2;2023-02;1;Madrugada;0;0;3;5
505853;2023-02-18;sabado;09:00:00;SP;116.0;131.1;SAO JOSE DOS CAMPOS;Velocidade Incompatível;Colisão traseira;Com Vítimas Feridas;Pleno dia;Decrescente;Sol;Dupla;Reta;Sim;2;0;0;1;1;0;1;2;-23.12313858;-45.72792271;SPRF-SP;DEL02-SP;UOP02-DEL02-SP;131.1;-23.12313858;-45.72792271;2023-02-18;2023;2;2023-02;9;Manha;0;1;3;5
505787;2023-02-18;sabado;03:50:00;SP;116.0;229;SAO PAULO;Pedestre cruzava a pista fora da faixa;Atropelamento de Pedestre;Com Vítimas Fatais;Plena Noite;Decrescente;Nublado;Dupla;Não Informado;Sim;2;1;0;0;0;1;0;1;-23.50854004;-46.57216072;SPRF-SP;DEL01-SP;UOP01-DEL01-SP;229.0;-23.50854004;-46.57216072;2023-02-18;2023;2;2023-02;3;Madrugada;1;1;5;5
505947;2023-02-18;sabado;17:00:00;SP;101.0;52;UBATUBA;Condutor deixou de manter distância do veículo da frente;Colisão traseira;Sem Vítimas;Anoitecer;Crescente;Nublado;Simples;Rotatória;Sim;7;0;0;0;7;0;0;2;-23.4623355;-45.06476561;SPRF-SP;DEL06-SP;UOP01-DEL06-SP;52.0;-23.4623355;-45.06476561;2023-02-18;2023;2;2023-02;17;Tarde;0;0;0;5
506157;2023-02-19;domingo;16:45:00;SP;381.0;35;ATIBAIA;Manobra de mudança de faixa;Colisão lateral mesmo sentido;Com Vítimas Feridas;Pleno dia;Crescente;Céu Claro;Dupla;Reta;Não;3;0;2;0;1;0;2;2;-23.088586;-46.571798;SPRF-SP;DEL03-SP;UOP02-DEL03-SP;35.0;-23.088586;-46.571798;2023-02-19;2023;2;2023-02;16;Tarde;0;0;2;6
506120;2023-02-19;domingo;12:00:00;SP;116.0;126;CACAPAVA;Reação tardia ou ineficiente do condutor;Saída de leito carroçável;Sem Vítimas;Pleno dia;Crescente;Céu Claro;Simples;Reta;Sim;1;0;0;0;1;0;0;1;-23.10433057;-45.69425762;SPRF-SP;DEL02-SP;UOP02-DEL02-SP;126.0;-23.10433057;-45.69425762;2023-02-19;2023;2;2023-02;12;Tarde;0;0;0;6
506076;2023-02-19;domingo;07:50:00;SP;116.0;34;CACHOEIRA PAULISTA;Reação tardia ou ineficiente do condutor;Colisão lateral mesmo sentido;Com Vítimas Feridas;Pleno dia;Decrescente;Nublado;Dupla;Não Informado;Não;4;0;1;0;3;0;1;2;-22.65447396;-44.95940103;SPRF-SP;DEL08-SP;UOP02-DEL08-SP;34.0;-22.65447396;-44.95940103;2023-02-19;2023;2;2023-02;7;Manha;0;0;1;6
506017;2023-02-19;domingo;01:41:00;SP;116.0;222;GUARULHOS;Ingestão de substâncias psicoativas pelo condutor;Colisão com objeto;Com Vítimas Feridas;Plena Noite;Decrescente;Chuva;Múltipla;Reta;Sim;2;0;1;0;1;0;1;1;-23.47093408;-46.51631097;SPRF-SP;DEL01-SP;UOP01-DEL01-SP;222.0;-23.47093408;-46.51631097;2023-02-19;2023;2;2023-02;1;Madrugada;0;0;1;6
506082;2023-02-19;domingo;09:00:00;SP;116.0;225;GUARULHOS;Reação tardia ou ineficiente do condutor;Colisão traseira;Com Vítimas Feridas;Pleno dia;Decrescente;Chuva;Dupla;Reta;Sim;4;0;2;0;2;0;2;2;-23.48586772;-46.54075317;SPRF-SP;DEL01-SP;UOP01-DEL01-SP;225.0;-23.48586772;-46.54075317;2023-02-19;2023;2;2023-02;9;Manha;0;0;2;6
506030;2023-02-19;domingo;02:30:00;SP;116.0;49.8;LORENA;Reação tardia ou ineficiente do condutor;Colisão com objeto;Sem Vítimas;Plena Noite;Crescente;Chuva;Dupla;Reta;Sim;1;0;0;0;0;1;0;1;-22.73051614;-45.0765859;SPRF-SP;DEL08-SP;UOP02-DEL08-SP;49.8;-22.73051614;-45.0765859;2023-02-19;2023;2;2023-02;2;Madrugada;0;0;0;6
506067;2023-02-19;domingo;07:10:00;SP;381.0;61;MAIRIPORA;Ingestão de álcool pelo condutor;Colisão traseira;Com Vítimas Feridas;Amanhecer;Decrescente;Chuva;Dupla;Não Informado;Não;2;0;1;0;0;1;1;2;-23.29011611;-46.5800681;SPRF-SP;DEL03-SP;UOP01-DEL03-SP;61.0;-23.29011611;-46.5800681;2023-02-19;2023;2;2023-02;7;Manha;0;0;1;6
506019;2023-02-19;domingo;00:42:00;SP;116.0;146;SAO JOSE DOS CAMPOS;Estacionar ou parar em local proibido;Colisão traseira;Com Vítimas Feridas;Plena Noite;Crescente;Chuva;Dupla;Não Informado;Não;2;0;1;0;1;0;1;2;-23.19122919;-45.86327591;SPRF-SP;DEL02-SP;UOP01-DEL02-SP;146.0;-23.19122919;-45.86327591;2023-02-19;2023;2;2023-02;0;Madrugada;0;0;1;6
506191;2023-02-19;domingo;19:36:00;SP;116.0;144;SAO JOSE DOS CAMPOS;Manobra de mudança de faixa;Atropelamento de Pedestre;Com Vítimas Fatais;Plena Noite;Crescente;Céu Claro;Dupla;Reta;Sim;2;1;0;0;1;0;0;1;-23.18274416;-45.84633592;SPRF-SP;DEL02-SP;UOP01-DEL02-SP;144.0;-23.18274416;-45.84633592;2023-02-19;2023;2;2023-02;19;Noite;1;1;5;6
506106;2023-02-19;domingo;11:15:00;SP;381.0;87;SAO PAULO;Reação tardia ou ineficiente do condutor;Colisão com objeto;Com Vítimas Feridas;Plena Noite;Decrescente;Garoa/Chuvisco;Múltipla;Reta;Não;1;0;1;0;0;0;1;1;-23.46885001;-46.56996601;SPRF-SP;DEL03-SP;UOP01-DEL03-SP;87.0;-23.46885001;-46.56996601;2023-02-19;2023;2;2023-02;11;Manha;0;0;1;6
506134;2023-02-19;domingo;13:00:00;SP;116.0;269;TABOAO DA SERRA;Chuva;Queda de ocupante de veículo;Com Vítimas Feridas;Pleno dia;Decrescente;Garoa/Chuvisco;Dupla;Reta;Sim;2;0;1;0;1;0;1;1;-23.61593059;-46.78826044;SPRF-SP;DEL04-SP;UOP01-DEL04-SP;269.0;-23.61593059;-46.78826044;2023-02-19;2023;2;2023-02;13;Tarde;0;0;1;6
506044;2023-02-19;domingo;06:20:00;SP;101.0;40.8;UBATUBA;Reação tardia ou ineficiente do condutor;Saída de leito carroçável;Sem Vítimas;Pleno dia;Decrescente;Chuva;Simples;Curva;Não;1;0;0;0;1;0;0;1;-23.41495528;-45.03516778;SPRF-SP;DEL06-SP;UOP01-DEL06-SP;40.8;-23.41495528;-45.03516778;2023-02-19;2023;2;2023-02;6;Manha;0;0;0;6
506105;2023-02-19;domingo;10:50:00;SP;101.0;18;UBATUBA;Desrespeitar a preferência no cruzamento;Colisão transversal;Com Vítimas Feridas;Pleno dia;Decrescente;Nublado;Simples;Reta;Não;3;0;0;1;2;0;1;2;-23.31746811;-44.899601;SPRF-SP;DEL06-SP;UOP01-DEL06-SP;18.0;-23.31746811;-44.899601;2023-02-19;2023;2;2023-02;10;Manha;0;1;3;6
506212;2023-02-19;domingo;17:15:00;SP;101.0;48.3;UBATUBA;Retorno proibido;Colisão transversal;Com Vítimas Feridas;Pleno dia;Decrescente;Nublado;Simples;Reta;Sim;2;0;1;0;1;0;1;2;-23.43696329;-45.08768768;SPRF-SP;DEL06-SP;UOP01-DEL06-SP;48.3;-23.43696329;-45.08768768;2023-02-19;2023;2;2023-02;17;Tarde;0;0;1;6
506362;2023-02-20;segunda-feira;18:00:00;SP;116.0;202;ARUJA;Trafegar com motocicleta (ou similar) entre as faixas;Colisão lateral mesmo sentido;Com Vítimas Feridas;Anoitecer;Decrescente;Nublado;Dupla;Reta;Não;2;0;0;1;0;1;1;2;-23.40809408;-46.33859597;SPRF-SP;DEL01-SP;UOP01-DEL01-SP;202.0;-23.40809408;-46.33859597;2023-02-20;2023;2;2023-02;18;Noite;0;1;3;0
506374;2023-02-20;segunda-feira;19:35:00;SP;381.0;41;ATIBAIA;Manobra de mudança de faixa;Colisão lateral mesmo sentido;Com Vítimas Feridas;Anoitecer;Crescente;Céu Claro;Dupla;Reta;Sim;2;0;1;0;1;0;1;2;-23.13863999;-46.57584088;SPRF-SP;DEL03-SP;UOP01-DEL03-SP;41.0;-23.13863999;-46.57584088;2023-02-20;2023;2;2023-02;19;Noite;0;0;1;0
506248;2023-02-20;segunda-feira;00:10:00;SP;116.0;61.9;GUARATINGUETA;Ausência de reação do condutor;Queda de ocupante de veículo;Com Vítimas Fatais;Plena Noite;Decrescente;Nublado;Dupla;Desvio Temporário;Não;2;1;0;0;1;0;0;2;-22.79763613;-45.1674588;SPRF-SP;DEL08-SP;UOP01-DEL08-SP;61.9;-22.79763613;-45.1674588;2023-02-20;2023;2;2023-02;0;Madrugada;1;1;5;0
506324;2023-02-20;segunda-feira;12:27:00;SP;116.0;212;GUARULHOS;Acessar a via sem observar a presença dos outros veículos;Colisão transversal;Com Vítimas Feridas;Pleno dia;Crescente;Céu Claro;Dupla;Reta;Sim;5;0;3;0;2;0;3;3;-23.43608315;-46.42805094;SPRF-SP;DEL01-SP;UOP01-DEL01-SP;212.0;-23.43608315;-46.42805094;2023-02-20;2023;2;2023-02;12;Tarde;0;0;3;0
506360;2023-02-20;segunda-feira;17:45:00;SP;116.0;210;GUARULHOS;Reação tardia ou ineficiente do condutor;Colisão lateral mesmo sentido;Com Vítimas Feridas;Pleno dia;Decrescente;Céu Claro;Dupla;Reta;Sim;2;0;1;0;1;0;1;2;-23.42870023;-46.41085991;SPRF-SP;DEL01-SP;UOP01-DEL01-SP;210.0;-23.42870023;-46.41085991;2023-02-20;2023;2;2023-02;17;Tarde;0;0;1;0
506358;2023-02-20;segunda-feira;16:00:00;SP;116.0;323.9;JUQUITIBA;Reação tardia ou ineficiente do condutor;Saída de leito carroçável;Com Vítimas Feridas;Pleno dia;Crescente;Céu Claro;Dupla;Reta;Não;1;0;1;0;0;0;1;1;-23.93663197;-47.03568002;SPRF-SP;DEL04-SP;UOP03-DEL04-SP;323.9;-23.93663197;-47.03568002;2023-02-20;2023;2;2023-02;16;Tarde;0;0;1;0
506257;2023-02-20;segunda-feira;01:50:00;SP;381.0;57;MAIRIPORA;Obstrução na via;Saída de leito carroçável;Sem Vítimas;Plena Noite;Crescente;Céu Claro;Dupla;Não Informado;Sim;1;0;0;0;1;0;0;1;-23.2658219;-46.5839857;SPRF-SP;DEL03-SP;UOP01-DEL03-SP;57.0;-23.2658219;-46.5839857;2023-02-20;2023;2;2023-02;1;Madrugada;0;0;0;0
506371;2023-02-20;segunda-feira;18:00:00;SP;116.0;384.7;MIRACATU;Demais falhas mecânicas ou elétricas;Saída de leito carroçável;Com Vítimas Feridas;Anoitecer;Crescente;Chuva;Dupla;Não Informado;Não;2;0;2;0;0;0;2;1;-24.25315884;-47.37493283;SPRF-SP;DEL04-SP;UOP02-DEL04-SP;384.7;-24.25315884;-47.37493283;2023-02-20;2023;2;2023-02;18;Noite;0;0;2;0
506264;2023-02-20;segunda-feira;03:40:00;SP;116.0;449;REGISTRO;Condutor Dormindo;Saída de leito carroçável;Com Vítimas Feridas;Plena Noite;Crescente;Céu Claro;Dupla;Reta;Sim;2;0;1;0;1;0;1;1;-24.52913591;-47.85619324;SPRF-SP;DEL05-SP;UOP01-DEL05-SP;449.0;-24.52913591;-47.85619324;2023-02-20;2023;2;2023-02;3;Madrugada;0;0;1;0
506408;2023-02-20;segunda-feira;23:27:00;SP;116.0;191;SANTA ISABEL;Acumulo de água sobre o pavimento;Saída de leito carroçável;Com Vítimas Feridas;Plena Noite;Decrescente;Chuva;Dupla;Reta;Não;1;0;1;0;0;0;1;1;-23.37124281;-46.2426022;SPRF-SP;DEL01-SP;UOP01-DEL01-SP;191.0;-23.37124281;-46.2426022;2023-02-20;2023;2;2023-02;23;Noite;0;0;1;0
506334;2023-02-20;segunda-feira;14:25:00;SP;153.0;72;SAO JOSE DO RIO PRETO;Avarias e/ou desgaste excessivo no pneu;Tombamento;Com Vítimas Feridas;Pleno dia;Decrescente;Nublado;Dupla;Não Informado;Sim;3;0;2;0;0;1;2;1;-20.86715501;-49.41334398;SPRF-SP;DEL09-SP;UOP01-DEL09-SP;72.0;-20.86715501;-49.41334398;2023-02-20;2023;2;2023-02;14;Tarde;0;0;2;0
506302;2023-02-20;segunda-feira;08:50:00;SP;116.0;139.7;SAO JOSE DOS CAMPOS;Demais falhas na via;Saída de leito carroçável;Com Vítimas Feridas;Pleno dia;Decrescente;Céu Claro;Dupla;Reta;Sim;2;0;1;1;0;0;2;1;-23.16403545;-45.80715179;SPRF-SP;DEL02-SP;UOP01-DEL02-SP;139.7;-23.16403545;-45.80715179;2023-02-20;2023;2;2023-02;8;Manha;0;1;4;0
506389;2023-02-20;segunda-feira;21:10:00;SP;116.0;146.9;SAO JOSE DOS CAMPOS;Manobra de mudança de faixa;Colisão lateral mesmo sentido;Com Vítimas Feridas;Plena Noite;Decrescente;Nublado;Dupla;Não Informado;Não;5;0;4;0;1;0;4;2;-23.19122919;-45.86327591;SPRF-SP;DEL02-SP;UOP01-DEL02-SP;146.9;-23.19122919;-45.86327591;2023-02-20;2023;2;2023-02;21;Noite;0;0;4;0
506320;2023-02-20;segunda-feira;09:45:00;SP;116.0;228;SAO PAULO;Avarias e/ou desgaste excessivo no pneu;Queda de ocupante de veículo;Com Vítimas Feridas;Pleno dia;Crescente;Nublado;Múltipla;Reta;Sim;2;0;2;0;0;0;2;1;-23.5034348443;-46.5663871238;SPRF-SP;DEL01-SP;UOP01-DEL01-SP;228.0;-23.5034348443;-46.5663871238;2023-02-20;2023;2;2023-02;9;Manha;0;0;2;0
506368;2023-02-20;segunda-feira;19:10:00;SP;101.0;36;UBATUBA;Acessar a via sem observar a presença dos outros veículos;Colisão transversal;Com Vítimas Feridas;Plena Noite;Decrescente;Nublado;Simples;Reta;Não;2;0;1;0;1;0;1;2;-23.40731379;-45.01849651;SPRF-SP;DEL06-SP;UOP01-DEL06-SP;36.0;-23.40731379;-45.01849651;2023-02-20;2023;2;2023-02;19;Noite;0;0;1;0
506443;2023-02-21;terca-feira;01:00:00;SP;116.0;72;APARECIDA;Ausência de reação do condutor;Saída de leito carroçável;Sem Vítimas;Plena Noite;Decrescente;Nublado;Múltipla;Curva;Não;1;0;0;0;0;1;0;1;-22.86354218;-45.23746093;SPRF-SP;DEL08-SP;UOP01-DEL08-SP;72.0;-22.86354218;-45.23746093;2023-02-21;2023;2;2023-02;1;Madrugada;0;0;0;1
506437;2023-02-21;terca-feira;06:59:00;SP;381.0;51;ATIBAIA;Velocidade Incompatível;Colisão com objeto;Com Vítimas Feridas;Amanhecer;Decrescente;Céu Claro;Dupla;Não Informado;Não;1;0;1;0;0;0;1;1;-23.23381423;-46.60181522;SPRF-SP;DEL03-SP;UOP01-DEL03-SP;51.0;-23.23381423;-46.60181522;2023-02-21;2023;2;2023-02;6;Manha;0;0;1;1
506531;2023-02-21;terca-feira;16:00:00;SP;116.0;550.8;BARRA DO TURVO;Pista Escorregadia;Saída de leito carroçável;Com Vítimas Feridas;Pleno dia;Crescente;Chuva;Simples;Curva;Não;2;0;1;0;1;0;1;1;-24.95749618;-48.46440871;SPRF-SP;DEL05-SP;UOP02-DEL05-SP;550.8;-24.95749618;-48.46440871;2023-02-21;2023;2;2023-02;16;Tarde;0;0;1;1
506440;2023-02-21;terca-feira;06:00:00;SP;116.0;37;CACHOEIRA PAULISTA;Chuva;Colisão com objeto;Com Vítimas Feridas;Amanhecer;Decrescente;Chuva;Dupla;Curva;Não;2;0;1;0;1;0;1;1;-22.66497021;-44.98430985;SPRF-SP;DEL08-SP;UOP02-DEL08-SP;37.0;-22.66497021;-44.98430985;2023-02-21;2023;2;2023-02;6;Manha;0;0;1;1
506549;2023-02-21;terca-feira;21:40:00;SP;116.0;58;GUARATINGUETA;Pedestre andava na pista;Atropelamento de Pedestre;Com Vítimas Feridas;Plena Noite;Crescente;Chuva;Dupla;Reta;Sim;2;0;0;1;1;0;1;1;-22.78005511;-45.14572791;SPRF-SP;DEL08-SP;UOP01-DEL08-SP;58.0;-22.78005511;-45.14572791;2023-02-21;2023;2;2023-02;21;Noite;0;1;3;1
506418;2023-02-21;terca-feira;00:50:00;SP;381.0;89.2;GUARULHOS;Reação tardia ou ineficiente do condutor;Colisão traseira;Sem Vítimas;Plena Noite;Decrescente;Nublado;Múltipla;Reta;Sim;2;0;0;0;2;0;0;2;-23.48469299;-46.55983288;SPRF-SP;DEL03-SP;UOP01-DEL03-SP;89.2;-23.48469299;-46.55983288;2023-02-21;2023;2;2023-02;0;Madrugada;0;0;0;1
506518;2023-02-21;terca-feira;18:00:00;SP;116.0;429;REGISTRO;Demais falhas mecânicas ou elétricas;Tombamento;Com Vítimas Feridas;Pleno dia;Decrescente;Céu Claro;Dupla;Reta;Não;2;0;2;0;0;0;2;1;-24.40226511;-47.7383829;SPRF-SP;DEL05-SP;UOP01-DEL05-SP;429.0;-24.40226511;-47.7383829;2023-02-21;2023;2;2023-02;18;Noite;0;0;2;1
506479;2023-02-21;terca-feira;12:54:00;SP;116.0;139.7;SAO JOSE DOS CAMPOS;Condutor deixou de manter distância do veículo da frente;Engavetamento;Com Vítimas Feridas;Pleno dia;Crescente;Sol;Dupla;Reta;Sim;9;0;1;0;7;1;1;3;-23.16153216;-45.80400592;SPRF-SP;DEL02-SP;UOP01-DEL02-SP;139.7;-23.16153216;-45.80400592;2023-02-21;2023;2;2023-02;12;Tarde;0;0;1;1
506514;2023-02-21;terca-feira;18:20:00;SP;101.0;40;UBATUBA;Reação tardia ou ineficiente do condutor;Engavetamento;Sem Vítimas;Plena Noite;Crescente;Chuva;Simples;Reta;Não;3;0;0;0;3;0;0;3;-23.41495528;-45.03516778;SPRF-SP;DEL06-SP;UOP01-DEL06-SP;40.0;-23.41495528;-45.03516778;2023-02-21;2023;2;2023-02;18;Noite;0;0;0;1
506566;2023-02-22;quarta-feira;04:00:00;SP;116.0;562.1;BARRA DO TURVO;Reação tardia ou ineficiente do condutor;Capotamento;Com Vítimas Feridas;Plena Noite;Crescente;Garoa/Chuvisco;Dupla;Curva;Não;5;0;5;0;0;0;5;1;-25.02464023;-48.52213701;SPRF-SP;DEL05-SP;UOP02-DEL05-SP;562.1;-25.02464023;-48.52213701;2023-02-22;2023;2;2023-02;4;Madrugada;0;0;5;2
506600;2023-02-22;quarta-feira;09:30:00;SP;116.0;219;GUARULHOS;Demais falhas mecânicas ou elétricas;Eventos atípicos;Com Vítimas Feridas;Pleno dia;Crescente;Céu Claro;Múltipla;Reta;Sim;2;0;1;0;1;0;1;1;-23.46143954;-46.48885316;SPRF-SP;DEL01-SP;UOP01-DEL01-SP;219.0;-23.46143954;-46.48885316;2023-02-22;2023;2;2023-02;9;Manha;0;0;1;2
506714;2023-02-22;quarta-feira;20:00:00;SP;116.0;215;GUARULHOS;Acumulo de areia ou detritos sobre o pavimento;Queda de ocupante de veículo;Com Vítimas Feridas;Plena Noite;Crescente;Céu Claro;Simples;Não Informado;Sim;1;0;1;0;0;0;1;1;-23.4469569252;-46.4539410308;SPRF-SP;DEL01-SP;UOP01-DEL01-SP;215.0;-23.4469569252;-46.4539410308;2023-02-22;2023;2;2023-02;20;Noite;0;0;1;2
506724;2023-02-22;quarta-feira;20:40:00;SP;381.0;90.2;GUARULHOS;Pedestre andava na pista;Atropelamento de Pedestre;Com Vítimas Feridas;Plena Noite;Crescente;Céu Claro;Dupla;Curva;Sim;3;0;0;1;0;2;1;1;-23.497941;-46.560316;SPRF-SP;DEL03-SP;UOP01-DEL03-SP;90.2;-23.497941;-46.560316;2023-02-22;2023;2;2023-02;20;Noite;0;1;3;2
506656;2023-02-22;quarta-feira;14:30:00;SP;116.0;287;ITAPECERICA DA SERRA;Ausência de reação do condutor;Colisão traseira;Com Vítimas Feridas;Pleno dia;Crescente;Chuva;Dupla;Curva;Não;7;0;2;0;2;3;2;7;-23.71441779;-46.87929634;SPRF-SP;DEL04-SP;UOP01-DEL04-SP;287.0;-23.71441779;-46.87929634;2023-02-22;2023;2;2023-02;14;Tarde;0;0;2;2
506574;2023-02-22;quarta-feira;06:15:00;SP;116.0;160.4;JACAREI;Condutor deixou de manter distância do veículo da frente;Colisão traseira;Com Vítimas Feridas;Pleno dia;Crescente;Nublado;Dupla;Reta;Sim;2;0;1;0;0;1;1;2;-23.27617003;-45.97592098;SPRF-SP;DEL02-SP;UOP01-DEL02-SP;160.4;-23.27617003;-45.97592098;2023-02-22;2023;2;2023-02;6;Manha;0;0;1;2
506660;2023-02-22;quarta-feira;15:20:00;SP;116.0;412.4;JUQUIA;Ausência de reação do condutor;Atropelamento de Pedestre;Com Vítimas Feridas;Pleno dia;Crescente;Nublado;Dupla;Reta;Não;2;0;0;1;1;0;1;2;-24.33094086;-47.61325097;SPRF-SP;DEL05-SP;UOP01-DEL05-SP;412.4;-24.33094086;-47.61325097;2023-02-22;2023;2;2023-02;15;Tarde;0;1;3;2
506595;2023-02-22;quarta-feira;08:05:00;SP;116.0;84;ROSEIRA;Manobra de mudança de faixa;Queda de ocupante de veículo;Com Vítimas Feridas;Pleno dia;Decrescente;Nublado;Dupla;Reta;Não;1;0;1;0;0;0;1;1;-22.91777173;-45.33596814;SPRF-SP;DEL08-SP;UOP01-DEL08-SP;84.0;-22.91777173;-45.33596814;2023-02-22;2023;2;2023-02;8;Manha;0;0;1;2
506562;2023-02-22;quarta-feira;03:20:00;SP;116.0;227;SAO PAULO;Ausência de reação do condutor;Colisão traseira;Com Vítimas Feridas;Plena Noite;Crescente;Céu Claro;Dupla;Desvio Temporário;Não;3;0;1;0;1;1;1;2;-23.49659264;-46.55648754;SPRF-SP;DEL01-SP;UOP01-DEL01-SP;227.0;-23.49659264;-46.55648754;2023-02-22;2023;2;2023-02;3;Madrugada;0;0;1;2
507283;2023-02-22;quarta-feira;18:50:00;SP;381.0;86.3;SAO PAULO;Reação tardia ou ineficiente do condutor;Tombamento;Com Vítimas Feridas;Plena Noite;Decrescente;Céu Claro;Múltipla;Reta;Sim;1;0;1;0;0;0;1;1;-23.45930499;-46.57161179;SPRF-SP;DEL03-SP;UOP01-DEL03-SP;86.3;-23.45930499;-46.57161179;2023-02-22;2023;2;2023-02;18;Noite;0;0;1;2
506565;2023-02-22;quarta-feira;02:45:00;SP;116.0;269;TABOAO DA SERRA;Condutor desrespeitou a iluminação vermelha do semáforo;Colisão transversal;Com Vítimas Feridas;Plena Noite;Crescente;Céu Claro;Dupla;Reta;Sim;2;0;1;0;1;0;1;2;-23.61593059;-46.78826044;SPRF-SP;DEL04-SP;UOP01-DEL04-SP;269.0;-23.61593059;-46.78826044;2023-02-22;2023;2;2023-02;2;Madrugada;0;0;1;2
506627;2023-02-22;quarta-feira;11:50:00;SP;116.0;108.7;TAUBATE;Velocidade Incompatível;Colisão traseira;Com Vítimas Feridas;Pleno dia;Crescente;Sol;Dupla;Reta;Não;2;0;1;0;1;0;1;2;-23.0233097;-45.53763622;SPRF-SP;DEL02-SP;UOP02-DEL02-SP;108.7;-23.0233097;-45.53763622;2023-02-22;2023;2;2023-02;11;Manha;0;0;1;2
506641;2023-02-22;quarta-feira;13:30:00;SP;101.0;47;UBATUBA;Acumulo de óleo sobre o pavimento;Tombamento;Com Vítimas Feridas;Pleno dia;Decrescente;Sol;Simples;Rotatória;Sim;1;0;1;0;0;0;1;1;-23.43401316;-45.0857234;SPRF-SP;DEL06-SP;UOP01-DEL06-SP;47.0;-23.43401316;-45.0857234;2023-02-22;2023;2;2023-02;13;Tarde;0;0;1;2
506703;2023-02-22;quarta-feira;18:15:00;SP;101.0;40;UBATUBA;Pista Escorregadia;Tombamento;Com Vítimas Feridas;Anoitecer;Decrescente;Céu Claro;Simples;Reta;Não;2;0;1;0;1;0;1;1;-23.41495528;-45.03516778;SPRF-SP;DEL06-SP;UOP01-DEL06-SP;40.0;-23.41495528;-45.03516778;2023-02-22;2023;2;2023-02;18;Noite;0;0;1;2
506813;2023-02-23;quinta-feira;14:00:00;SP;116.0;196;ARUJA;Ausência de reação do condutor;Colisão traseira;Com Vítimas Feridas;Pleno dia;Decrescente;Céu Claro;Dupla;Reta;Não;2;0;1;0;1;0;1;2;-23.39265978;-46.2844631;SPRF-SP;DEL01-SP;UOP01-DEL01-SP;196.0;-23.39265978;-46.2844631;2023-02-23;2023;2;2023-02;14;Tarde;0;0;1;3
506851;2023-02-23;quinta-feira;18:24:00;SP;381.0;35;ATIBAIA;Demais falhas mecânicas ou elétricas;Tombamento;Com Vítimas Feridas;Anoitecer;Decrescente;Céu Claro;Múltipla;Não Informado;Não;1;0;1;0;0;0;1;1;-23.088586;-46.571798;SPRF-SP;DEL03-SP;UOP02-DEL03-SP;35.0;-23.088586;-46.571798;2023-02-23;2023;2;2023-02;18;Noite;0;0;1;3
506816;2023-02-23;quinta-feira;12:15:00;SP;116.0;548;BARRA DO TURVO;Reação tardia ou ineficiente do condutor;Colisão com objeto;Com Vítimas Feridas;Pleno dia;Crescente;Nublado;Simples;Curva;Não;1;0;1;0;0;0;1;1;-24.95393;-48.447268;SPRF-SP;DEL05-SP;UOP02-DEL05-SP;548.0;-24.95393;-48.447268;2023-02-23;2023;2;2023-02;12;Tarde;0;0;1;3
506775;2023-02-23;quinta-feira;09:30:00;SP;116.0;38.4;CACHOEIRA PAULISTA;Velocidade Incompatível;Colisão traseira;Com Vítimas Feridas;Pleno dia;Crescente;Céu Claro;Múltipla;Curva;Não;4;0;2;0;2;0;2;2;-22.67026579;-44.99183604;SPRF-SP;DEL08-SP;UOP02-DEL08-SP;38.4;-22.67026579;-44.99183604;2023-02-23;2023;2;2023-02;9;Manha;0;0;2;3
506766;2023-02-23;quinta-feira;08:10:00;SP;116.0;279;EMBU DAS ARTES;Manobra de mudança de faixa;Colisão traseira;Com Vítimas Feridas;Pleno dia;Decrescente;Céu Claro;Dupla;Reta;Sim;2;0;1;0;1;0;1;2;-23.66233697;-46.85292907;SPRF-SP;DEL04-SP;UOP01-DEL04-SP;279.0;-23.66233697;-46.85292907;2023-02-23;2023;2;2023-02;8;Manha;0;0;1;3
506825;2023-02-23;quinta-feira;10:40:00;SP;116.0;67.5;GUARATINGUETA;Reação tardia ou ineficiente do condutor;Colisão traseira;Com Vítimas Feridas;Pleno dia;Crescente;Nublado;Dupla;Não Informado;Sim;2;0;1;0;1;0;1;2;-22.82998471;-45.21234512;SPRF-SP;DEL08-SP;UOP01-DEL08-SP;67.5;-22.82998471;-45.21234512;2023-02-23;2023;2;2023-02;10;Manha;0;0;1;3
506820;2023-02-23;quinta-feira;14:30:00;SP;116.0;212.5;GUARULHOS;Reação tardia ou ineficiente do condutor;Eventos atípicos;Com Vítimas Feridas;Pleno dia;Decrescente;Nublado;Dupla;Reta;Sim;2;0;2;0;0;0;2;1;-23.43993906;-46.43543243;SPRF-SP;DEL01-SP;UOP01-DEL01-SP;212.5;-23.43993906;-46.43543243;2023-02-23;2023;2;2023-02;14;Tarde;0;0;2;3
506770;2023-02-23;quinta-feira;07:40:00;SP;381.0;57;MAIRIPORA;Ultrapassagem Indevida;Colisão lateral mesmo sentido;Com Vítimas Feridas;Pleno dia;Decrescente;Sol;Dupla;Reta;Não;2;0;1;0;1;0;1;2;-23.2658219;-46.5839857;SPRF-SP;DEL03-SP;UOP01-DEL03-SP;57.0;-23.2658219;-46.5839857;2023-02-23;2023;2;2023-02;7;Manha;0;0;1;3
506847;2023-02-23;quinta-feira;18:15:00;SP;381.0;71;MAIRIPORA;Chuva;Colisão com objeto;Com Vítimas Feridas;Pleno dia;Crescente;Chuva;Múltipla;Curva;Não;1;0;1;0;0;0;1;1;-23.35047979;-46.55267274;SPRF-SP;DEL03-SP;UOP01-DEL03-SP;71.0;-23.35047979;-46.55267274;2023-02-23;2023;2;2023-02;18;Noite;0;0;1;3
514071;2023-02-23;quinta-feira;17:40:00;SP;381.0;57;MAIRIPORA;Carga excessiva e/ou mal acondicionada;Colisão com objeto;Com Vítimas Feridas;Pleno dia;Decrescente;Sol;Dupla;Reta;Não;1;0;1;0;0;0;1;1;-23.2658219;-46.5839857;SPRF-SP;DEL03-SP;UOP01-DEL03-SP;57.0;-23.2658219;-46.5839857;2023-02-23;2023;2;2023-02;17;Tarde;0;0;1;3
506788;2023-02-23;quinta-feira;10:40:00;SP;116.0;443;REGISTRO;Ausência de reação do condutor;Colisão lateral mesmo sentido;Com Vítimas Feridas;Pleno dia;Decrescente;Nublado;Dupla;Não Informado;Sim;3;0;0;1;1;1;1;2;-24.48941375;-47.83554554;SPRF-SP;DEL05-SP;UOP01-DEL05-SP;443.0;-24.48941375;-47.83554554;2023-02-23;2023;2;2023-02;10;Manha;0;1;3;3
506762;2023-02-23;quinta-feira;07:00:00;SP;116.0;81;ROSEIRA;Avarias e/ou desgaste excessivo no pneu;Queda de ocupante de veículo;Com Vítimas Feridas;Pleno dia;Decrescente;Céu Claro;Dupla;Reta;Não;2;0;1;0;1;0;1;1;-22.90482177;-45.31030655;SPRF-SP;DEL08-SP;UOP01-DEL08-SP;81.0;-22.90482177;-45.31030655;2023-02-23;2023;2;2023-02;7;Manha;0;0;1;3
506862;2023-02-23;quinta-feira;20:20:00;SP;101.0;50.5;UBATUBA;Acessar a via sem observar a presença dos outros veículos;Colisão transversal;Com Vítimas Feridas;Plena Noite;Decrescente;Nublado;Simples;Reta;Não;2;0;1;0;1;0;1;2;-23.45018939;-45.07743735;SPRF-SP;DEL06-SP;UOP01-DEL06-SP;50.5;-23.45018939;-45.07743735;2023-02-23;2023;2;2023-02;20;Noite;0;0;1;3
506902;2023-02-24;sexta-feira;04:00:00;SP;116.0;70;APARECIDA;Acessar a via sem observar a presença dos outros veículos;Atropelamento de Pedestre;Com Vítimas Fatais;Plena Noite;Decrescente;Céu Claro;Dupla;Curva;Não;2;1;0;0;1;0;0;1;-22.84852898;-45.22705084;SPRF-SP;DEL08-SP;UOP01-DEL08-SP;70.0;-22.84852898;-45.22705084;2023-02-24;2023;2;2023-02;4;Madrugada;1;1;5;4
506968;2023-02-24;sexta-feira;13:30:00;SP;381.0;45.1;ATIBAIA;Reação tardia ou ineficiente do condutor;Colisão traseira;Com Vítimas Fatais;Pleno dia;Decrescente;Céu Claro;Dupla;Não Informado;Sim;4;1;0;0;3;0;0;2;-23.16458615;-46.57418959;SPRF-SP;DEL03-SP;UOP01-DEL03-SP;45.1;-23.16458615;-46.57418959;2023-02-24;2023;2;2023-02;13;Tarde;1;1;5;4
532321;2023-02-24;sexta-feira;05:00:00;SP;381.0;30;ATIBAIA;Reação tardia ou ineficiente do condutor;Colisão traseira;Com Vítimas Feridas;Amanhecer;Crescente;Céu Claro;Dupla;Não Informado;Não;2;0;1;0;1;0;1;2;-23.04885102;-46.56482797;SPRF-SP;DEL03-SP;UOP02-DEL03-SP;30.0;-23.04885102;-46.56482797;2023-02-24;2023;2;2023-02;5;Madrugada;0;0;1;4
507010;2023-02-24;sexta-feira;16:36:00;SP;116.0;546;BARRA DO TURVO;Reação tardia ou ineficiente do condutor;Colisão com objeto;Com Vítimas Feridas;Anoitecer;Crescente;Garoa/Chuvisco;Dupla;Não Informado;Não;5;0;1;1;3;0;2;1;-24.9470862;-48.43042095;SPRF-SP;DEL05-SP;UOP02-DEL05-SP;546.0;-24.9470862;-48.43042095;2023-02-24;2023;2;2023-02;16;Tarde;0;1;4;4
506898;2023-02-24;sexta-feira;02:35:00;SP;116.0;509;CAJATI;Velocidade Incompatível;Derramamento de carga;Sem Vítimas;Plena Noite;Decrescente;Céu Claro;Simples;Curva;Não;1;0;0;0;1;0;0;1;-24.82178987;-48.21419034;SPRF-SP;DEL05-SP;UOP02-DEL05-SP;509.0;-24.82178987;-48.21419034;2023-02-24;2023;2;2023-02;2;Madrugada;0;0;0;4
506939;2023-02-24;sexta-feira;08:45:00;SP;381.0;88;GUARULHOS;Condutor deixou de manter distância do veículo da frente;Colisão traseira;Com Vítimas Feridas;Pleno dia;Crescente;Nublado;Múltipla;Reta;Não;5;0;1;0;4;0;1;4;-23.47469314;-46.56112919;SPRF-SP;DEL03-SP;UOP01-DEL03-SP;88.0;-23.47469314;-46.56112919;2023-02-24;2023;2;2023-02;8;Manha;0;0;1;4
507062;2023-02-24;sexta-feira;23:00:00;SP;116.0;215;GUARULHOS;Ausência de sinalização;Colisão com objeto;Com Vítimas Feridas;Plena Noite;Crescente;Céu Claro;Simples;Não Informado;Sim;1;0;0;1;0;0;1;1;-23.44695693;-46.45394103;SPRF-SP;DEL01-SP;UOP01-DEL01-SP;215.0;-23.44695693;-46.45394103;2023-02-24;2023;2;2023-02;23;Noite;0;1;3;4
506988;2023-02-24;sexta-feira;15:00:00;SP;116.0;330.9;JUQUITIBA;Afundamento ou ondulação no pavimento;Capotamento;Com Vítimas Feridas;Pleno dia;Decrescente;Sol;Dupla;Curva;Não;1;0;1;0;0;0;1;1;-23.9442931;-47.09668891;SPRF-SP;DEL04-SP;UOP03-DEL04-SP;330.9;-23.9442931;-47.09668891;2023-02-24;2023;2;2023-02;15;Tarde;0;0;1;4
507064;2023-02-24;sexta-feira;23:32:00;SP;116.0;56.2;LORENA;Condutor Dormindo;Saída de leito carroçável;Com Vítimas Feridas;Plena Noite;Crescente;Garoa/Chuvisco;Dupla;Reta;Não;1;0;1;0;0;0;1;1;-22.76904403;-45.13040598;SPRF-SP;DEL08-SP;UOP02-DEL08-SP;56.2;-22.76904403;-45.13040598;2023-02-24;2023;2;2023-02;23;Noite;0;0;1;4
507005;2023-02-24;sexta-feira;17:30:00;SP;381.0;54;MAIRIPORA;Ausência de reação do condutor;Colisão traseira;Com Vítimas Feridas;Pleno dia;Crescente;Céu Claro;Dupla;Reta;Não;1;0;1;0;0;0;1;1;-23.2449074;-46.59562343;SPRF-SP;DEL03-SP;UOP01-DEL03-SP;54.0;-23.2449074;-46.59562343;2023-02-24;2023;2;2023-02;17;Tarde;0;0;1;4
506909;2023-02-24;sexta-feira;01:35:00;SP;116.0;390;MIRACATU;Objeto estático sobre o leito carroçável;Colisão com objeto;Sem Vítimas;Plena Noite;Decrescente;Nublado;Dupla;Reta;Não;2;0;0;0;2;0;0;1;-24.27643929;-47.41504088;SPRF-SP;DEL04-SP;UOP02-DEL04-SP;390.0;-24.27643929;-47.41504088;2023-02-24;2023;2;2023-02;1;Madrugada;0;0;0;4
507104;2023-02-24;sexta-feira;21:00:00;SP;116.0;367;MIRACATU;Velocidade Incompatível;Tombamento;Com Vítimas Feridas;Plena Noite;Crescente;Chuva;Dupla;Curva;Sim;1;0;1;0;0;0;1;1;-24.14628882;-47.29333804;SPRF-SP;DEL04-SP;UOP02-DEL04-SP;367.0;-24.14628882;-47.29333804;2023-02-24;2023;2;2023-02;21;Noite;0;0;1;4
506897;2023-02-24;sexta-feira;02:30:00;SP;153.0;153.3;PROMISSAO;Deficiência do Sistema de Iluminação/Sinalização;Incêndio;Sem Vítimas;Plena Noite;Decrescente;Céu Claro;Simples;Não Informado;Não;2;0;0;0;2;0;0;1;-21.44437099;-49.78452187;SPRF-SP;DEL07-SP;UOP01-DEL07-SP;153.3;-21.44437099;-49.78452187;2023-02-24;2023;2;2023-02;2;Madrugada;0;0;0;4
506950;2023-02-24;sexta-feira;11:50:00;SP;116.0;148;SAO JOSE DOS CAMPOS;Acessar a via sem observar a presença dos outros veículos;Atropelamento de Pedestre;Com Vítimas Feridas;Pleno dia;Crescente;Céu Claro;Dupla;Reta;Sim;2;0;1;0;1;0;1;1;-23.20067421;-45.8795018;SPRF-SP;DEL02-SP;UOP01-DEL02-SP;148.0;-23.20067421;-45.8795018;2023-02-24;2023;2;2023-02;11;Manha;0;0;1;4
507002;2023-02-24;sexta-feira;17:30:00;SP;116.0;144;SAO JOSE DOS CAMPOS;Ausência de reação do condutor;Tombamento;Com Vítimas Feridas;Pleno dia;Decrescente;Garoa/Chuvisco;Múltipla;Reta;Não;1;0;1;0;0;0;1;1;-23.18274416;-45.84633592;SPRF-SP;DEL02-SP;UOP01-DEL02-SP;144.0;-23.18274416;-45.84633592;2023-02-24;2023;2;2023-02;17;Tarde;0;0;1;4
506931;2023-02-24;sexta-feira;08:50:00;SP;116.0;227;SAO PAULO;Velocidade Incompatível;Colisão com objeto;Com Vítimas Feridas;Pleno dia;Crescente;Nublado;Múltipla;Reta;Sim;4;0;2;0;2;0;2;4;-23.49659264;-46.55648754;SPRF-SP;DEL01-SP;UOP01-DEL01-SP;227.0;-23.49659264;-46.55648754;2023-02-24;2023;2;2023-02;8;Manha;0;0;2;4
507065;2023-02-24;sexta-feira;22:53:00;SP;116.0;225;SAO PAULO;Ausência de reação do condutor;Colisão com objeto;Sem Vítimas;Plena Noite;Decrescente;Céu Claro;Múltipla;Reta;Sim;1;0;0;0;0;1;0;1;-23.48586772;-46.54075317;SPRF-SP;DEL01-SP;UOP01-DEL01-SP;225.0;-23.48586772;-46.54075317;2023-02-24;2023;2;2023-02;22;Noite;0;0;0;4
509608;2023-02-24;sexta-feira;15:50:00;SP;153.0;305.8;SAO PEDRO DO TURVO;Demais falhas mecânicas ou elétricas;Colisão com objeto;Com Vítimas Feridas;Pleno dia;Decrescente;Céu Claro;Simples;Reta;Não;2;0;1;0;1;0;1;2;-22.625226;-49.88953623;SPRF-SP;DEL07-SP;UOP03-DEL07-SP;305.8;-22.625226;-49.88953623;2023-02-24;2023;2;2023-02;15;Tarde;0;0;1;4
506990;2023-02-24;sexta-feira;08:00:00;SP;116.0;273;TABOAO DA SERRA;Ausência de reação do condutor;Colisão traseira;Com Vítimas Feridas;Pleno dia;Decrescente;Céu Claro;Dupla;Reta;Sim;2;0;1;0;1;0;1;2;-23.62809795;-46.81870306;SPRF-SP;DEL04-SP;UOP01-DEL04-SP;273.0;-23.62809795;-46.81870306;2023-02-24;2023;2;2023-02;8;Manha;0;0;1;4
507009;2023-02-24;sexta-feira;18:10:00;SP;101.0;51;UBATUBA;Acessar a via sem observar a presença dos outros veículos;Colisão transversal;Com Vítimas Feridas;Anoitecer;Decrescente;Chuva;Simples;Reta;Sim;2;0;1;0;1;0;1;2;-23.45627795;-45.07111896;SPRF-SP;DEL06-SP;UOP01-DEL06-SP;51.0;-23.45627795;-45.07111896;2023-02-24;2023;2;2023-02;18;Noite;0;0;1;4
507116;2023-02-25;sabado;09:15:00;SP;381.0;46;ATIBAIA;Carga excessiva e/ou mal acondicionada;Colisão com objeto;Com Vítimas Feridas;Pleno dia;Decrescente;Sol;Dupla;Reta;Sim;4;0;1;0;3;0;1;2;-23.180897;-46.580777;SPRF-SP;DEL03-SP;UOP01-DEL03-SP;46.0;-23.180897;-46.580777;2023-02-25;2023;2;2023-02;9;Manha;0;0;1;5
507095;2023-02-25;sabado;05:40:00;SP;116.0;551;BARRA DO TURVO;Reação tardia ou ineficiente do condutor;Saída de leito carroçável;Com Vítimas Feridas;Amanhecer;Decrescente;Céu Claro;Dupla;Não Informado;Não;3;0;0;1;0;2;1;1;-24.96100521;-48.47172494;SPRF-SP;DEL05-SP;UOP02-DEL05-SP;551.0;-24.96100521;-48.47172494;2023-02-25;2023;2;2023-02;5;Madrugada;0;1;3;5
507147;2023-02-25;sabado;14:20:00;SP;116.0;64.2;GUARATINGUETA;Reação tardia ou ineficiente do condutor;Saída de leito carroçável;Com Vítimas Feridas;Pleno dia;Crescente;Céu Claro;Dupla;Curva;Não;1;0;1;0;0;0;1;1;-22.81942006;-45.18421298;SPRF-SP;DEL08-SP;UOP01-DEL08-SP;64.2;-22.81942006;-45.18421298;2023-02-25;2023;2;2023-02;14;Tarde;0;0;1;5
507074;2023-02-25;sabado;02:23:00;SP;116.0;209;GUARULHOS;Ausência de reação do condutor;Colisão com objeto;Com Vítimas Feridas;Plena Noite;Crescente;Ignorado;Dupla;Reta;Não;1;0;0;1;0;0;1;1;-23.42511799;-46.40221101;SPRF-SP;DEL01-SP;UOP01-DEL01-SP;209.0;-23.42511799;-46.40221101;2023-02-25;2023;2;2023-02;2;Madrugada;0;1;3;5
507210;2023-02-25;sabado;19:00:00;SP;381.0;64;MAIRIPORA;Ingestão de álcool pelo condutor;Saída de leito carroçável;Sem Vítimas;Anoitecer;Decrescente;Céu Claro;Dupla;Desvio Temporário;Não;1;0;0;0;1;0;0;1;-23.3089645;-46.57924651;SPRF-SP;DEL03-SP;UOP01-DEL03-SP;64.0;-23.3089645;-46.57924651;2023-02-25;2023;2;2023-02;19;Noite;0;0;0;5
507146;2023-02-25;sabado;15:10:00;SP;116.0;306;SAO LOURENCO DA SERRA;Reação tardia ou ineficiente do condutor;Colisão traseira;Com Vítimas Feridas;Pleno dia;Crescente;Céu Claro;Dupla;Não Informado;Não;2;0;1;0;1;0;1;2;-23.8486091;-46.93801566;SPRF-SP;DEL04-SP;UOP01-DEL04-SP;306.0;-23.8486091;-46.93801566;2023-02-25;2023;2;2023-02;15;Tarde;0;0;1;5
507411;2023-02-26;domingo;21:10:00;SP;381.0;37.7;ATIBAIA;Ingestão de álcool pelo condutor;Colisão lateral mesmo sentido;Sem Vítimas;Plena Noite;Crescente;Nublado;Dupla;Reta;Sim;2;0;0;0;2;0;0;2;-23.11114463;-46.57103419;SPRF-SP;DEL03-SP;UOP01-DEL03-SP;37.7;-23.11114463;-46.57103419;2023-02-26;2023;2;2023-02;21;Noite;0;0;0;6
507381;2023-02-26;domingo;21:30:00;SP;116.0;218;GUARULHOS;Condutor deixou de manter distância do veículo da frente;Colisão traseira;Com Vítimas Feridas;Plena Noite;Crescente;Céu Claro;Múltipla;Reta;Sim;1;0;1;0;0;0;1;1;-23.457972;-46.479927;SPRF-SP;DEL01-SP;UOP01-DEL01-SP;218.0;-23.457972;-46.479927;2023-02-26;2023;2;2023-02;21;Noite;0;0;1;6
507319;2023-02-26;domingo;15:40:00;SP;116.0;426;JUQUIA;Ingestão de álcool pelo condutor;Engavetamento;Com Vítimas Feridas;Pleno dia;Decrescente;Céu Claro;Dupla;Reta;Não;8;0;1;1;6;0;2;3;-24.38735659;-47.7169352;SPRF-SP;DEL05-SP;UOP01-DEL05-SP;426.0;-24.38735659;-47.7169352;2023-02-26;2023;2;2023-02;15;Tarde;0;1;4;6
507330;2023-02-26;domingo;12:50:00;SP;116.0;388;MIRACATU;Condutor deixou de manter distância do veículo da frente;Colisão traseira;Com Vítimas Feridas;Pleno dia;Decrescente;Céu Claro;Dupla;Reta;Não;2;0;1;0;1;0;1;2;-24.26919492;-47.39740603;SPRF-SP;DEL04-SP;UOP02-DEL04-SP;388.0;-24.26919492;-47.39740603;2023-02-26;2023;2;2023-02;12;Tarde;0;0;1;6
507408;2023-02-26;domingo;20:50:00;SP;116.0;395;MIRACATU;Reação tardia ou ineficiente do condutor;Queda de ocupante de veículo;Com Vítimas Feridas;Plena Noite;Crescente;Garoa/Chuvisco;Dupla;Não Informado;Sim;1;0;1;0;0;0;1;1;-24.28894933;-47.46080025;SPRF-SP;DEL04-SP;UOP02-DEL04-SP;395.0;-24.28894933;-47.46080025;2023-02-26;2023;2;2023-02;20;Noite;0;0;1;6
507275;2023-02-26;domingo;09:00:00;SP;116.0;229;SAO PAULO;Ingestão de álcool pelo condutor;Colisão com objeto;Com Vítimas Feridas;Pleno dia;Decrescente;Céu Claro;Múltipla;Reta;Sim;1;0;1;0;0;0;1;1;-23.51291902;-46.57604698;SPRF-SP;DEL01-SP;UOP01-DEL01-SP;229.0;-23.51291902;-46.57604698;2023-02-26;2023;2;2023-02;9;Manha;0;0;1;6
507375;2023-02-26;domingo;20:30:00;SP;116.0;230;SAO PAULO;Condutor deixou de manter distância do veículo da frente;Colisão traseira;Com Vítimas Feridas;Plena Noite;Decrescente;Nublado;Múltipla;Reta;Sim;2;0;1;0;1;0;1;2;-23.52251783;-46.5855702;SPRF-SP;DEL01-SP;UOP01-DEL01-SP;230.0;-23.52251783;-46.5855702;2023-02-26;2023;2;2023-02;20;Noite;0;0;1;6
507474;2023-02-27;segunda-feira;11:00:00;SP;116.0;130;CACAPAVA;Reação tardia ou ineficiente do condutor;Capotamento;Com Vítimas Feridas;Pleno dia;Decrescente;Céu Claro;Dupla;Reta;Não;2;0;0;1;1;0;1;1;-23.12313858;-45.72792271;SPRF-SP;DEL02-SP;UOP02-DEL02-SP;130.0;-23.12313858;-45.72792271;2023-02-27;2023;2;2023-02;11;Manha;0;1;3;0
507446;2023-02-27;segunda-feira;07:57:00;SP;116.0;164.4;JACAREI;Afundamento ou ondulação no pavimento;Queda de ocupante de veículo;Com Vítimas Feridas;Pleno dia;Decrescente;Céu Claro;Dupla;Reta;Não;1;0;0;1;0;0;1;1;-23.29166028;-46.00002382;SPRF-SP;DEL02-SP;UOP01-DEL02-SP;164.4;-23.29166028;-46.00002382;2023-02-27;2023;2;2023-02;7;Manha;0;1;3;0
507559;2023-02-27;segunda-feira;20:20:00;SP;116.0;163;JACAREI;Ausência de reação do condutor;Colisão lateral mesmo sentido;Com Vítimas Feridas;Plena Noite;Crescente;Nublado;Dupla;Reta;Sim;3;0;1;0;2;0;1;2;-23.28649584;-45.9919851;SPRF-SP;DEL02-SP;UOP01-DEL02-SP;163.0;-23.28649584;-45.9919851;2023-02-27;2023;2;2023-02;20;Noite;0;0;1;0
507419;2023-02-27;segunda-feira;02:23:00;SP;116.0;55.8;LORENA;Reação tardia ou ineficiente do condutor;Saída de leito carroçável;Com Vítimas Feridas;Plena Noite;Decrescente;Nublado;Dupla;Reta;Não;8;0;8;0;0;0;8;1;-22.76356421;-45.12272385;SPRF-SP;DEL08-SP;UOP02-DEL08-SP;55.8;-22.76356421;-45.12272385;2023-02-27;2023;2;2023-02;2;Madrugada;0;0;8;0
507473;2023-02-27;segunda-feira;09:05:00;SP;116.0;101.8;PINDAMONHANGABA;Avarias e/ou desgaste excessivo no pneu;Queda de ocupante de veículo;Com Vítimas Feridas;Pleno dia;Crescente;Céu Claro;Dupla;Desvio Temporário;Não;2;0;2;0;0;0;2;1;-22.99178017;-45.48365593;SPRF-SP;DEL08-SP;UOP01-DEL08-SP;101.8;-22.99178017;-45.48365593;2023-02-27;2023;2;2023-02;9;Manha;0;0;2;0
510740;2023-02-27;segunda-feira;12:25:00;SP;116.0;93.8;PINDAMONHANGABA;Mal súbito do condutor;Queda de ocupante de veículo;Com Vítimas Feridas;Pleno dia;Decrescente;Céu Claro;Dupla;Reta;Não;1;0;1;0;0;0;1;1;-22.95653207;-45.41300297;SPRF-SP;DEL08-SP;UOP01-DEL08-SP;93.8;-22.95653207;-45.41300297;2023-02-27;2023;2;2023-02;12;Tarde;0;0;1;0
507435;2023-02-27;segunda-feira;07:15:00;SP;153.0;61;SAO JOSE DO RIO PRETO;Reação tardia ou ineficiente do condutor;Colisão traseira;Com Vítimas Feridas;Pleno dia;Crescente;Céu Claro;Dupla;Não Informado;Não;2;0;0;1;0;1;1;2;-20.80502876;-49.35574909;SPRF-SP;DEL09-SP;UOP01-DEL09-SP;61.0;-20.80502876;-49.35574909;2023-02-27;2023;2;2023-02;7;Manha;0;1;3;0
507465;2023-02-27;segunda-feira;05:49:00;SP;381.0;86.2;SAO PAULO;Pedestre andava na pista;Atropelamento de Pedestre;Com Vítimas Fatais;Pleno dia;Crescente;Céu Claro;Múltipla;Reta;Sim;3;1;0;0;1;1;0;2;-23.469753;-46.568285;SPRF-SP;DEL03-SP;UOP01-DEL03-SP;86.2;-23.469753;-46.568285;2023-02-27;2023;2;2023-02;5;Madrugada;1;1;5;0
507482;2023-02-27;segunda-feira;11:00:00;SP;116.0;228;SAO PAULO;Ausência de reação do condutor;Colisão traseira;Com Vítimas Feridas;Pleno dia;Crescente;Céu Claro;Dupla;Reta;Sim;2;0;1;0;1;0;1;2;-23.50343484;-46.56638712;SPRF-SP;DEL01-SP;UOP01-DEL01-SP;228.0;-23.50343484;-46.56638712;2023-02-27;2023;2;2023-02;11;Manha;0;0;1;0
507581;2023-02-27;segunda-feira;22:10:00;SP;116.0;269.5;TABOAO DA SERRA;Mal súbito do condutor;Engavetamento;Com Vítimas Feridas;Plena Noite;Crescente;Nublado;Dupla;Reta;Sim;4;0;1;0;3;0;1;3;-23.61593059;-46.78826044;SPRF-SP;DEL04-SP;UOP01-DEL04-SP;269.5;-23.61593059;-46.78826044;2023-02-27;2023;2;2023-02;22;Noite;0;0;1;0
507722;2023-02-28;terca-feira;19:10:00;SP;116.0;123;CACAPAVA;Pedestre andava na pista;Colisão lateral mesmo sentido;Com Vítimas Feridas;Plena Noite;Decrescente;Chuva;Dupla;Reta;Sim;3;0;1;0;2;0;1;3;-23.08754228;-45.66969781;SPRF-SP;DEL02-SP;UOP02-DEL02-SP;123.0;-23.08754228;-45.66969781;2023-02-28;2023;2;2023-02;19;Noite;0;0;1;1
507867;2023-02-28;terca-feira;23:30:00;SP;116.0;515;CAJATI;Ausência de reação do condutor;Colisão com objeto;Sem Vítimas;Plena Noite;Decrescente;Nublado;Simples;Não Informado;Não;1;0;0;0;1;0;0;1;-24.86704083;-48.21738184;SPRF-SP;DEL05-SP;UOP02-DEL05-SP;515.0;-24.86704083;-48.21738184;2023-02-28;2023;2;2023-02;23;Noite;0;0;0;1
507687;2023-02-28;terca-feira;15:25:00;SP;116.0;59;GUARATINGUETA;Reação tardia ou ineficiente do condutor;Colisão traseira;Com Vítimas Feridas;Pleno dia;Crescente;Nublado;Dupla;Não Informado;Não;2;0;1;0;0;1;1;2;-22.78555649;-45.15339465;SPRF-SP;DEL08-SP;UOP01-DEL08-SP;59.0;-22.78555649;-45.15339465;2023-02-28;2023;2;2023-02;15;Tarde;0;0;1;1
507604;2023-02-28;terca-feira;06:40:00;SP;116.0;220;GUARULHOS;Condutor deixou de manter distância do veículo da frente;Queda de ocupante de veículo;Com Vítimas Feridas;Pleno dia;Crescente;Nublado;Múltipla;Reta;Não;2;0;2;0;0;0;2;1;-23.46472809;-46.49793962;SPRF-SP;DEL01-SP;UOP01-DEL01-SP;220.0;-23.46472809;-46.49793962;2023-02-28;2023;2;2023-02;6;Manha;0;0;2;1
507613;2023-02-28;terca-feira;07:00:00;SP;116.0;220;GUARULHOS;Trafegar com motocicleta (ou similar) entre as faixas;Colisão lateral mesmo sentido;Com Vítimas Feridas;Pleno dia;Crescente;Céu Claro;Múltipla;Reta;Não;3;0;2;0;1;0;2;3;-23.46472809;-46.49793962;SPRF-SP;DEL01-SP;UOP01-DEL01-SP;220.0;-23.46472809;-46.49793962;2023-02-28;2023;2;2023-02;7;Manha;0;0;2;1
507688;2023-02-28;terca-feira;16:36:00;SP;116.0;214;GUARULHOS;Reação tardia ou ineficiente do condutor;Colisão traseira;Com Vítimas Feridas;Pleno dia;Decrescente;Chuva;Dupla;Reta;Sim;3;0;1;0;2;0;1;3;-23.44333014;-46.44531294;SPRF-SP;DEL01-SP;UOP01-DEL01-SP;214.0;-23.44333014;-46.44531294;2023-02-28;2023;2;2023-02;16;Tarde;0;0;1;1
507718;2023-02-28;terca-feira;18:20:00;SP;116.0;289.2;ITAPECERICA DA SERRA;Pista esburacada;Tombamento;Com Vítimas Feridas;Anoitecer;Crescente;Céu Claro;Dupla;Reta;Não;2;0;1;1;0;0;2;1;-23.72290969;-46.89096614;SPRF-SP;DEL04-SP;UOP01-DEL04-SP;289.2;-23.72290969;-46.89096614;2023-02-28;2023;2;2023-02;18;Noite;0;1;4;1
507690;2023-02-28;terca-feira;10:20:00;SP;116.0;425;JUQUIA;Chuva;Derramamento de carga;Sem Vítimas;Pleno dia;Crescente;Chuva;Dupla;Curva;Não;1;0;0;0;1;0;0;1;-24.37992402;-47.71315899;SPRF-SP;DEL05-SP;UOP01-DEL05-SP;425.0;-24.37992402;-47.71315899;2023-02-28;2023;2;2023-02;10;Manha;0;0;0;1
507603;2023-02-28;terca-feira;06:30:00;SP;116.0;133;SAO JOSE DOS CAMPOS;Ausência de reação do condutor;Tombamento;Com Vítimas Feridas;Pleno dia;Decrescente;Céu Claro;Dupla;Reta;Sim;1;0;0;1;0;0;1;1;-23.1359564;-45.7532708;SPRF-SP;DEL02-SP;UOP02-DEL02-SP;133.0;-23.1359564;-45.7532708;2023-02-28;2023;2;2023-02;6;Manha;0;1;3;1
507715;2023-02-28;terca-feira;18:20:00;SP;116.0;154;SAO JOSE DOS CAMPOS;Pista Escorregadia;Tombamento;Com Vítimas Feridas;Anoitecer;Crescente;Chuva;Dupla;Reta;Sim;2;0;1;0;0;1;1;2;-23.23903999;-45.92061901;SPRF-SP;DEL02-SP;UOP01-DEL02-SP;154.0;-23.23903999;-45.92061901;2023-02-28;2023;2;2023-02;18;Noite;0;0;1;1
507728;2023-02-28;terca-feira;20:10:00;SP;101.0;49.5;UBATUBA;Acumulo de água sobre o pavimento;Tombamento;Com Vítimas Feridas;Plena Noite;Crescente;Chuva;Simples;Reta;Sim;2;0;2;0;0;0;2;1;-23.45018939;-45.07743735;SPRF-SP;DEL06-SP;UOP01-DEL06-SP;49.5;-23.45018939;-45.07743735;2023-02-28;2023;2;2023-02;20;Noite;0;0;2;1
507777;2023-03-01;quarta-feira;02:50:00;SP;116.0;168.6;JACAREI;Ausência de reação do condutor;Colisão traseira;Sem Vítimas;Plena Noite;Decrescente;Nublado;Dupla;Reta;Não;2;0;0;0;1;1;0;2;-23.30545902;-46.03567599;SPRF-SP;DEL02-SP;UOP01-DEL02-SP;168.6;-23.30545902;-46.03567599;2023-03-01;2023;3;2023-03;2;Madrugada;0;0;0;2
507921;2023-03-01;quarta-feira;22:22:00;SP;116.0;446;REGISTRO;Objeto estático sobre o leito carroçável;Tombamento;Com Vítimas Feridas;Plena Noite;Decrescente;Céu Claro;Dupla;Reta;Sim;1;0;1;0;0;0;1;1;-24.50467087;-47.84772743;SPRF-SP;DEL05-SP;UOP01-DEL05-SP;446.0;-24.50467087;-47.84772743;2023-03-01;2023;3;2023-03;22;Noite;0;0;1;2
507834;2023-03-01;quarta-feira;13:20:00;SP;116.0;188;SANTA ISABEL;Velocidade Incompatível;Queda de ocupante de veículo;Com Vítimas Fatais;Pleno dia;Decrescente;Céu Claro;Dupla;Curva;Sim;3;1;0;1;1;0;1;2;-23.3594352;-46.21675791;SPRF-SP;DEL01-SP;UOP01-DEL01-SP;188.0;-23.3594352;-46.21675791;2023-03-01;2023;3;2023-03;13;Tarde;1;1;8;2
507864;2023-03-01;quarta-feira;15:47:00;SP;116.0;188;SANTA ISABEL;Ausência de reação do condutor;Colisão traseira;Sem Vítimas;Pleno dia;Crescente;Céu Claro;Dupla;Não Informado;Não;2;0;0;0;2;0;0;2;-23.3594352;-46.21675791;SPRF-SP;DEL01-SP;UOP01-DEL01-SP;188.0;-23.3594352;-46.21675791;2023-03-01;2023;3;2023-03;15;Tarde;0;0;0;2
507913;2023-03-01;quarta-feira;21:20:00;SP;116.0;153.2;SAO JOSE DOS CAMPOS;Reação tardia ou ineficiente do condutor;Tombamento;Com Vítimas Feridas;Plena Noite;Crescente;Céu Claro;Simples;Reta;Sim;1;0;1;0;0;0;1;1;-23.23262274;-45.91372624;SPRF-SP;DEL02-SP;UOP01-DEL02-SP;153.2;-23.23262274;-45.91372624;2023-03-01;2023;3;2023-03;21;Noite;0;0;1;2
507797;2023-03-01;quarta-feira;08:25:00;SP;116.0;228;SAO PAULO;Reação tardia ou ineficiente do condutor;Colisão lateral mesmo sentido;Com Vítimas Feridas;Pleno dia;Crescente;Céu Claro;Múltipla;Reta;Sim;2;0;1;0;1;0;1;2;-23.50343484;-46.56638712;SPRF-SP;DEL01-SP;UOP01-DEL01-SP;228.0;-23.50343484;-46.56638712;2023-03-01;2023;3;2023-03;8;Manha;0;0;1;2
507951;2023-03-02;quinta-feira;07:15:00;SP;381.0;12;BRAGANCA PAULISTA;Ausência de reação do condutor;Tombamento;Com Vítimas Feridas;Pleno dia;Crescente;Céu Claro;Dupla;Reta;Não;1;0;1;0;0;0;1;1;-22.92855105;-46.46168398;SPRF-SP;DEL03-SP;UOP02-DEL03-SP;12.0;-22.92855105;-46.46168398;2023-03-02;2023;3;2023-03;7;Manha;0;0;1;3
507975;2023-03-02;quinta-feira;09:00:00;SP;116.0;132;CACAPAVA;Manobra de mudança de faixa;Colisão lateral mesmo sentido;Com Vítimas Feridas;Pleno dia;Crescente;Céu Claro;Múltipla;Reta;Sim;3;0;1;1;1;0;2;2;-23.13169757;-45.74481322;SPRF-SP;DEL02-SP;UOP02-DEL02-SP;132.0;-23.13169757;-45.74481322;2023-03-02;2023;3;2023-03;9;Manha;0;1;4;3
507943;2023-03-02;quinta-feira;06:30:00;SP;116.0;499;CAJATI;Ausência de reação do condutor;Saída de leito carroçável;Com Vítimas Feridas;Pleno dia;Crescente;Sol;Simples;Curva;Não;1;0;1;0;0;0;1;1;-24.78431889;-48.18228006;SPRF-SP;DEL05-SP;UOP02-DEL05-SP;499.0;-24.78431889;-48.18228006;2023-03-02;2023;3;2023-03;6;Manha;0;0;1;3
507971;2023-03-02;quinta-feira;07:00:00;SP;116.0;35.1;CRUZEIRO;Ausência de reação do condutor;Colisão traseira;Com Vítimas Feridas;Pleno dia;Decrescente;Sol;Múltipla;Não Informado;Sim;6;0;5;0;1;0;5;2;-22.65892521;-44.96708995;SPRF-SP;DEL08-SP;UOP02-DEL08-SP;35.1;-22.65892521;-44.96708995;2023-03-02;2023;3;2023-03;7;Manha;0;0;5;3
508037;2023-03-02;quinta-feira;17:30:00;SP;116.0;219;GUARULHOS;Trafegar com motocicleta (ou similar) entre as faixas;Colisão lateral mesmo sentido;Com Vítimas Feridas;Pleno dia;Crescente;Céu Claro;Múltipla;Reta;Sim;3;0;1;1;1;0;2;2;-23.46143954;-46.48885316;SPRF-SP;DEL01-SP;UOP01-DEL01-SP;219.0;-23.46143954;-46.48885316;2023-03-02;2023;3;2023-03;17;Tarde;0;1;4;3
507933;2023-03-02;quinta-feira;03:40:00;SP;153.0;264;MARILIA;Reação tardia ou ineficiente do condutor;Saída de leito carroçável;Com Vítimas Feridas;Plena Noite;Crescente;Chuva;Simples;Curva;Não;2;0;0;1;0;1;1;1;-22.29842576;-49.90881386;SPRF-SP;DEL07-SP;UOP02-DEL07-SP;264.0;-22.29842576;-49.90881386;2023-03-02;2023;3;2023-03;3;Madrugada;0;1;3;3
507963;2023-03-02;quinta-feira;07:50:00;SP;116.0;347.7;MIRACATU;Problema com o freio;Tombamento;Com Vítimas Feridas;Pleno dia;Crescente;Céu Claro;Múltipla;Não Informado;Não;1;0;0;1;0;0;1;1;-24.04699491;-47.19706111;SPRF-SP;DEL04-SP;UOP03-DEL04-SP;347.7;-24.04699491;-47.19706111;2023-03-02;2023;3;2023-03;7;Manha;0;1;3;3
508026;2023-03-02;quinta-feira;12:00:00;SP;116.0;360;MIRACATU;Velocidade Incompatível;Tombamento;Com Vítimas Feridas;Pleno dia;Decrescente;Sol;Simples;Não Informado;Não;1;0;1;0;0;0;1;1;-24.11248793;-47.26510606;SPRF-SP;DEL04-SP;UOP03-DEL04-SP;360.0;-24.11248793;-47.26510606;2023-03-02;2023;3;2023-03;12;Tarde;0;0;1;3
508101;2023-03-02;quinta-feira;22:12:00;SP;153.0;275.3;OCAUCU;Velocidade Incompatível;Tombamento;Com Vítimas Feridas;Plena Noite;Decrescente;Nublado;Simples;Não Informado;Não;1;0;1;0;0;0;1;1;-22.3756028;-49.8654441;SPRF-SP;DEL07-SP;UOP02-DEL07-SP;275.3;-22.3756028;-49.8654441;2023-03-02;2023;3;2023-03;22;Noite;0;0;1;3
507983;2023-03-02;quinta-feira;10:30:00;SP;116.0;440;REGISTRO;Reação tardia ou ineficiente do condutor;Colisão traseira;Com Vítimas Feridas;Pleno dia;Crescente;Céu Claro;Dupla;Reta;Não;2;0;1;0;1;0;1;2;-24.4688528;-47.82223728;SPRF-SP;DEL05-SP;UOP01-DEL05-SP;440.0;-24.4688528;-47.82223728;2023-03-02;2023;3;2023-03;10;Manha;0;0;1;3
508082;2023-03-02;quinta-feira;20:20:00;SP;153.0;52.9;SAO JOSE DO RIO PRETO;Ingestão de álcool e/ou substâncias psicoativas pelo pedestre;Queda de ocupante de veículo;Com Vítimas Feridas;Plena Noite;Decrescente;Céu Claro;Simples;Não Informado;Não;2;0;1;0;1;0;1;1;-20.73508428;-49.3373251;SPRF-SP;DEL09-SP;UOP01-DEL09-SP;52.9;-20.73508428;-49.3373251;2023-03-02;2023;3;2023-03;20;Noite;0;0;1;3
508054;2023-03-02;quinta-feira;18:00:00;SP;116.0;157.5;SAO JOSE DOS CAMPOS;Condutor deixou de manter distância do veículo da frente;Colisão traseira;Com Vítimas Feridas;Plena Noite;Crescente;Nublado;Dupla;Desvio Temporário;Sim;7;0;2;0;5;0;2;5;-23.25558031;-45.9437828;SPRF-SP;DEL02-SP;UOP01-DEL02-SP;157.5;-23.25558031;-45.9437828;2023-03-02;2023;3;2023-03;18;Noite;0;0;2;3
507937;2023-03-02;quinta-feira;06:00:00;SP;116.0;228;SAO PAULO;Reação tardia ou ineficiente do condutor;Queda de ocupante de veículo;Com Vítimas Feridas;Pleno dia;Crescente;Céu Claro;Múltipla;Reta;Sim;2;0;2;0;0;0;2;1;-23.50343484;-46.56638712;SPRF-SP;DEL01-SP;UOP01-DEL01-SP;228.0;-23.50343484;-46.56638712;2023-03-02;2023;3;2023-03;6;Manha;0;0;2;3
508020;2023-03-02;quinta-feira;14:15:00;SP;116.0;269;TABOAO DA SERRA;Ausência de reação do condutor;Atropelamento de Pedestre;Com Vítimas Feridas;Pleno dia;Crescente;Céu Claro;Múltipla;Não Informado;Sim;2;0;0;1;1;0;1;1;-23.61593059;-46.78826044;SPRF-SP;DEL04-SP;UOP01-DEL04-SP;269.0;-23.61593059;-46.78826044;2023-03-02;2023;3;2023-03;14;Tarde;0;1;3;3
508102;2023-03-02;quinta-feira;19:45:00;SP;116.0;270.5;TABOAO DA SERRA;Manobra de mudança de faixa;Tombamento;Com Vítimas Feridas;Plena Noite;Crescente;Nublado;Dupla;Reta;Sim;2;0;0;1;0;1;1;2;-23.61799728;-46.79677694;SPRF-SP;DEL04-SP;UOP01-DEL04-SP;270.5;-23.61799728;-46.79677694;2023-03-02;2023;3;2023-03;19;Noite;0;1;3;3
508107;2023-03-02;quinta-feira;22:30:00;SP;116.0;270.5;TABOAO DA SERRA;Ausência de reação do condutor;Colisão traseira;Com Vítimas Feridas;Plena Noite;Crescente;Céu Claro;Dupla;Curva;Sim;3;0;0;1;2;0;1;3;-23.61799728;-46.79677694;SPRF-SP;DEL04-SP;UOP01-DEL04-SP;270.5;-23.61799728;-46.79677694;2023-03-02;2023;3;2023-03;22;Noite;0;1;3;3
508032;2023-03-02;quinta-feira;15:30:00;SP;101.0;35;UBATUBA;Acessar a via sem observar a presença dos outros veículos;Colisão transversal;Com Vítimas Feridas;Pleno dia;Crescente;Céu Claro;Dupla;Interseção de vias;Não;3;0;2;0;1;0;2;2;-23.39244374;-45.00823311;SPRF-SP;DEL06-SP;UOP01-DEL06-SP;35.0;-23.39244374;-45.00823311;2023-03-02;2023;3;2023-03;15;Tarde;0;0;2;3
508335;2023-03-03;sexta-feira;20:50:00;SP;116.0;71;APARECIDA;Mal súbito do condutor;Colisão com objeto;Com Vítimas Feridas;Plena Noite;Crescente;Céu Claro;Dupla;Reta;Não;2;0;1;1;0;0;2;1;-22.85651665;-45.23114328;SPRF-SP;DEL08-SP;UOP01-DEL08-SP;71.0;-22.85651665;-45.23114328;2023-03-03;2023;3;2023-03;20;Noite;0;1;4;4
508311;2023-03-03;sexta-feira;21:50:00;SP;381.0;44;ATIBAIA;Demais falhas mecânicas ou elétricas;Incêndio;Sem Vítimas;Plena Noite;Decrescente;Garoa/Chuvisco;Múltipla;Reta;Não;1;0;0;0;1;0;0;1;-23.16458615;-46.57418959;SPRF-SP;DEL03-SP;UOP01-DEL03-SP;44.0;-23.16458615;-46.57418959;2023-03-03;2023;3;2023-03;21;Noite;0;0;0;4
508155;2023-03-03;sexta-feira;07:03:00;SP;116.0;543;BARRA DO TURVO;Carga excessiva e/ou mal acondicionada;Derramamento de carga;Sem Vítimas;Pleno dia;Decrescente;Céu Claro;Simples;Não Informado;Não;1;0;0;0;1;0;0;1;-24.96228975;-48.41383577;SPRF-SP;DEL05-SP;UOP02-DEL05-SP;543.0;-24.96228975;-48.41383577;2023-03-03;2023;3;2023-03;7;Manha;0;0;0;4
508160;2023-03-03;sexta-feira;08:10:00;SP;116.0;281.8;EMBU DAS ARTES;Manobra de mudança de faixa;Colisão lateral mesmo sentido;Com Vítimas Feridas;Pleno dia;Decrescente;Céu Claro;Dupla;Curva;Sim;3;0;2;0;1;0;2;2;-23.67784787;-46.85769227;SPRF-SP;DEL04-SP;UOP01-DEL04-SP;281.8;-23.67784787;-46.85769227;2023-03-03;2023;3;2023-03;8;Manha;0;0;2;4
508119;2023-03-03;sexta-feira;02:30:00;SP;116.0;218;GUARULHOS;Reação tardia ou ineficiente do condutor;Capotamento;Com Vítimas Feridas;Plena Noite;Crescente;Nublado;Múltipla;Reta;Não;1;0;1;0;0;0;1;1;-23.457972;-46.479927;SPRF-SP;DEL01-SP;UOP01-DEL01-SP;218.0;-23.457972;-46.479927;2023-03-03;2023;3;2023-03;2;Madrugada;0;0;1;4
508123;2023-03-03;sexta-feira;05:55:00;SP;116.0;5;GUARULHOS;Reação tardia ou ineficiente do condutor;Atropelamento de Pedestre;Com Vítimas Feridas;Amanhecer;Crescente;Ignorado;Dupla;Não Informado;Sim;2;0;0;1;1;0;1;1;-23.463257;-46.53373;SPRF-SP;DEL01-SP;UOP01-DEL01-SP;5.0;-23.463257;-46.53373;2023-03-03;2023;3;2023-03;5;Madrugada;0;1;3;4
508125;2023-03-03;sexta-feira;06:15:00;SP;116.0;217;GUARULHOS;Manobra de mudança de faixa;Colisão lateral mesmo sentido;Com Vítimas Fatais;Pleno dia;Crescente;Céu Claro;Dupla;Reta;Sim;6;1;1;0;4;0;1;2;-23.45423824;-46.47119028;SPRF-SP;DEL01-SP;UOP01-DEL01-SP;217.0;-23.45423824;-46.47119028;2023-03-03;2023;3;2023-03;6;Manha;1;1;6;4
508129;2023-03-03;sexta-feira;06:40:00;SP;116.0;220;GUARULHOS;Ausência de reação do condutor;Colisão lateral mesmo sentido;Com Vítimas Feridas;Amanhecer;Crescente;Nublado;Múltipla;Reta;Não;2;0;1;0;1;0;1;2;-23.46472809;-46.49793962;SPRF-SP;DEL01-SP;UOP01-DEL01-SP;220.0;-23.46472809;-46.49793962;2023-03-03;2023;3;2023-03;6;Manha;0;0;1;4
508325;2023-03-03;sexta-feira;23:00:00;SP;153.0;7;ICEM;Velocidade Incompatível;Atropelamento de Animal;Com Vítimas Feridas;Plena Noite;Decrescente;Nublado;Simples;Reta;Não;1;0;1;0;0;0;1;1;-20.36460498;-49.22157203;SPRF-SP;DEL09-SP;UOP01-DEL09-SP;7.0;-20.36460498;-49.22157203;2023-03-03;2023;3;2023-03;23;Noite;0;0;1;4
508323;2023-03-03;sexta-feira;22:34:00;SP;116.0;296;ITAPECERICA DA SERRA;Avarias e/ou desgaste excessivo no pneu;Queda de ocupante de veículo;Com Vítimas Feridas;Anoitecer;Decrescente;Céu Claro;Dupla;Reta;Não;2;0;0;1;1;0;1;1;-23.775485;-46.914416;SPRF-SP;DEL04-SP;UOP01-DEL04-SP;296.0;-23.775485;-46.914416;2023-03-03;2023;3;2023-03;22;Noite;0;1;3;4
508324;2023-03-03;sexta-feira;22:10:00;SP;116.0;326;JUQUITIBA;Iluminação deficiente;Atropelamento de Pedestre;Com Vítimas Feridas;Plena Noite;Decrescente;Nublado;Dupla;Reta;Não;3;0;1;0;2;0;1;1;-23.93901304;-47.06241203;SPRF-SP;DEL04-SP;UOP03-DEL04-SP;326.0;-23.93901304;-47.06241203;2023-03-03;2023;3;2023-03;22;Noite;0;0;1;4
508236;2023-03-03;sexta-feira;15:00:00;SP;153.0;60.7;SAO JOSE DO RIO PRETO;Reação tardia ou ineficiente do condutor;Saída de leito carroçável;Com Vítimas Feridas;Pleno dia;Decrescente;Céu Claro;Dupla;Não Informado;Sim;1;0;1;0;0;0;1;1;-20.79627979;-49.35480206;SPRF-SP;DEL09-SP;UOP01-DEL09-SP;60.7;-20.79627979;-49.35480206;2023-03-03;2023;3;2023-03;15;Tarde;0;0;1;4
508249;2023-03-03;sexta-feira;16:15:00;SP;153.0;72.9;SAO JOSE DO RIO PRETO;Ausência de sinalização;Colisão com objeto;Com Vítimas Feridas;Pleno dia;Decrescente;Sol;Dupla;Não Informado;Não;1;0;1;0;0;0;1;1;-20.8658697;-49.41253424;SPRF-SP;DEL09-SP;UOP01-DEL09-SP;72.9;-20.8658697;-49.41253424;2023-03-03;2023;3;2023-03;16;Tarde;0;0;1;4
508326;2023-03-03;sexta-feira;22:30:00;SP;116.0;145.5;SAO JOSE DOS CAMPOS;Condutor deixou de manter distância do veículo da frente;Colisão lateral mesmo sentido;Com Vítimas Feridas;Plena Noite;Decrescente;Céu Claro;Simples;Não Informado;Sim;1;0;0;1;0;0;1;1;-23.1869844;-45.8548078;SPRF-SP;DEL02-SP;UOP01-DEL02-SP;145.5;-23.1869844;-45.8548078;2023-03-03;2023;3;2023-03;22;Noite;0;1;3;4
508171;2023-03-03;sexta-feira;07:35:00;SP;116.0;227;SAO PAULO;Reação tardia ou ineficiente do condutor;Colisão traseira;Com Vítimas Feridas;Pleno dia;Crescente;Céu Claro;Múltipla;Reta;Não;3;0;2;0;1;0;2;2;-23.49659264;-46.55648754;SPRF-SP;DEL01-SP;UOP01-DEL01-SP;227.0;-23.49659264;-46.55648754;2023-03-03;2023;3;2023-03;7;Manha;0;0;2;4
508221;2023-03-03;sexta-feira;13:30:00;SP;381.0;83;SAO PAULO;Manobra de mudança de faixa;Colisão traseira;Com Vítimas Feridas;Pleno dia;Crescente;Sol;Dupla;Desvio Temporário;Sim;3;0;1;0;1;1;1;2;-23.42399;-46.575112;SPRF-SP;DEL03-SP;UOP01-DEL03-SP;83.0;-23.42399;-46.575112;2023-03-03;2023;3;2023-03;13;Tarde;0;0;1;4
508445;2023-03-04;sabado;15:00:00;SP;116.0;205;ARUJA;Reação tardia ou ineficiente do condutor;Colisão traseira;Com Vítimas Feridas;Pleno dia;Decrescente;Céu Claro;Múltipla;Reta;Sim;2;0;1;0;1;0;1;2;-23.41475243;-46.36600788;SPRF-SP;DEL01-SP;UOP01-DEL01-SP;205.0;-23.41475243;-46.36600788;2023-03-04;2023;3;2023-03;15;Tarde;0;0;1;5
508476;2023-03-04;sabado;18:05:00;SP;116.0;229;GUARULHOS;Manobra de mudança de faixa;Colisão traseira;Com Vítimas Feridas;Pleno dia;Crescente;Céu Claro;Múltipla;Reta;Sim;3;0;3;0;0;0;3;2;-23.51291902;-46.57604698;SPRF-SP;DEL01-SP;UOP01-DEL01-SP;229.0;-23.51291902;-46.57604698;2023-03-04;2023;3;2023-03;18;Noite;0;0;3;5
509036;2023-03-04;sabado;05:30:00;SP;116.0;227;GUARULHOS;Velocidade Incompatível;Queda de ocupante de veículo;Com Vítimas Fatais;Plena Noite;Crescente;Nublado;Dupla;Reta;Sim;1;1;0;0;0;0;0;1;-23.49659264;-46.55648754;SPRF-SP;DEL01-SP;UOP01-DEL01-SP;227.0;-23.49659264;-46.55648754;2023-03-04;2023;3;2023-03;5;Madrugada;1;1;5;5
508549;2023-03-04;sabado;22:35:00;SP;153.0;1.2;ICEM;Acessar a via sem observar a presença dos outros veículos;Colisão traseira;Com Vítimas Fatais;Plena Noite;Decrescente;Chuva;Simples;Desvio Temporário;Não;2;1;0;0;0;1;0;2;-20.31427991;-49.20946944;SPRF-SP;DEL09-SP;UOP01-DEL09-SP;1.2;-20.31427991;-49.20946944;2023-03-04;2023;3;2023-03;22;Noite;1;1;5;5
508447;2023-03-04;sabado;11:25:00;SP;381.0;60.5;MAIRIPORA;Velocidade Incompatível;Colisão com objeto;Com Vítimas Feridas;Pleno dia;Crescente;Nublado;Dupla;Não Informado;Não;2;0;1;0;1;0;1;2;-23.28957673;-46.58729853;SPRF-SP;DEL03-SP;UOP01-DEL03-SP;60.5;-23.28957673;-46.58729853;2023-03-04;2023;3;2023-03;11;Manha;0;0;1;5
508412;2023-03-04;sabado;11:10:00;SP;116.0;441;REGISTRO;Obras na pista;Eventos atípicos;Com Vítimas Feridas;Pleno dia;Decrescente;Céu Claro;Dupla;Reta;Não;2;0;1;0;1;0;1;2;-24.4688528;-47.82223728;SPRF-SP;DEL05-SP;UOP01-DEL05-SP;441.0;-24.4688528;-47.82223728;2023-03-04;2023;3;2023-03;11;Manha;0;0;1;5
508416;2023-03-04;sabado;10:16:00;SP;153.0;59.2;SAO JOSE DO RIO PRETO;Ingestão de álcool pelo condutor;Saída de leito carroçável;Com Vítimas Feridas;Pleno dia;Crescente;Céu Claro;Dupla;Reta;Sim;1;0;1;0;0;0;1;1;-20.78753242;-49.35414791;SPRF-SP;DEL09-SP;UOP01-DEL09-SP;59.2;-20.78753242;-49.35414791;2023-03-04;2023;3;2023-03;10;Manha;0;0;1;5
508531;2023-03-04;sabado;22:00:00;SP;153.0;59;SAO JOSE DO RIO PRETO;Ingestão de álcool pelo condutor;Capotamento;Sem Vítimas;Plena Noite;Crescente;Céu Claro;Dupla;Reta;Sim;2;0;0;0;2;0;0;1;-20.78733103;-49.35399276;SPRF-SP;DEL09-SP;UOP01-DEL09-SP;59.0;-20.78733103;-49.35399276;2023-03-04;2023;3;2023-03;22;Noite;0;0;0;5
508533;2023-03-04;sabado;22:30:00;SP;116.0;230.3;SAO PAULO;Entrada inopinada do pedestre;Atropelamento de Pedestre;Com Vítimas Feridas;Plena Noite;Crescente;Nublado;Dupla;Reta;Sim;2;0;1;0;1;0;1;1;-23.52251783;-46.5855702;SPRF-SP;DEL01-SP;UOP01-DEL01-SP;230.3;-23.52251783;-46.5855702;2023-03-04;2023;3;2023-03;22;Noite;0;0;1;5
508616;2023-03-05;domingo;08:15:00;SP;381.0;37.4;ATIBAIA;Reação tardia ou ineficiente do condutor;Colisão traseira;Com Vítimas Feridas;Pleno dia;Decrescente;Sol;Dupla;Reta;Sim;2;0;0;1;1;0;1;2;-23.10506237;-46.56881577;SPRF-SP;DEL03-SP;UOP01-DEL03-SP;37.4;-23.10506237;-46.56881577;2023-03-05;2023;3;2023-03;8;Manha;0;1;3;6
508769;2023-03-05;domingo;23:00:00;SP;116.0;121;CACAPAVA;Demais falhas mecânicas ou elétricas;Incêndio;Com Vítimas Feridas;Plena Noite;Decrescente;Céu Claro;Dupla;Reta;Não;1;0;1;0;0;0;1;1;-23.07631169;-45.65337222;SPRF-SP;DEL02-SP;UOP02-DEL02-SP;121.0;-23.07631169;-45.65337222;2023-03-05;2023;3;2023-03;23;Noite;0;0;1;6
523673;2023-03-05;domingo;03:20:00;SP;116.0;125;CACAPAVA;Velocidade Incompatível;Capotamento;Sem Vítimas;Plena Noite;Crescente;Nublado;Simples;Retorno Regulamentado;Não;1;0;0;0;1;0;0;1;-23.09872598;-45.68608201;SPRF-SP;DEL02-SP;UOP02-DEL02-SP;125.0;-23.09872598;-45.68608201;2023-03-05;2023;3;2023-03;3;Madrugada;0;0;0;6
508557;2023-03-05;domingo;00:15:00;SP;116.0;208;GUARULHOS;Reação tardia ou ineficiente do condutor;Colisão traseira;Com Vítimas Feridas;Plena Noite;Crescente;Nublado;Múltipla;Reta;Sim;5;0;2;0;3;0;2;2;-23.42222263;-46.3932771;SPRF-SP;DEL01-SP;UOP01-DEL01-SP;208.0;-23.42222263;-46.3932771;2023-03-05;2023;3;2023-03;0;Madrugada;0;0;2;6
508700;2023-03-05;domingo;18:00:00;SP;116.0;3;GUARULHOS;Ultrapassagem Indevida;Colisão com objeto;Com Vítimas Feridas;Pleno dia;Crescente;Nublado;Dupla;Reta;Não;2;0;0;1;0;1;1;1;-23.463257;-46.53373;SPRF-SP;DEL01-SP;UOP01-DEL01-SP;3.0;-23.463257;-46.53373;2023-03-05;2023;3;2023-03;18;Noite;0;1;3;6
508736;2023-03-05;domingo;20:20:00;SP;116.0;216;GUARULHOS;Reação tardia ou ineficiente do condutor;Colisão traseira;Sem Vítimas;Plena Noite;Decrescente;Garoa/Chuvisco;Dupla;Não Informado;Sim;2;0;0;0;2;0;0;2;-23.45056589;-46.46258105;SPRF-SP;DEL01-SP;UOP01-DEL01-SP;216.0;-23.45056589;-46.46258105;2023-03-05;2023;3;2023-03;20;Noite;0;0;0;6
508573;2023-03-05;domingo;01:30:00;SP;116.0;288;ITAPECERICA DA SERRA;Acumulo de água sobre o pavimento;Colisão frontal;Com Vítimas Feridas;Plena Noite;Crescente;Chuva;Dupla;Reta;Não;3;0;1;0;1;1;1;3;-23.719254;-46.883144;SPRF-SP;DEL04-SP;UOP01-DEL04-SP;288.0;-23.719254;-46.883144;2023-03-05;2023;3;2023-03;1;Madrugada;0;0;1;6
508653;2023-03-05;domingo;11:30:00;SP;116.0;284.9;ITAPECERICA DA SERRA;Ausência de reação do condutor;Colisão lateral mesmo sentido;Com Vítimas Feridas;Pleno dia;Decrescente;Céu Claro;Dupla;Reta;Sim;3;0;2;0;1;0;2;2;-23.70407794;-46.87249709;SPRF-SP;DEL04-SP;UOP01-DEL04-SP;284.9;-23.70407794;-46.87249709;2023-03-05;2023;3;2023-03;11;Manha;0;0;2;6
508592;2023-03-05;domingo;04:12:00;SP;116.0;322.5;JUQUITIBA;Ausência de reação do condutor;Saída de leito carroçável;Com Vítimas Fatais;Plena Noite;Decrescente;Chuva;Dupla;Reta;Não;1;1;0;0;0;0;0;1;-23.935106;-47.026682;SPRF-SP;DEL04-SP;UOP03-DEL04-SP;322.5;-23.935106;-47.026682;2023-03-05;2023;3;2023-03;4;Madrugada;1;1;5;6
508642;2023-03-05;domingo;10:00:00;SP;116.0;336;JUQUITIBA;Velocidade Incompatível;Tombamento;Com Vítimas Feridas;Pleno dia;Crescente;Céu Claro;Dupla;Curva;Não;3;0;1;0;2;0;1;1;-23.975182;-47.140694;SPRF-SP;DEL04-SP;UOP03-DEL04-SP;336.0;-23.975182;-47.140694;2023-03-05;2023;3;2023-03;10;Manha;0;0;1;6
508764;2023-03-05;domingo;20:15:00;SP;116.0;7;QUELUZ;Acumulo de água sobre o pavimento;Capotamento;Com Vítimas Feridas;Plena Noite;Crescente;Chuva;Dupla;Curva;Não;2;0;1;0;1;0;1;1;-22.53531603;-44.76219097;SPRF-SP;DEL08-SP;UOP02-DEL08-SP;7.0;-22.53531603;-44.76219097;2023-03-05;2023;3;2023-03;20;Noite;0;0;1;6
508722;2023-03-05;domingo;18:30:00;SP;153.0;330.9;SALTO GRANDE;Ingestão de álcool e/ou substâncias psicoativas pelo pedestre;Saída de leito carroçável;Com Vítimas Feridas;Anoitecer;Crescente;Nublado;Simples;Não Informado;Sim;2;0;2;0;0;0;2;1;-22.853448;-49.88959919;SPRF-SP;DEL07-SP;UOP03-DEL07-SP;330.9;-22.853448;-49.88959919;2023-03-05;2023;3;2023-03;18;Noite;0;0;2;6
508735;2023-03-05;domingo;17:45:00;SP;101.0;49.9;UBATUBA;Acessar a via sem observar a presença dos outros veículos;Colisão transversal;Com Vítimas Feridas;Anoitecer;Decrescente;Chuva;Simples;Reta;Sim;2;0;1;0;1;0;1;2;-23.44887662;-45.07882476;SPRF-SP;DEL06-SP;UOP01-DEL06-SP;49.9;-23.44887662;-45.07882476;2023-03-05;2023;3;2023-03;17;Tarde;0;0;1;6
508927;2023-03-06;segunda-feira;19:22:00;SP;116.0;532;BARRA DO TURVO;Demais falhas mecânicas ou elétricas;Incêndio;Sem Vítimas;Plena Noite;Crescente;Nublado;Dupla;Reta;Não;1;0;0;0;1;0;0;1;-24.953383;-48.324095;SPRF-SP;DEL05-SP;UOP02-DEL05-SP;532.0;-24.953383;-48.324095;2023-03-06;2023;3;2023-03;19;Noite;0;0;0;0
508886;2023-03-06;segunda-feira;16:40:00;SP;116.0;67;GUARATINGUETA;Frear bruscamente;Tombamento;Com Vítimas Feridas;Pleno dia;Crescente;Céu Claro;Dupla;Reta;Sim;1;0;1;0;0;0;1;1;-22.82867578;-45.2088941;SPRF-SP;DEL08-SP;UOP01-DEL08-SP;67.0;-22.82867578;-45.2088941;2023-03-06;2023;3;2023-03;16;Tarde;0;0;1;0
508794;2023-03-06;segunda-feira;05:45:00;SP;116.0;220;GUARULHOS;Demais falhas mecânicas ou elétricas;Tombamento;Com Vítimas Feridas;Pleno dia;Crescente;Céu Claro;Múltipla;Reta;Sim;2;0;1;0;1;0;1;1;-23.46472809;-46.49793962;SPRF-SP;DEL01-SP;UOP01-DEL01-SP;220.0;-23.46472809;-46.49793962;2023-03-06;2023;3;2023-03;5;Madrugada;0;0;1;0
508796;2023-03-06;segunda-feira;06:25:00;SP;116.0;212;GUARULHOS;Ausência de reação do condutor;Engavetamento;Com Vítimas Feridas;Amanhecer;Crescente;Céu Claro;Dupla;Reta;Não;3;0;1;0;2;0;1;3;-23.43608315;-46.42805094;SPRF-SP;DEL01-SP;UOP01-DEL01-SP;212.0;-23.43608315;-46.42805094;2023-03-06;2023;3;2023-03;6;Manha;0;0;1;0
508865;2023-03-06;segunda-feira;14:30:00;SP;116.0;222;GUARULHOS;Velocidade Incompatível;Colisão traseira;Com Vítimas Feridas;Pleno dia;Decrescente;Céu Claro;Dupla;Reta;Sim;2;0;1;0;1;0;1;2;-23.47093408;-46.51631097;SPRF-SP;DEL01-SP;UOP01-DEL01-SP;222.0;-23.47093408;-46.51631097;2023-03-06;2023;3;2023-03;14;Tarde;0;0;1;0
508831;2023-03-06;segunda-feira;10:00:00;SP;116.0;285;ITAPECERICA DA SERRA;Trafegar com motocicleta (ou similar) entre as faixas;Colisão lateral mesmo sentido;Com Vítimas Feridas;Pleno dia;Decrescente;Céu Claro;Simples;Reta;Sim;3;0;1;0;2;0;1;2;-23.7040779431;-46.872497087;SPRF-SP;DEL04-SP;UOP01-DEL04-SP;285.0;-23.7040779431;-46.872497087;2023-03-06;2023;3;2023-03;10;Manha;0;0;1;0
508954;2023-03-06;segunda-feira;23:00:00;SP;116.0;169.1;JACAREI;Ausência de reação do condutor;Colisão traseira;Com Vítimas Feridas;Plena Noite;Crescente;Nublado;Dupla;Reta;Não;2;0;1;0;1;0;1;2;-23.307652;-46.045128;SPRF-SP;DEL02-SP;UOP01-DEL02-SP;169.1;-23.307652;-46.045128;2023-03-06;2023;3;2023-03;23;Noite;0;0;1;0
508851;2023-03-06;segunda-feira;12:40:00;SP;116.0;182;SANTA ISABEL;Frear bruscamente;Colisão traseira;Com Vítimas Feridas;Pleno dia;Decrescente;Céu Claro;Múltipla;Reta;Sim;2;0;2;0;0;0;2;2;-23.34505765;-46.16213519;SPRF-SP;DEL01-SP;UOP01-DEL01-SP;182.0;-23.34505765;-46.16213519;2023-03-06;2023;3;2023-03;12;Tarde;0;0;2;0
508878;2023-03-06;segunda-feira;16:15:00;SP;153.0;62;SAO JOSE DO RIO PRETO;Reação tardia ou ineficiente do condutor;Colisão traseira;Com Vítimas Feridas;Pleno dia;Crescente;Céu Claro;Dupla;Não Informado;Sim;2;0;1;0;1;0;1;2;-20.81325404;-49.35675563;SPRF-SP;DEL09-SP;UOP01-DEL09-SP;62.0;-20.81325404;-49.35675563;2023-03-06;2023;3;2023-03;16;Tarde;0;0;1;0
508820;2023-03-06;segunda-feira;07:59:00;SP;116.0;138.9;SAO JOSE DOS CAMPOS;Trafegar com motocicleta (ou similar) entre as faixas;Colisão lateral mesmo sentido;Com Vítimas Feridas;Pleno dia;Crescente;Céu Claro;Dupla;Reta;Sim;4;0;1;0;3;0;1;3;-23.159303;-45.800002;SPRF-SP;DEL02-SP;UOP01-DEL02-SP;138.9;-23.159303;-45.800002;2023-03-06;2023;3;2023-03;7;Manha;0;0;1;0
508947;2023-03-06;segunda-feira;22:28:00;SP;116.0;161;SAO JOSE DOS CAMPOS;Ausência de reação do condutor;Tombamento;Com Vítimas Feridas;Plena Noite;Crescente;Céu Claro;Simples;Curva;Sim;1;0;1;0;0;0;1;1;-23.27617003;-45.97592098;SPRF-SP;DEL02-SP;UOP01-DEL02-SP;161.0;-23.27617003;-45.97592098;2023-03-06;2023;3;2023-03;22;Noite;0;0;1;0
508840;2023-03-06;segunda-feira;10:30:00;SP;116.0;310;SAO LOURENCO DA SERRA;Falta de elemento de contenção que evite a saída do leito carroçável;Tombamento;Com Vítimas Feridas;Pleno dia;Decrescente;Nublado;Dupla;Não Informado;Não;1;0;1;0;0;0;1;1;-23.86936104;-46.95643973;SPRF-SP;DEL04-SP;UOP01-DEL04-SP;310.0;-23.86936104;-46.95643973;2023-03-06;2023;3;2023-03;10;Manha;0;0;1;0
508898;2023-03-06;segunda-feira;17:40:00;SP;116.0;271;TABOAO DA SERRA;Trafegar com motocicleta (ou similar) entre as faixas;Colisão lateral mesmo sentido;Com Vítimas Feridas;Pleno dia;Decrescente;Céu Claro;Múltipla;Reta;Sim;3;0;1;0;2;0;1;3;-23.61809286;-46.80556302;SPRF-SP;DEL04-SP;UOP01-DEL04-SP;271.0;-23.61809286;-46.80556302;2023-03-06;2023;3;2023-03;17;Tarde;0;0;1;0
508955;2023-03-06;segunda-feira;23:15:00;SP;116.0;270.3;TABOAO DA SERRA;Acessar a via sem observar a presença dos outros veículos;Colisão traseira;Com Vítimas Feridas;Plena Noite;Crescente;Céu Claro;Dupla;Reta;Não;5;0;2;0;3;0;2;3;-23.61799728;-46.79677694;SPRF-SP;DEL04-SP;UOP01-DEL04-SP;270.3;-23.61799728;-46.79677694;2023-03-06;2023;3;2023-03;23;Noite;0;0;2;0
513497;2023-03-06;segunda-feira;15:50:00;SP;101.0;51;UBATUBA;Acessar a via sem observar a presença dos outros veículos;Colisão transversal;Com Vítimas Feridas;Pleno dia;Crescente;Céu Claro;Simples;Reta;Sim;3;0;1;0;2;0;1;2;-23.45627795;-45.07111896;SPRF-SP;DEL06-SP;UOP01-DEL06-SP;51.0;-23.45627795;-45.07111896;2023-03-06;2023;3;2023-03;15;Tarde;0;0;1;0
509092;2023-03-07;terca-feira;18:00:00;SP;116.0;278;EMBU DAS ARTES;Velocidade Incompatível;Colisão traseira;Com Vítimas Feridas;Pleno dia;Decrescente;Nublado;Dupla;Reta;Não;2;0;1;0;1;0;1;2;-23.65508497;-46.84918605;SPRF-SP;DEL04-SP;UOP01-DEL04-SP;278.0;-23.65508497;-46.84918605;2023-03-07;2023;3;2023-03;18;Noite;0;0;1;1
509001;2023-03-07;terca-feira;09:30:00;SP;116.0;292;ITAPECERICA DA SERRA;Reação tardia ou ineficiente do condutor;Queda de ocupante de veículo;Com Vítimas Feridas;Pleno dia;Crescente;Céu Claro;Simples;Curva;Não;1;0;1;0;0;0;1;1;-23.74581995;-46.90003027;SPRF-SP;DEL04-SP;UOP01-DEL04-SP;292.0;-23.74581995;-46.90003027;2023-03-07;2023;3;2023-03;9;Manha;0;0;1;1
508991;2023-03-07;terca-feira;07:50:00;SP;153.0;95.5;JACI;Avarias e/ou desgaste excessivo no pneu;Tombamento;Com Vítimas Feridas;Pleno dia;Crescente;Céu Claro;Simples;Reta;Não;2;0;2;0;0;0;2;1;-20.97062;-49.605372;SPRF-SP;DEL09-SP;UOP01-DEL09-SP;95.5;-20.97062;-49.605372;2023-03-07;2023;3;2023-03;7;Manha;0;0;2;1
509016;2023-03-07;terca-feira;08:30:00;SP;459.0;24;LORENA;Manobra de mudança de faixa;Capotamento;Com Vítimas Feridas;Pleno dia;Crescente;Céu Claro;Simples;Não Informado;Não;1;0;0;1;0;0;1;1;-22.679707;-45.13483;SPRF-SP;DEL08-SP;UOP02-DEL08-SP;24.0;-22.679707;-45.13483;2023-03-07;2023;3;2023-03;8;Manha;0;1;3;1
509180;2023-03-07;terca-feira;18:30:00;SP;116.0;157;SAO JOSE DOS CAMPOS;Reação tardia ou ineficiente do condutor;Colisão traseira;Com Vítimas Feridas;Plena Noite;Crescente;Nublado;Dupla;Reta;Não;2;0;0;1;1;0;1;2;-23.25558031;-45.9437828;SPRF-SP;DEL02-SP;UOP01-DEL02-SP;157.0;-23.25558031;-45.9437828;2023-03-07;2023;3;2023-03;18;Noite;0;1;3;1
509015;2023-03-07;terca-feira;09:10:00;SP;116.0;273;TABOAO DA SERRA;Reação tardia ou ineficiente do condutor;Colisão lateral mesmo sentido;Com Vítimas Feridas;Pleno dia;Decrescente;Céu Claro;Dupla;Reta;Não;2;0;1;0;1;0;1;2;-23.62809795;-46.81870306;SPRF-SP;DEL04-SP;UOP01-DEL04-SP;273.0;-23.62809795;-46.81870306;2023-03-07;2023;3;2023-03;9;Manha;0;0;1;1
509132;2023-03-07;terca-feira;22:10:00;SP;116.0;273.5;TABOAO DA SERRA;Reação tardia ou ineficiente do condutor;Colisão traseira;Com Vítimas Feridas;Anoitecer;Decrescente;Céu Claro;Dupla;Reta;Sim;3;0;0;1;2;0;1;3;-23.62809795;-46.81870306;SPRF-SP;DEL04-SP;UOP01-DEL04-SP;273.5;-23.62809795;-46.81870306;2023-03-07;2023;3;2023-03;22;Noite;0;1;3;1
509107;2023-03-07;terca-feira;16:50:00;SP;101.0;51;UBATUBA;Manobra de mudança de faixa;Colisão transversal;Com Vítimas Feridas;Pleno dia;Decrescente;Céu Claro;Simples;Reta;Sim;2;0;2;0;0;0;2;2;-23.45627795;-45.07111896;SPRF-SP;DEL06-SP;UOP01-DEL06-SP;51.0;-23.45627795;-45.07111896;2023-03-07;2023;3;2023-03;16;Tarde;0;0;2;1
509234;2023-03-08;quarta-feira;13:45:00;SP;116.0;194;ARUJA;Demais falhas mecânicas ou elétricas;Tombamento;Com Vítimas Feridas;Pleno dia;Crescente;Sol;Dupla;Reta;Não;1;0;1;0;0;0;1;1;-23.38497189;-46.26686105;SPRF-SP;DEL01-SP;UOP01-DEL01-SP;194.0;-23.38497189;-46.26686105;2023-03-08;2023;3;2023-03;13;Tarde;0;0;1;2
509235;2023-03-08;quarta-feira;14:00:00;SP;116.0;138;CACAPAVA;Ausência de reação do condutor;Colisão traseira;Com Vítimas Feridas;Pleno dia;Decrescente;Céu Claro;Múltipla;Reta;Não;3;0;1;0;2;0;1;3;-23.1572739;-45.79554605;SPRF-SP;DEL02-SP;UOP01-DEL02-SP;138.0;-23.1572739;-45.79554605;2023-03-08;2023;3;2023-03;14;Tarde;0;0;1;2
509173;2023-03-08;quarta-feira;07:50:00;SP;116.0;222;GUARULHOS;Condutor deixou de manter distância do veículo da frente;Queda de ocupante de veículo;Com Vítimas Feridas;Pleno dia;Decrescente;Céu Claro;Múltipla;Reta;Sim;2;0;1;0;0;1;1;1;-23.47093408;-46.51631097;SPRF-SP;DEL01-SP;UOP01-DEL01-SP;222.0;-23.47093408;-46.51631097;2023-03-08;2023;3;2023-03;7;Manha;0;0;1;2
510908;2023-03-08;quarta-feira;18:40:00;SP;381.0;59;MAIRIPORA;Ausência de reação do condutor;Atropelamento de Pedestre;Com Vítimas Feridas;Plena Noite;Decrescente;Ignorado;Dupla;Reta;Sim;2;0;0;1;0;1;1;1;-23.28270705;-46.58787791;SPRF-SP;DEL03-SP;UOP01-DEL03-SP;59.0;-23.28270705;-46.58787791;2023-03-08;2023;3;2023-03;18;Noite;0;1;3;2
509217;2023-03-08;quarta-feira;12:20:00;SP;101.0;389;MIRACATU;Pedestre cruzava a pista fora da faixa;Atropelamento de Pedestre;Com Vítimas Feridas;Pleno dia;Decrescente;Sol;Dupla;Reta;Sim;3;0;0;1;1;1;1;1;-24.27295205;-47.40671575;SPRF-SP;DEL04-SP;UOP02-DEL04-SP;389.0;-24.27295205;-47.40671575;2023-03-08;2023;3;2023-03;12;Tarde;0;1;3;2
509278;2023-03-08;quarta-feira;16:45:00;SP;116.0;358;MIRACATU;Problema com o freio;Colisão com objeto;Com Vítimas Feridas;Pleno dia;Crescente;Céu Claro;Simples;Não Informado;Não;1;0;1;0;0;0;1;1;-24.10289207;-47.25984898;SPRF-SP;DEL04-SP;UOP03-DEL04-SP;358.0;-24.10289207;-47.25984898;2023-03-08;2023;3;2023-03;16;Tarde;0;0;1;2
509208;2023-03-08;quarta-feira;11:25:00;SP;116.0;85.1;PINDAMONHANGABA;Avarias e/ou desgaste excessivo no pneu;Tombamento;Com Vítimas Feridas;Pleno dia;Crescente;Sol;Dupla;Reta;Não;1;0;1;0;0;0;1;1;-22.92211829;-45.34450085;SPRF-SP;DEL08-SP;UOP01-DEL08-SP;85.1;-22.92211829;-45.34450085;2023-03-08;2023;3;2023-03;11;Manha;0;0;1;2
509218;2023-03-08;quarta-feira;10:30:00;SP;116.0;186;SANTA ISABEL;Objeto estático sobre o leito carroçável;Colisão com objeto;Sem Vítimas;Pleno dia;Crescente;Céu Claro;Dupla;Reta;Não;1;0;0;0;1;0;0;1;-23.35220682;-46.19934905;SPRF-SP;DEL01-SP;UOP01-DEL01-SP;186.0;-23.35220682;-46.19934905;2023-03-08;2023;3;2023-03;10;Manha;0;0;0;2
509254;2023-03-08;quarta-feira;15:30:00;SP;116.0;230;SAO PAULO;Trafegar com motocicleta (ou similar) entre as faixas;Colisão traseira;Com Vítimas Feridas;Pleno dia;Crescente;Sol;Múltipla;Reta;Sim;2;0;1;0;1;0;1;2;-23.52251783;-46.5855702;SPRF-SP;DEL01-SP;UOP01-DEL01-SP;230.0;-23.52251783;-46.5855702;2023-03-08;2023;3;2023-03;15;Tarde;0;0;1;2
509312;2023-03-08;quarta-feira;20:50:00;SP;116.0;272;TABOAO DA SERRA;Animais na Pista;Colisão lateral mesmo sentido;Com Vítimas Feridas;Plena Noite;Decrescente;Garoa/Chuvisco;Dupla;Reta;Sim;2;0;1;0;1;0;1;2;-23.621691;-46.813288;SPRF-SP;DEL04-SP;UOP01-DEL04-SP;272.0;-23.621691;-46.813288;2023-03-08;2023;3;2023-03;20;Noite;0;0;1;2
526642;2023-03-08;quarta-feira;05:40:00;SP;116.0;274;TABOAO DA SERRA;Reação tardia ou ineficiente do condutor;Colisão traseira;Com Vítimas Feridas;Amanhecer;Crescente;Sol;Múltipla;Reta;Não;2;0;0;1;1;0;1;2;-23.63445084;-46.82418514;SPRF-SP;DEL04-SP;UOP01-DEL04-SP;274.0;-23.63445084;-46.82418514;2023-03-08;2023;3;2023-03;5;Madrugada;0;1;3;2
509199;2023-03-08;quarta-feira;10:10:00;SP;116.0;110.4;TAUBATE;Acessar a via sem observar a presença dos outros veículos;Colisão lateral mesmo sentido;Com Vítimas Feridas;Pleno dia;Decrescente;Céu Claro;Dupla;Não Informado;Sim;3;0;2;0;1;0;2;2;-23.03412614;-45.5526999;SPRF-SP;DEL02-SP;UOP02-DEL02-SP;110.4;-23.03412614;-45.5526999;2023-03-08;2023;3;2023-03;10;Manha;0;0;2;2
509294;2023-03-08;quarta-feira;19:00:00;SP;116.0;107;TAUBATE;Reação tardia ou ineficiente do condutor;Saída de leito carroçável;Com Vítimas Feridas;Plena Noite;Crescente;Céu Claro;Múltipla;Reta;Sim;2;0;0;1;1;0;1;2;-23.01791287;-45.53009409;SPRF-SP;DEL02-SP;UOP02-DEL02-SP;107.0;-23.01791287;-45.53009409;2023-03-08;2023;3;2023-03;19;Noite;0;1;3;2
509213;2023-03-08;quarta-feira;11:15:00;SP;101.0;45;UBATUBA;Reação tardia ou ineficiente do condutor;Colisão transversal;Com Vítimas Feridas;Pleno dia;Crescente;Céu Claro;Simples;Não Informado;Sim;2;0;1;0;1;0;1;2;-23.41779396;-45.06788408;SPRF-SP;DEL06-SP;UOP01-DEL06-SP;45.0;-23.41779396;-45.06788408;2023-03-08;2023;3;2023-03;11;Manha;0;0;1;2
509408;2023-03-09;quinta-feira;10:20:00;SP;116.0;506;CAJATI;Reação tardia ou ineficiente do condutor;Colisão traseira;Com Vítimas Feridas;Pleno dia;Decrescente;Céu Claro;Simples;Não Informado;Não;1;0;1;0;0;0;1;1;-24.79704815;-48.2145174;SPRF-SP;DEL05-SP;UOP02-DEL05-SP;506.0;-24.79704815;-48.2145174;2023-03-09;2023;3;2023-03;10;Manha;0;0;1;3
509430;2023-03-09;quinta-feira;11:00:00;SP;116.0;275.9;EMBU DAS ARTES;Entrada inopinada do pedestre;Atropelamento de Pedestre;Com Vítimas Feridas;Pleno dia;Decrescente;Nublado;Dupla;Reta;Sim;2;0;0;1;1;0;1;1;-23.63638826;-46.83251584;SPRF-SP;DEL04-SP;UOP01-DEL04-SP;275.9;-23.63638826;-46.83251584;2023-03-09;2023;3;2023-03;11;Manha;0;1;3;3
509531;2023-03-09;quinta-feira;22:30:00;SP;153.0;198;GETULINA;Animais na Pista;Queda de ocupante de veículo;Com Vítimas Feridas;Plena Noite;Decrescente;Céu Claro;Simples;Desvio Temporário;Não;1;0;1;0;0;0;1;1;-21.80201297;-49.90050328;SPRF-SP;DEL07-SP;UOP01-DEL07-SP;198.0;-21.80201297;-49.90050328;2023-03-09;2023;3;2023-03;22;Noite;0;0;1;3
509370;2023-03-09;quinta-feira;07:38:00;SP;116.0;220;GUARULHOS;Ausência de sinalização;Colisão traseira;Com Vítimas Feridas;Pleno dia;Crescente;Céu Claro;Múltipla;Reta;Sim;3;0;1;0;1;1;1;3;-23.46472809;-46.49793962;SPRF-SP;DEL01-SP;UOP01-DEL01-SP;220.0;-23.46472809;-46.49793962;2023-03-09;2023;3;2023-03;7;Manha;0;0;1;3
509422;2023-03-09;quinta-feira;12:10:00;SP;116.0;222;GUARULHOS;Reação tardia ou ineficiente do condutor;Colisão traseira;Com Vítimas Feridas;Pleno dia;Crescente;Céu Claro;Múltipla;Reta;Sim;2;0;1;0;0;1;1;2;-23.47103091;-46.51765823;SPRF-SP;DEL01-SP;UOP01-DEL01-SP;222.0;-23.47103091;-46.51765823;2023-03-09;2023;3;2023-03;12;Tarde;0;0;1;3
510874;2023-03-09;quinta-feira;07:30:00;SP;116.0;208;GUARULHOS;Trafegar com motocicleta (ou similar) entre as faixas;Colisão traseira;Com Vítimas Feridas;Pleno dia;Crescente;Céu Claro;Múltipla;Reta;Sim;5;0;4;0;1;0;4;3;-23.42222263;-46.3932771;SPRF-SP;DEL01-SP;UOP01-DEL01-SP;208.0;-23.42222263;-46.3932771;2023-03-09;2023;3;2023-03;7;Manha;0;0;4;3
509379;2023-03-09;quinta-feira;05:00:00;SP;116.0;285.8;ITAPECERICA DA SERRA;Demais falhas mecânicas ou elétricas;Incêndio;Sem Vítimas;Pleno dia;Crescente;Céu Claro;Dupla;Reta;Sim;1;0;0;0;1;0;0;1;-23.68993509;-46.86268044;SPRF-SP;DEL04-SP;UOP01-DEL04-SP;285.8;-23.68993509;-46.86268044;2023-03-09;2023;3;2023-03;5;Madrugada;0;0;0;3
509346;2023-03-09;quinta-feira;03:55:00;SP;116.0;316;JUQUITIBA;Ausência de reação do condutor;Tombamento;Com Vítimas Feridas;Plena Noite;Decrescente;Céu Claro;Dupla;Reta;Sim;1;0;1;0;0;0;1;1;-23.91054997;-46.99149375;SPRF-SP;DEL04-SP;UOP03-DEL04-SP;316.0;-23.91054997;-46.99149375;2023-03-09;2023;3;2023-03;3;Madrugada;0;0;1;3
509409;2023-03-09;quinta-feira;10:00:00;SP;381.0;63;MAIRIPORA;Reação tardia ou ineficiente do condutor;Colisão com objeto;Com Vítimas Feridas;Pleno dia;Decrescente;Sol;Dupla;Não Informado;Não;2;0;2;0;0;0;2;1;-23.302805;-46.572767;SPRF-SP;DEL03-SP;UOP01-DEL03-SP;63.0;-23.302805;-46.572767;2023-03-09;2023;3;2023-03;10;Manha;0;0;2;3
509517;2023-03-09;quinta-feira;20:15:00;SP;153.0;63.6;SAO JOSE DO RIO PRETO;Reação tardia ou ineficiente do condutor;Colisão com objeto;Com Vítimas Feridas;Plena Noite;Decrescente;Céu Claro;Dupla;Curva;Sim;1;0;1;0;0;0;1;1;-20.82149698;-49.35764818;SPRF-SP;DEL09-SP;UOP01-DEL09-SP;63.6;-20.82149698;-49.35764818;2023-03-09;2023;3;2023-03;20;Noite;0;0;1;3
509371;2023-03-09;quinta-feira;07:50:00;SP;116.0;229;SAO PAULO;Reação tardia ou ineficiente do condutor;Colisão traseira;Com Vítimas Feridas;Pleno dia;Crescente;Céu Claro;Dupla;Reta;Sim;3;0;2;0;1;0;2;2;-23.51291902;-46.57604698;SPRF-SP;DEL01-SP;UOP01-DEL01-SP;229.0;-23.51291902;-46.57604698;2023-03-09;2023;3;2023-03;7;Manha;0;0;2;3
509404;2023-03-09;quinta-feira;09:38:00;SP;116.0;228;SAO PAULO;Reação tardia ou ineficiente do condutor;Colisão traseira;Com Vítimas Feridas;Pleno dia;Crescente;Céu Claro;Múltipla;Não Informado;Sim;3;0;1;0;2;0;1;2;-23.50343484;-46.56638712;SPRF-SP;DEL01-SP;UOP01-DEL01-SP;228.0;-23.50343484;-46.56638712;2023-03-09;2023;3;2023-03;9;Manha;0;0;1;3
509511;2023-03-09;quinta-feira;13:10:00;SP;116.0;271;TABOAO DA SERRA;Transitar na contramão;Colisão frontal;Com Vítimas Fatais;Pleno dia;Crescente;Nublado;Dupla;Reta;Sim;3;1;1;0;1;0;1;3;-23.61809286;-46.80556302;SPRF-SP;DEL04-SP;UOP01-DEL04-SP;271.0;-23.61809286;-46.80556302;2023-03-09;2023;3;2023-03;13;Tarde;1;1;6;3
509407;2023-03-09;quinta-feira;07:30:00;SP;116.0;105;TAUBATE;Ausência de reação do condutor;Colisão traseira;Com Vítimas Fatais;Pleno dia;Crescente;Céu Claro;Dupla;Reta;Não;3;1;0;0;2;0;0;3;-23.00757973;-45.51466613;SPRF-SP;DEL02-SP;UOP02-DEL02-SP;105.0;-23.00757973;-45.51466613;2023-03-09;2023;3;2023-03;7;Manha;1;1;5;3
509362;2023-03-09;quinta-feira;06:50:00;SP;101.0;48;UBATUBA;Acessar a via sem observar a presença dos outros veículos;Colisão traseira;Com Vítimas Feridas;Pleno dia;Crescente;Céu Claro;Simples;Não Informado;Sim;2;0;1;0;1;0;1;2;-23.43696329;-45.08768768;SPRF-SP;DEL06-SP;UOP01-DEL06-SP;48.0;-23.43696329;-45.08768768;2023-03-09;2023;3;2023-03;6;Manha;0;0;1;3
509468;2023-03-09;quinta-feira;16:41:00;SP;101.0;50.5;UBATUBA;Acessar a via sem observar a presença dos outros veículos;Colisão transversal;Com Vítimas Feridas;Pleno dia;Decrescente;Céu Claro;Simples;Reta;Sim;4;0;0;1;2;1;1;3;-23.45161289;-45.07598162;SPRF-SP;DEL06-SP;UOP01-DEL06-SP;50.5;-23.45161289;-45.07598162;2023-03-09;2023;3;2023-03;16;Tarde;0;1;3;3
509645;2023-03-10;sexta-feira;13:50:00;SP;116.0;67.7;APARECIDA;Ausência de sinalização;Colisão traseira;Com Vítimas Feridas;Pleno dia;Crescente;Nublado;Dupla;Curva;Não;4;0;1;0;3;0;1;3;-22.82867578;-45.2088941;SPRF-SP;DEL08-SP;UOP01-DEL08-SP;67.7;-22.82867578;-45.2088941;2023-03-10;2023;3;2023-03;13;Tarde;0;0;1;4
509655;2023-03-10;sexta-feira;12:15:00;SP;381.0;23;ATIBAIA;Reação tardia ou ineficiente do condutor;Colisão traseira;Com Vítimas Feridas;Pleno dia;Crescente;Chuva;Dupla;Não Informado;Não;2;0;1;0;1;0;1;2;-23.00476488;-46.52061531;SPRF-SP;DEL03-SP;UOP02-DEL03-SP;23.0;-23.00476488;-46.52061531;2023-03-10;2023;3;2023-03;12;Tarde;0;0;1;4
509759;2023-03-10;sexta-feira;16:32:00;SP;116.0;567;BARRA DO TURVO;Chuva;Saída de leito carroçável;Com Vítimas Feridas;Anoitecer;Decrescente;Chuva;Dupla;Curva;Não;3;0;2;0;1;0;2;1;-25.0475499;-48.55355172;SPRF-SP;DEL05-SP;UOP02-DEL05-SP;567.0;-25.0475499;-48.55355172;2023-03-10;2023;3;2023-03;16;Tarde;0;0;2;4
509626;2023-03-10;sexta-feira;10:15:00;SP;116.0;511;CAJATI;Velocidade Incompatível;Saída de leito carroçável;Com Vítimas Feridas;Pleno dia;Decrescente;Garoa/Chuvisco;Dupla;Não Informado;Não;2;0;2;0;0;0;2;1;-24.83558399;-48.2223738;SPRF-SP;DEL05-SP;UOP02-DEL05-SP;511.0;-24.83558399;-48.2223738;2023-03-10;2023;3;2023-03;10;Manha;0;0;2;4
509749;2023-03-10;sexta-feira;14:30:00;SP;116.0;515;CAJATI;Acumulo de água sobre o pavimento;Capotamento;Com Vítimas Feridas;Pleno dia;Decrescente;Chuva;Dupla;Curva;Não;1;0;1;0;0;0;1;1;-24.86704083;-48.21738184;SPRF-SP;DEL05-SP;UOP02-DEL05-SP;515.0;-24.86704083;-48.21738184;2023-03-10;2023;3;2023-03;14;Tarde;0;0;1;4
509778;2023-03-10;sexta-feira;20:30:00;SP;116.0;515;CAJATI;Acumulo de água sobre o pavimento;Capotamento;Com Vítimas Feridas;Plena Noite;Decrescente;Chuva;Dupla;Curva;Não;2;0;2;0;0;0;2;1;-24.86704083;-48.21738184;SPRF-SP;DEL05-SP;UOP02-DEL05-SP;515.0;-24.86704083;-48.21738184;2023-03-10;2023;3;2023-03;20;Noite;0;0;2;4
509569;2023-03-10;sexta-feira;08:00:00;SP;116.0;219;GUARULHOS;Manobra de mudança de faixa;Colisão traseira;Sem Vítimas;Pleno dia;Crescente;Céu Claro;Múltipla;Reta;Sim;2;0;0;0;2;0;0;2;-23.46143954;-46.48885316;SPRF-SP;DEL01-SP;UOP01-DEL01-SP;219.0;-23.46143954;-46.48885316;2023-03-10;2023;3;2023-03;8;Manha;0;0;0;4
509598;2023-03-10;sexta-feira;09:50:00;SP;116.0;221;GUARULHOS;Trafegar com motocicleta (ou similar) entre as faixas;Queda de ocupante de veículo;Com Vítimas Feridas;Pleno dia;Crescente;Céu Claro;Múltipla;Reta;Sim;2;0;1;0;1;0;1;2;-23.46802395;-46.50704901;SPRF-SP;DEL01-SP;UOP01-DEL01-SP;221.0;-23.46802395;-46.50704901;2023-03-10;2023;3;2023-03;9;Manha;0;0;1;4
509636;2023-03-10;sexta-feira;13:30:00;SP;116.0;224.2;GUARULHOS;Reação tardia ou ineficiente do condutor;Colisão traseira;Sem Vítimas;Pleno dia;Decrescente;Garoa/Chuvisco;Dupla;Reta;Sim;2;0;0;0;2;0;0;2;-23.48071896;-46.53271603;SPRF-SP;DEL01-SP;UOP01-DEL01-SP;224.2;-23.48071896;-46.53271603;2023-03-10;2023;3;2023-03;13;Tarde;0;0;0;4
509629;2023-03-10;sexta-feira;13:10:00;SP;153.0;9.6;ICEM;Condutor Dormindo;Colisão frontal;Com Vítimas Feridas;Pleno dia;Decrescente;Céu Claro;Simples;Reta;Não;3;0;0;1;2;0;1;3;-20.38030491;-49.23107915;SPRF-SP;DEL09-SP;UOP01-DEL09-SP;9.6;-20.38030491;-49.23107915;2023-03-10;2023;3;2023-03;13;Tarde;0;1;3;4
509540;2023-03-10;sexta-feira;00:05:00;SP;153.0;107;JOSE BONIFACIO;Ingestão de álcool pelo condutor;Saída de leito carroçável;Sem Vítimas;Amanhecer;Crescente;Chuva;Dupla;Não Informado;Sim;1;0;0;0;1;0;0;1;-21.06388847;-49.66255104;SPRF-SP;DEL09-SP;UOP01-DEL09-SP;107.0;-21.06388847;-49.66255104;2023-03-10;2023;3;2023-03;0;Madrugada;0;0;0;4
509541;2023-03-10;sexta-feira;01:00:00;SP;116.0;412;JUQUIA;Acessar a via sem observar a presença dos outros veículos;Atropelamento de Pedestre;Com Vítimas Feridas;Plena Noite;Crescente;Nublado;Múltipla;Não Informado;Não;2;0;1;0;0;1;1;1;-24.33094086;-47.61325097;SPRF-SP;DEL05-SP;UOP01-DEL05-SP;412.0;-24.33094086;-47.61325097;2023-03-10;2023;3;2023-03;1;Madrugada;0;0;1;4
509740;2023-03-10;sexta-feira;18:20:00;SP;381.0;58;MAIRIPORA;Reação tardia ou ineficiente do condutor;Tombamento;Com Vítimas Feridas;Plena Noite;Decrescente;Chuva;Dupla;Não Informado;Não;1;0;1;0;0;0;1;1;-23.27438497;-46.58530615;SPRF-SP;DEL03-SP;UOP01-DEL03-SP;58.0;-23.27438497;-46.58530615;2023-03-10;2023;3;2023-03;18;Noite;0;0;1;4
509545;2023-03-10;sexta-feira;02:55:00;SP;153.0;62.9;SAO JOSE DO RIO PRETO;Condutor Dormindo;Colisão traseira;Sem Vítimas;Plena Noite;Decrescente;Nublado;Dupla;Reta;Sim;2;0;0;0;2;0;0;2;-20.821268;-49.357638;SPRF-SP;DEL09-SP;UOP01-DEL09-SP;62.9;-20.821268;-49.357638;2023-03-10;2023;3;2023-03;2;Madrugada;0;0;0;4
509566;2023-03-10;sexta-feira;07:20:00;SP;153.0;59;SAO JOSE DO RIO PRETO;Ingestão de álcool pelo condutor;Colisão traseira;Sem Vítimas;Pleno dia;Crescente;Nublado;Dupla;Não Informado;Sim;5;0;0;0;5;0;0;2;-20.78733103;-49.35399276;SPRF-SP;DEL09-SP;UOP01-DEL09-SP;59.0;-20.78733103;-49.35399276;2023-03-10;2023;3;2023-03;7;Manha;0;0;0;4
509571;2023-03-10;sexta-feira;08:11:00;SP;116.0;145;SAO JOSE DOS CAMPOS;Trafegar com motocicleta (ou similar) entre as faixas;Tombamento;Com Vítimas Feridas;Pleno dia;Crescente;Céu Claro;Dupla;Reta;Não;2;0;2;0;0;0;2;1;-23.1869844;-45.8548078;SPRF-SP;DEL02-SP;UOP01-DEL02-SP;145.0;-23.1869844;-45.8548078;2023-03-10;2023;3;2023-03;8;Manha;0;0;2;4
509551;2023-03-10;sexta-feira;03:30:00;SP;116.0;312.9;SAO LOURENCO DA SERRA;Ausência de reação do condutor;Colisão traseira;Com Vítimas Feridas;Plena Noite;Crescente;Céu Claro;Dupla;Reta;Não;2;0;1;0;0;1;1;2;-23.88342825;-46.97368879;SPRF-SP;DEL04-SP;UOP01-DEL04-SP;312.9;-23.88342825;-46.97368879;2023-03-10;2023;3;2023-03;3;Madrugada;0;0;1;4
509624;2023-03-10;sexta-feira;12:15:00;SP;116.0;272;TABOAO DA SERRA;Manobra de mudança de faixa;Colisão lateral mesmo sentido;Com Vítimas Feridas;Pleno dia;Crescente;Céu Claro;Dupla;Reta;Sim;3;0;1;0;2;0;1;3;-23.621691;-46.813288;SPRF-SP;DEL04-SP;UOP01-DEL04-SP;272.0;-23.621691;-46.813288;2023-03-10;2023;3;2023-03;12;Tarde;0;0;1;4
509570;2023-03-10;sexta-feira;07:35:00;SP;101.0;46.8;UBATUBA;Acessar a via sem observar a presença dos outros veículos;Colisão transversal;Com Vítimas Feridas;Pleno dia;Crescente;Céu Claro;Simples;Reta;Sim;2;0;1;0;1;0;1;2;-23.42403383;-45.07492113;SPRF-SP;DEL06-SP;UOP01-DEL06-SP;46.8;-23.42403383;-45.07492113;2023-03-10;2023;3;2023-03;7;Manha;0;0;1;4
509746;2023-03-11;sabado;01:28:00;SP;116.0;523;BARRA DO TURVO;Chuva;Saída de leito carroçável;Com Vítimas Feridas;Plena Noite;Crescente;Chuva;Dupla;Reta;Não;1;0;1;0;0;0;1;1;-24.91273105;-48.25307091;SPRF-SP;DEL05-SP;UOP02-DEL05-SP;523.0;-24.91273105;-48.25307091;2023-03-11;2023;3;2023-03;1;Madrugada;0;0;1;5
509897;2023-03-11;sabado;18:40:00;SP;381.0;20;BRAGANCA PAULISTA;Reação tardia ou ineficiente do condutor;Colisão com objeto;Sem Vítimas;Anoitecer;Crescente;Chuva;Dupla;Curva;Não;1;0;0;0;1;0;0;1;-22.98443766;-46.50352511;SPRF-SP;DEL03-SP;UOP02-DEL03-SP;20.0;-22.98443766;-46.50352511;2023-03-11;2023;3;2023-03;18;Noite;0;0;0;5
509755;2023-03-11;sabado;03:55:00;SP;116.0;489;CAJATI;Avarias e/ou desgaste excessivo no pneu;Saída de leito carroçável;Com Vítimas Feridas;Plena Noite;Crescente;Nublado;Dupla;Curva;Não;2;0;1;0;0;1;1;1;-24.73034183;-48.10760707;SPRF-SP;DEL05-SP;UOP01-DEL05-SP;489.0;-24.73034183;-48.10760707;2023-03-11;2023;3;2023-03;3;Madrugada;0;0;1;5
509783;2023-03-11;sabado;04:20:00;SP;116.0;516;CAJATI;Acumulo de água sobre o pavimento;Saída de leito carroçável;Com Vítimas Feridas;Amanhecer;Decrescente;Chuva;Dupla;Reta;Não;2;0;1;0;1;0;1;1;-24.87423036;-48.2190838;SPRF-SP;DEL05-SP;UOP02-DEL05-SP;516.0;-24.87423036;-48.2190838;2023-03-11;2023;3;2023-03;4;Madrugada;0;0;1;5
509890;2023-03-11;sabado;17:30:00;SP;116.0;222;GUARULHOS;Condutor deixou de manter distância do veículo da frente;Colisão traseira;Com Vítimas Feridas;Pleno dia;Decrescente;Chuva;Múltipla;Reta;Não;2;0;1;0;1;0;1;2;-23.47093408;-46.51631097;SPRF-SP;DEL01-SP;UOP01-DEL01-SP;222.0;-23.47093408;-46.51631097;2023-03-11;2023;3;2023-03;17;Tarde;0;0;1;5
509900;2023-03-11;sabado;19:00:00;SP;116.0;335;JUQUITIBA;Chuva;Tombamento;Com Vítimas Feridas;Plena Noite;Decrescente;Chuva;Dupla;Desvio Temporário;Não;2;0;2;0;0;0;2;1;-23.96963408;-47.1337469;SPRF-SP;DEL04-SP;UOP03-DEL04-SP;335.0;-23.96963408;-47.1337469;2023-03-11;2023;3;2023-03;19;Noite;0;0;2;5
509786;2023-03-11;sabado;06:55:00;SP;116.0;446;REGISTRO;Ausência de reação do condutor;Queda de ocupante de veículo;Sem Vítimas;Pleno dia;Crescente;Nublado;Simples;Curva;Sim;1;0;0;0;1;0;0;1;-24.50467087;-47.84772743;SPRF-SP;DEL05-SP;UOP01-DEL05-SP;446.0;-24.50467087;-47.84772743;2023-03-11;2023;3;2023-03;6;Manha;0;0;0;5
509862;2023-03-11;sabado;15:00:00;SP;116.0;133.6;SAO JOSE DOS CAMPOS;Chuva;Tombamento;Com Vítimas Feridas;Pleno dia;Decrescente;Chuva;Dupla;Não Informado;Não;2;0;0;1;1;0;1;2;-23.1359564;-45.7532708;SPRF-SP;DEL02-SP;UOP02-DEL02-SP;133.6;-23.1359564;-45.7532708;2023-03-11;2023;3;2023-03;15;Tarde;0;1;3;5
509952;2023-03-11;sabado;22:40:00;SP;116.0;145;SAO JOSE DOS CAMPOS;Entrada inopinada do pedestre;Atropelamento de Pedestre;Com Vítimas Feridas;Plena Noite;Decrescente;Nublado;Dupla;Reta;Sim;2;0;1;0;1;0;1;1;-23.1869844;-45.8548078;SPRF-SP;DEL02-SP;UOP01-DEL02-SP;145.0;-23.1869844;-45.8548078;2023-03-11;2023;3;2023-03;22;Noite;0;0;1;5
509765;2023-03-11;sabado;05:15:00;SP;116.0;274;TABOAO DA SERRA;Acessar a via sem observar a presença dos outros veículos;Colisão lateral mesmo sentido;Com Vítimas Feridas;Amanhecer;Decrescente;Céu Claro;Dupla;Reta;Não;1;0;0;1;0;0;1;1;-23.63445084;-46.82418514;SPRF-SP;DEL04-SP;UOP01-DEL04-SP;274.0;-23.63445084;-46.82418514;2023-03-11;2023;3;2023-03;5;Madrugada;0;1;3;5
509821;2023-03-11;sabado;08:45:00;SP;116.0;103.1;TAUBATE;Demais falhas mecânicas ou elétricas;Tombamento;Com Vítimas Feridas;Pleno dia;Crescente;Céu Claro;Dupla;Reta;Não;2;0;2;0;0;0;2;1;-22.99919465;-45.49788917;SPRF-SP;DEL02-SP;UOP02-DEL02-SP;103.1;-22.99919465;-45.49788917;2023-03-11;2023;3;2023-03;8;Manha;0;0;2;5
510144;2023-03-12;domingo;17:35:00;SP;116.0;508;CAJATI;Reação tardia ou ineficiente do condutor;Queda de ocupante de veículo;Com Vítimas Feridas;Pleno dia;Decrescente;Chuva;Simples;Não Informado;Não;2;0;2;0;0;0;2;1;-24.81333299;-48.21310484;SPRF-SP;DEL05-SP;UOP02-DEL05-SP;508.0;-24.81333299;-48.21310484;2023-03-12;2023;3;2023-03;17;Tarde;0;0;2;6
510041;2023-03-12;domingo;09:55:00;SP;116.0;283;EMBU DAS ARTES;Ausência de reação do condutor;Queda de ocupante de veículo;Com Vítimas Feridas;Pleno dia;Crescente;Nublado;Dupla;Reta;Sim;1;0;1;0;0;0;1;1;-23.69297005;-46.86352786;SPRF-SP;DEL04-SP;UOP01-DEL04-SP;283.0;-23.69297005;-46.86352786;2023-03-12;2023;3;2023-03;9;Manha;0;0;1;6
510103;2023-03-12;domingo;16:50:00;SP;116.0;289;ITAPECERICA DA SERRA;Ausência de reação do condutor;Saída de leito carroçável;Com Vítimas Feridas;Pleno dia;Decrescente;Chuva;Dupla;Reta;Sim;5;0;3;2;0;0;5;1;-23.72290969;-46.89096614;SPRF-SP;DEL04-SP;UOP01-DEL04-SP;289.0;-23.72290969;-46.89096614;2023-03-12;2023;3;2023-03;16;Tarde;0;1;9;6
510067;2023-03-12;domingo;07:00:00;SP;153.0;99.7;JOSE BONIFACIO;Velocidade Incompatível;Tombamento;Sem Vítimas;Pleno dia;Crescente;Céu Claro;Dupla;Não Informado;Não;1;0;0;0;1;0;0;1;-21.00658524;-49.63430539;SPRF-SP;DEL09-SP;UOP01-DEL09-SP;99.7;-21.00658524;-49.63430539;2023-03-12;2023;3;2023-03;7;Manha;0;0;0;6
510095;2023-03-12;domingo;14:30:00;SP;116.0;375;MIRACATU;Demais falhas mecânicas ou elétricas;Incêndio;Sem Vítimas;Pleno dia;Crescente;Chuva;Dupla;Curva;Não;1;0;0;0;1;0;0;1;-24.18239098;-47.35448801;SPRF-SP;DEL04-SP;UOP02-DEL04-SP;375.0;-24.18239098;-47.35448801;2023-03-12;2023;3;2023-03;14;Tarde;0;0;0;6
510105;2023-03-12;domingo;17:45:00;SP;116.0;349;MIRACATU;Chuva;Tombamento;Com Vítimas Feridas;Pleno dia;Crescente;Chuva;Dupla;Não Informado;Não;1;0;1;0;0;0;1;1;-24.05190879;-47.213052;SPRF-SP;DEL04-SP;UOP03-DEL04-SP;349.0;-24.05190879;-47.213052;2023-03-12;2023;3;2023-03;17;Tarde;0;0;1;6
509999;2023-03-12;domingo;04:50:00;SP;116.0;227;SAO PAULO;Ingestão de substâncias psicoativas pelo condutor;Colisão com objeto;Com Vítimas Feridas;Amanhecer;Crescente;Nublado;Múltipla;Não Informado;Sim;2;0;1;0;1;0;1;2;-23.50331577;-46.56696796;SPRF-SP;DEL01-SP;UOP01-DEL01-SP;227.0;-23.50331577;-46.56696796;2023-03-12;2023;3;2023-03;4;Madrugada;0;0;1;6
510319;2023-03-13;segunda-feira;15:55:00;SP;116.0;488;CAJATI;Condutor Dormindo;Saída de leito carroçável;Com Vítimas Feridas;Pleno dia;Crescente;Nublado;Dupla;Curva;Não;1;0;1;0;0;0;1;1;-24.73097634;-48.09815591;SPRF-SP;DEL05-SP;UOP01-DEL05-SP;488.0;-24.73097634;-48.09815591;2023-03-13;2023;3;2023-03;15;Tarde;0;0;1;0
510224;2023-03-13;segunda-feira;06:30:00;SP;116.0;206;GUARULHOS;Trafegar com motocicleta (ou similar) entre as faixas;Colisão lateral mesmo sentido;Com Vítimas Feridas;Pleno dia;Crescente;Nublado;Múltipla;Reta;Sim;2;0;1;0;1;0;1;2;-23.41722629;-46.37510292;SPRF-SP;DEL01-SP;UOP01-DEL01-SP;206.0;-23.41722629;-46.37510292;2023-03-13;2023;3;2023-03;6;Manha;0;0;1;0
510249;2023-03-13;segunda-feira;08:00:00;SP;116.0;224;GUARULHOS;Trafegar com motocicleta (ou similar) entre as faixas;Colisão traseira;Com Vítimas Feridas;Pleno dia;Crescente;Nublado;Múltipla;Reta;Sim;3;0;2;0;1;0;2;2;-23.48071896;-46.53271603;SPRF-SP;DEL01-SP;UOP01-DEL01-SP;224.0;-23.48071896;-46.53271603;2023-03-13;2023;3;2023-03;8;Manha;0;0;2;0
510278;2023-03-13;segunda-feira;10:45:00;SP;116.0;223;GUARULHOS;Ausência de reação do condutor;Colisão lateral mesmo sentido;Com Vítimas Feridas;Pleno dia;Crescente;Céu Claro;Dupla;Reta;Sim;2;0;1;0;0;1;1;2;-23.47559815;-46.5246609;SPRF-SP;DEL01-SP;UOP01-DEL01-SP;223.0;-23.47559815;-46.5246609;2023-03-13;2023;3;2023-03;10;Manha;0;0;1;0
510202;2023-03-13;segunda-feira;00:15:00;SP;459.0;21;LORENA;Ingestão de álcool pelo condutor;Colisão traseira;Sem Vítimas;Plena Noite;Decrescente;Chuva;Simples;Não Informado;Não;2;0;0;0;2;0;0;2;-22.65606453;-45.14418316;SPRF-SP;DEL08-SP;UOP02-DEL08-SP;21.0;-22.65606453;-45.14418316;2023-03-13;2023;3;2023-03;0;Madrugada;0;0;0;0
512927;2023-03-13;segunda-feira;23:00:00;SP;116.0;53;LORENA;Desrespeitar a preferência no cruzamento;Colisão transversal;Com Vítimas Feridas;Plena Noite;Decrescente;Céu Claro;Múltipla;Rotatória;Sim;2;0;1;0;1;0;1;2;-22.75255433;-45.10741076;SPRF-SP;DEL08-SP;UOP02-DEL08-SP;53.0;-22.75255433;-45.10741076;2023-03-13;2023;3;2023-03;23;Noite;0;0;1;0
510263;2023-03-13;segunda-feira;08:00:00;SP;381.0;59.9;MAIRIPORA;Reação tardia ou ineficiente do condutor;Saída de leito carroçável;Com Vítimas Feridas;Pleno dia;Crescente;Céu Claro;Dupla;Curva;Não;1;0;1;0;0;0;1;1;-23.28270705;-46.58787791;SPRF-SP;DEL03-SP;UOP01-DEL03-SP;59.9;-23.28270705;-46.58787791;2023-03-13;2023;3;2023-03;8;Manha;0;0;1;0
510298;2023-03-13;segunda-feira;13:15:00;SP;153.0;74;SAO JOSE DO RIO PRETO;Manobra de mudança de faixa;Colisão traseira;Com Vítimas Feridas;Pleno dia;Crescente;Céu Claro;Dupla;Não Informado;Não;3;0;1;0;2;0;1;3;-20.88538598;-49.42676402;SPRF-SP;DEL09-SP;UOP01-DEL09-SP;74.0;-20.88538598;-49.42676402;2023-03-13;2023;3;2023-03;13;Tarde;0;0;1;0
510251;2023-03-13;segunda-feira;07:45:00;SP;116.0;308;SAO LOURENCO DA SERRA;Velocidade Incompatível;Saída de leito carroçável;Com Vítimas Feridas;Pleno dia;Crescente;Céu Claro;Dupla;Curva;Não;3;0;3;0;0;0;3;1;-23.86213995;-46.94718508;SPRF-SP;DEL04-SP;UOP01-DEL04-SP;308.0;-23.86213995;-46.94718508;2023-03-13;2023;3;2023-03;7;Manha;0;0;3;0
510324;2023-03-13;segunda-feira;15:30:00;SP;116.0;309.5;SAO LOURENCO DA SERRA;Obstrução na via;Colisão lateral mesmo sentido;Com Vítimas Feridas;Pleno dia;Crescente;Chuva;Dupla;Reta;Sim;4;0;0;1;3;0;1;4;-23.86766013;-46.95354593;SPRF-SP;DEL04-SP;UOP01-DEL04-SP;309.5;-23.86766013;-46.95354593;2023-03-13;2023;3;2023-03;15;Tarde;0;1;3;0
510214;2023-03-13;segunda-feira;03:40:00;SP;381.0;86;SAO PAULO;Obstrução Via tentativa Assalto;Tombamento;Com Vítimas Feridas;Plena Noite;Crescente;Nublado;Dupla;Curva;Sim;2;0;2;0;0;0;2;1;-23.45930499;-46.57161179;SPRF-SP;DEL03-SP;UOP01-DEL03-SP;86.0;-23.45930499;-46.57161179;2023-03-13;2023;3;2023-03;3;Madrugada;0;0;2;0
510252;2023-03-13;segunda-feira;08:00:00;SP;116.0;270;TABOAO DA SERRA;Ausência de reação do condutor;Colisão lateral mesmo sentido;Com Vítimas Feridas;Pleno dia;Decrescente;Céu Claro;Múltipla;Reta;Sim;3;0;1;1;1;0;2;2;-23.61799728;-46.79677694;SPRF-SP;DEL04-SP;UOP01-DEL04-SP;270.0;-23.61799728;-46.79677694;2023-03-13;2023;3;2023-03;8;Manha;0;1;4;0
514140;2023-03-13;segunda-feira;14:30:00;SP;101.0;49.9;UBATUBA;Acessar a via sem observar a presença dos outros veículos;Colisão transversal;Com Vítimas Feridas;Pleno dia;Crescente;Céu Claro;Simples;Reta;Sim;2;0;1;0;1;0;1;2;-23.44476227;-45.08314848;SPRF-SP;DEL06-SP;UOP01-DEL06-SP;49.9;-23.44476227;-45.08314848;2023-03-13;2023;3;2023-03;14;Tarde;0;0;1;0
510321;2023-03-13;segunda-feira;16:01:00;SP;381.0;10;VARGEM;Condutor deixou de manter distância do veículo da frente;Colisão traseira;Sem Vítimas;Pleno dia;Crescente;Chuva;Dupla;Reta;Não;2;0;0;0;2;0;0;2;-22.92240388;-46.44345503;SPRF-SP;DEL03-SP;UOP02-DEL03-SP;10.0;-22.92240388;-46.44345503;2023-03-13;2023;3;2023-03;16;Tarde;0;0;0;0
510478;2023-03-14;terca-feira;10:20:00;SP;116.0;70.7;APARECIDA;Reação tardia ou ineficiente do condutor;Atropelamento de Pedestre;Com Vítimas Feridas;Pleno dia;Decrescente;Nublado;Dupla;Não Informado;Não;4;0;0;1;3;0;1;1;-22.84852898;-45.22705084;SPRF-SP;DEL08-SP;UOP01-DEL08-SP;70.7;-22.84852898;-45.22705084;2023-03-14;2023;3;2023-03;10;Manha;0;1;3;1
510421;2023-03-14;terca-feira;07:40:00;SP;153.0;83;BADY BASSITT;Reação tardia ou ineficiente do condutor;Tombamento;Com Vítimas Feridas;Pleno dia;Crescente;Garoa/Chuvisco;Simples;Não Informado;Não;1;0;1;0;0;0;1;1;-20.92266511;-49.50450592;SPRF-SP;DEL09-SP;UOP01-DEL09-SP;83.0;-20.92266511;-49.50450592;2023-03-14;2023;3;2023-03;7;Manha;0;0;1;1
510398;2023-03-14;terca-feira;00:30:00;SP;381.0;88;GUARULHOS;Pedestre cruzava a pista fora da faixa;Atropelamento de Pedestre;Com Vítimas Feridas;Anoitecer;Decrescente;Nublado;Múltipla;Reta;Não;3;0;1;0;0;2;1;1;-23.47469314;-46.56112919;SPRF-SP;DEL03-SP;UOP01-DEL03-SP;88.0;-23.47469314;-46.56112919;2023-03-14;2023;3;2023-03;0;Madrugada;0;0;1;1
510424;2023-03-14;terca-feira;07:40:00;SP;116.0;223;GUARULHOS;Manobra de mudança de faixa;Colisão lateral mesmo sentido;Com Vítimas Feridas;Pleno dia;Crescente;Nublado;Múltipla;Reta;Sim;2;0;1;0;1;0;1;2;-23.478758;-46.53042481;SPRF-SP;DEL01-SP;UOP01-DEL01-SP;223.0;-23.478758;-46.53042481;2023-03-14;2023;3;2023-03;7;Manha;0;0;1;1
510558;2023-03-14;terca-feira;19:30:00;SP;116.0;214;GUARULHOS;Ausência de reação do condutor;Colisão traseira;Com Vítimas Feridas;Plena Noite;Decrescente;Chuva;Múltipla;Reta;Sim;2;0;1;0;1;0;1;2;-23.44333014;-46.44531294;SPRF-SP;DEL01-SP;UOP01-DEL01-SP;214.0;-23.44333014;-46.44531294;2023-03-14;2023;3;2023-03;19;Noite;0;0;1;1
510409;2023-03-14;terca-feira;04:00:00;SP;116.0;107;TAUBATE;Ausência de reação do condutor;Colisão traseira;Com Vítimas Feridas;Plena Noite;Decrescente;Céu Claro;Dupla;Reta;Não;2;0;0;1;1;0;1;2;-23.01791287;-45.53009409;SPRF-SP;DEL02-SP;UOP02-DEL02-SP;107.0;-23.01791287;-45.53009409;2023-03-14;2023;3;2023-03;4;Madrugada;0;1;3;1
513859;2023-03-14;terca-feira;12:15:00;SP;101.0;48;UBATUBA;Reação tardia ou ineficiente do condutor;Colisão traseira;Com Vítimas Feridas;Pleno dia;Decrescente;Nublado;Simples;Reta;Sim;2;0;1;0;1;0;1;2;-23.43696329;-45.08768768;SPRF-SP;DEL06-SP;UOP01-DEL06-SP;48.0;-23.43696329;-45.08768768;2023-03-14;2023;3;2023-03;12;Tarde;0;0;1;1
510606;2023-03-15;quarta-feira;04:45:00;SP;116.0;509;CAJATI;Ausência de reação do condutor;Tombamento;Com Vítimas Feridas;Amanhecer;Decrescente;Céu Claro;Dupla;Curva;Não;1;0;0;1;0;0;1;1;-24.82178987;-48.21419034;SPRF-SP;DEL05-SP;UOP02-DEL05-SP;509.0;-24.82178987;-48.21419034;2023-03-15;2023;3;2023-03;4;Madrugada;0;1;3;2
510762;2023-03-15;quarta-feira;09:15:00;SP;116.0;515;CAJATI;Ausência de reação do condutor;Saída de leito carroçável;Com Vítimas Feridas;Pleno dia;Decrescente;Sol;Simples;Não Informado;Não;1;0;1;0;0;0;1;1;-24.86698;-48.210865;SPRF-SP;DEL05-SP;UOP02-DEL05-SP;515.0;-24.86698;-48.210865;2023-03-15;2023;3;2023-03;9;Manha;0;0;1;2
510593;2023-03-15;quarta-feira;01:05:00;SP;116.0;223;GUARULHOS;Transitar na contramão;Colisão frontal;Com Vítimas Feridas;Plena Noite;Decrescente;Céu Claro;Múltipla;Reta;Sim;2;0;1;0;1;0;1;2;-23.47559815;-46.5246609;SPRF-SP;DEL01-SP;UOP01-DEL01-SP;223.0;-23.47559815;-46.5246609;2023-03-15;2023;3;2023-03;1;Madrugada;0;0;1;2
510708;2023-03-15;quarta-feira;16:40:00;SP;116.0;220;GUARULHOS;Ultrapassagem Indevida;Colisão lateral mesmo sentido;Com Vítimas Feridas;Pleno dia;Decrescente;Céu Claro;Múltipla;Reta;Sim;2;0;1;0;1;0;1;2;-23.46472809;-46.49793962;SPRF-SP;DEL01-SP;UOP01-DEL01-SP;220.0;-23.46472809;-46.49793962;2023-03-15;2023;3;2023-03;16;Tarde;0;0;1;2
510727;2023-03-15;quarta-feira;18:30:00;SP;116.0;215;GUARULHOS;Reação tardia ou ineficiente do condutor;Colisão traseira;Com Vítimas Feridas;Anoitecer;Crescente;Céu Claro;Dupla;Reta;Sim;2;0;2;0;0;0;2;2;-23.44695693;-46.45394103;SPRF-SP;DEL01-SP;UOP01-DEL01-SP;215.0;-23.44695693;-46.45394103;2023-03-15;2023;3;2023-03;18;Noite;0;0;2;2
510747;2023-03-15;quarta-feira;19:55:00;SP;116.0;219;GUARULHOS;Condutor deixou de manter distância do veículo da frente;Colisão traseira;Com Vítimas Feridas;Plena Noite;Decrescente;Céu Claro;Múltipla;Reta;Sim;2;0;0;1;1;0;1;2;-23.46143954;-46.48885316;SPRF-SP;DEL01-SP;UOP01-DEL01-SP;219.0;-23.46143954;-46.48885316;2023-03-15;2023;3;2023-03;19;Noite;0;1;3;2
510659;2023-03-15;quarta-feira;10:40:00;SP;116.0;367;MIRACATU;Problema na suspensão;Tombamento;Com Vítimas Feridas;Pleno dia;Crescente;Céu Claro;Dupla;Reta;Não;1;0;1;0;0;0;1;1;-24.14628882;-47.29333804;SPRF-SP;DEL04-SP;UOP02-DEL04-SP;367.0;-24.14628882;-47.29333804;2023-03-15;2023;3;2023-03;10;Manha;0;0;1;2
510697;2023-03-15;quarta-feira;15:00:00;SP;116.0;356;MIRACATU;Demais falhas mecânicas ou elétricas;Incêndio;Sem Vítimas;Pleno dia;Decrescente;Céu Claro;Dupla;Reta;Não;1;0;0;0;1;0;0;1;-24.09010299;-47.25681582;SPRF-SP;DEL04-SP;UOP03-DEL04-SP;356.0;-24.09010299;-47.25681582;2023-03-15;2023;3;2023-03;15;Tarde;0;0;0;2
510621;2023-03-15;quarta-feira;07:10:00;SP;116.0;2.2;QUELUZ;Ausência de reação do condutor;Colisão traseira;Com Vítimas Feridas;Amanhecer;Decrescente;Garoa/Chuvisco;Dupla;Curva;Não;2;0;1;0;1;0;1;2;-22.52224482;-44.7168661;SPRF-SP;DEL08-SP;UOP02-DEL08-SP;2.2;-22.52224482;-44.7168661;2023-03-15;2023;3;2023-03;7;Manha;0;0;1;2
510614;2023-03-15;quarta-feira;06:15:00;SP;116.0;147;SAO JOSE DOS CAMPOS;Acessar a via sem observar a presença dos outros veículos;Colisão transversal;Com Vítimas Feridas;Pleno dia;Decrescente;Sol;Dupla;Reta;Não;2;0;1;0;1;0;1;2;-23.19542994;-45.87176303;SPRF-SP;DEL02-SP;UOP01-DEL02-SP;147.0;-23.19542994;-45.87176303;2023-03-15;2023;3;2023-03;6;Manha;0;0;1;2
510780;2023-03-15;quarta-feira;22:45:00;SP;381.0;86;SAO PAULO;Ausência de reação do condutor;Colisão traseira;Com Vítimas Feridas;Plena Noite;Crescente;Céu Claro;Múltipla;Curva;Sim;2;0;2;0;0;0;2;2;-23.45930499;-46.57161179;SPRF-SP;DEL03-SP;UOP01-DEL03-SP;86.0;-23.45930499;-46.57161179;2023-03-15;2023;3;2023-03;22;Noite;0;0;2;2
510916;2023-03-16;quinta-feira;16:00:00;SP;381.0;52;ATIBAIA;Ausência de reação do condutor;Colisão transversal;Com Vítimas Feridas;Pleno dia;Decrescente;Céu Claro;Dupla;Não Informado;Não;2;0;2;0;0;0;2;2;-23.2300622;-46.59963076;SPRF-SP;DEL03-SP;UOP01-DEL03-SP;52.0;-23.2300622;-46.59963076;2023-03-16;2023;3;2023-03;16;Tarde;0;0;2;3
511018;2023-03-16;quinta-feira;23:50:00;SP;116.0;512;CAJATI;Reação tardia ou ineficiente do condutor;Colisão com objeto;Com Vítimas Fatais;Plena Noite;Decrescente;Céu Claro;Simples;Não Informado;Não;52;3;35;9;1;4;44;1;-24.84613698;-48.21388721;SPRF-SP;DEL05-SP;UOP02-DEL05-SP;512.0;-24.84613698;-48.21388721;2023-03-16;2023;3;2023-03;23;Noite;1;1;77;3
510857;2023-03-16;quinta-feira;11:30:00;SP;116.0;224;GUARULHOS;Reação tardia ou ineficiente do condutor;Tombamento;Com Vítimas Feridas;Pleno dia;Crescente;Céu Claro;Dupla;Reta;Sim;2;0;1;0;1;0;1;2;-23.48071896;-46.53271603;SPRF-SP;DEL01-SP;UOP01-DEL01-SP;224.0;-23.48071896;-46.53271603;2023-03-16;2023;3;2023-03;11;Manha;0;0;1;3
510966;2023-03-16;quinta-feira;23:20:00;SP;116.0;212;GUARULHOS;Velocidade Incompatível;Colisão traseira;Com Vítimas Feridas;Plena Noite;Decrescente;Céu Claro;Dupla;Reta;Sim;3;0;1;0;1;1;1;2;-23.43608315;-46.42805094;SPRF-SP;DEL01-SP;UOP01-DEL01-SP;212.0;-23.43608315;-46.42805094;2023-03-16;2023;3;2023-03;23;Noite;0;0;1;3
510899;2023-03-16;quinta-feira;13:00:00;SP;116.0;290;ITAPECERICA DA SERRA;Pedestre andava na pista;Atropelamento de Pedestre;Com Vítimas Feridas;Pleno dia;Decrescente;Céu Claro;Dupla;Reta;Não;2;0;1;0;1;0;1;1;-23.7303281;-46.89425963;SPRF-SP;DEL04-SP;UOP01-DEL04-SP;290.0;-23.7303281;-46.89425963;2023-03-16;2023;3;2023-03;13;Tarde;0;0;1;3
510922;2023-03-16;quinta-feira;17:35:00;SP;116.0;287;ITAPECERICA DA SERRA;Trafegar com motocicleta (ou similar) entre as faixas;Colisão lateral mesmo sentido;Com Vítimas Feridas;Pleno dia;Decrescente;Céu Claro;Dupla;Reta;Sim;3;0;0;1;1;1;1;2;-23.71441779;-46.87929634;SPRF-SP;DEL04-SP;UOP01-DEL04-SP;287.0;-23.71441779;-46.87929634;2023-03-16;2023;3;2023-03;17;Tarde;0;1;3;3
510828;2023-03-16;quinta-feira;07:50:00;SP;116.0;95.4;PINDAMONHANGABA;Ausência de reação do condutor;Colisão traseira;Com Vítimas Feridas;Pleno dia;Crescente;Céu Claro;Dupla;Reta;Não;8;0;6;0;2;0;6;3;-22.96514512;-45.43013094;SPRF-SP;DEL08-SP;UOP01-DEL08-SP;95.4;-22.96514512;-45.43013094;2023-03-16;2023;3;2023-03;7;Manha;0;0;6;3
510935;2023-03-16;quinta-feira;18:00:00;SP;116.0;91.9;PINDAMONHANGABA;Manobra de mudança de faixa;Colisão lateral mesmo sentido;Com Vítimas Feridas;Anoitecer;Crescente;Nublado;Dupla;Reta;Não;3;0;1;0;2;0;1;3;-22.94792286;-45.39587407;SPRF-SP;DEL08-SP;UOP01-DEL08-SP;91.9;-22.94792286;-45.39587407;2023-03-16;2023;3;2023-03;18;Noite;0;0;1;3
510975;2023-03-16;quinta-feira;22:30:00;SP;116.0;79.9;ROSEIRA;Ausência de reação do condutor;Colisão lateral mesmo sentido;Com Vítimas Feridas;Plena Noite;Crescente;Céu Claro;Dupla;Reta;Não;3;0;1;1;1;0;2;3;-22.89420903;-45.29471098;SPRF-SP;DEL08-SP;UOP01-DEL08-SP;79.9;-22.89420903;-45.29471098;2023-03-16;2023;3;2023-03;22;Noite;0;1;4;3
510813;2023-03-16;quinta-feira;07:40:00;SP;116.0;152;SAO JOSE DOS CAMPOS;Mal súbito do condutor;Colisão traseira;Com Vítimas Feridas;Pleno dia;Decrescente;Céu Claro;Dupla;Desvio Temporário;Sim;3;0;1;0;2;0;1;3;-23.22620401;-45.90682999;SPRF-SP;DEL02-SP;UOP01-DEL02-SP;152.0;-23.22620401;-45.90682999;2023-03-16;2023;3;2023-03;7;Manha;0;0;1;3
510881;2023-03-16;quinta-feira;13:00:00;SP;116.0;228;SAO PAULO;Ausência de reação do condutor;Colisão lateral mesmo sentido;Com Vítimas Feridas;Pleno dia;Crescente;Céu Claro;Múltipla;Reta;Sim;2;0;1;0;1;0;1;2;-23.50343484;-46.56638712;SPRF-SP;DEL01-SP;UOP01-DEL01-SP;228.0;-23.50343484;-46.56638712;2023-03-16;2023;3;2023-03;13;Tarde;0;0;1;3
510930;2023-03-16;quinta-feira;18:40:00;SP;116.0;229;SAO PAULO;Demais falhas mecânicas ou elétricas;Incêndio;Sem Vítimas;Plena Noite;Decrescente;Céu Claro;Múltipla;Reta;Não;2;0;0;0;2;0;0;1;-23.51291902;-46.57604698;SPRF-SP;DEL01-SP;UOP01-DEL01-SP;229.0;-23.51291902;-46.57604698;2023-03-16;2023;3;2023-03;18;Noite;0;0;0;3
511082;2023-03-17;sexta-feira;14:00:00;SP;381.0;53;ATIBAIA;Ausência de reação do condutor;Colisão traseira;Com Vítimas Feridas;Pleno dia;Decrescente;Céu Claro;Dupla;Reta;Não;2;0;0;1;1;0;1;2;-23.23727986;-46.59981085;SPRF-SP;DEL03-SP;UOP01-DEL03-SP;53.0;-23.23727986;-46.59981085;2023-03-17;2023;3;2023-03;14;Tarde;0;1;3;4
511113;2023-03-17;sexta-feira;16:50:00;SP;381.0;39.2;ATIBAIA;Reação tardia ou ineficiente do condutor;Colisão traseira;Com Vítimas Feridas;Pleno dia;Decrescente;Sol;Dupla;Não Informado;Sim;2;0;1;0;1;0;1;1;-23.1133221;-46.57174974;SPRF-SP;DEL03-SP;UOP01-DEL03-SP;39.2;-23.1133221;-46.57174974;2023-03-17;2023;3;2023-03;16;Tarde;0;0;1;4
511041;2023-03-17;sexta-feira;08:20:00;SP;116.0;527;BARRA DO TURVO;Reação tardia ou ineficiente do condutor;Colisão traseira;Com Vítimas Feridas;Pleno dia;Crescente;Nublado;Dupla;Reta;Não;2;0;0;1;1;0;1;2;-24.93316099;-48.283076;SPRF-SP;DEL05-SP;UOP02-DEL05-SP;527.0;-24.93316099;-48.283076;2023-03-17;2023;3;2023-03;8;Manha;0;1;3;4
510983;2023-03-17;sexta-feira;01:00:00;SP;116.0;16.5;LAVRINHAS;Entrada inopinada do pedestre;Atropelamento de Pedestre;Com Vítimas Fatais;Plena Noite;Crescente;Céu Claro;Dupla;Curva;Não;2;1;0;0;1;0;0;1;-22.55822433;-44.83795788;SPRF-SP;DEL08-SP;UOP02-DEL08-SP;16.5;-22.55822433;-44.83795788;2023-03-17;2023;3;2023-03;1;Madrugada;1;1;5;4
518216;2023-03-17;sexta-feira;07:00:00;SP;116.0;102.3;PINDAMONHANGABA;Ausência de reação do condutor;Colisão lateral mesmo sentido;Com Vítimas Feridas;Pleno dia;Decrescente;Céu Claro;Dupla;Reta;Não;3;0;1;0;1;1;1;3;-22.99497994;-45.48951403;SPRF-SP;DEL08-SP;UOP01-DEL08-SP;102.3;-22.99497994;-45.48951403;2023-03-17;2023;3;2023-03;7;Manha;0;0;1;4
511008;2023-03-17;sexta-feira;07:15:00;SP;153.0;74.5;SAO JOSE DO RIO PRETO;Condutor deixou de manter distância do veículo da frente;Engavetamento;Com Vítimas Feridas;Pleno dia;Decrescente;Chuva;Dupla;Não Informado;Sim;12;0;3;0;9;0;3;7;-20.88538598;-49.42676402;SPRF-SP;DEL09-SP;UOP01-DEL09-SP;74.5;-20.88538598;-49.42676402;2023-03-17;2023;3;2023-03;7;Manha;0;0;3;4
511065;2023-03-17;sexta-feira;12:45:00;SP;153.0;67.3;SAO JOSE DO RIO PRETO;Pista esburacada;Tombamento;Com Vítimas Feridas;Pleno dia;Crescente;Nublado;Dupla;Reta;Sim;1;0;1;0;0;0;1;1;-20.84853593;-49.37585608;SPRF-SP;DEL09-SP;UOP01-DEL09-SP;67.3;-20.84853593;-49.37585608;2023-03-17;2023;3;2023-03;12;Tarde;0;0;1;4
511105;2023-03-17;sexta-feira;16:00:00;SP;153.0;62.5;SAO JOSE DO RIO PRETO;Condutor deixou de manter distância do veículo da frente;Colisão traseira;Sem Vítimas;Pleno dia;Crescente;Céu Claro;Dupla;Reta;Sim;2;0;0;0;2;0;0;2;-20.81325404;-49.35675563;SPRF-SP;DEL09-SP;UOP01-DEL09-SP;62.5;-20.81325404;-49.35675563;2023-03-17;2023;3;2023-03;16;Tarde;0;0;0;4
511159;2023-03-17;sexta-feira;18:40:00;SP;101.0;51.3;UBATUBA;Reação tardia ou ineficiente do condutor;Colisão traseira;Sem Vítimas;Plena Noite;Decrescente;Nublado;Simples;Reta;Sim;2;0;0;0;1;1;0;2;-23.45627795;-45.07111896;SPRF-SP;DEL06-SP;UOP01-DEL06-SP;51.3;-23.45627795;-45.07111896;2023-03-17;2023;3;2023-03;18;Noite;0;0;0;4
511276;2023-03-18;sabado;10:43:00;SP;116.0;202;ARUJA;Reação tardia ou ineficiente do condutor;Colisão com objeto;Com Vítimas Feridas;Pleno dia;Decrescente;Céu Claro;Múltipla;Reta;Sim;1;0;0;1;0;0;1;1;-23.40809408;-46.33859597;SPRF-SP;DEL01-SP;UOP01-DEL01-SP;202.0;-23.40809408;-46.33859597;2023-03-18;2023;3;2023-03;10;Manha;0;1;3;5
511220;2023-03-18;sabado;03:00:00;SP;381.0;25;BRAGANCA PAULISTA;Ausência de reação do condutor;Tombamento;Com Vítimas Feridas;Plena Noite;Crescente;Céu Claro;Dupla;Reta;Não;2;0;2;0;0;0;2;1;-23.02018004;-46.52966596;SPRF-SP;DEL03-SP;UOP02-DEL03-SP;25.0;-23.02018004;-46.52966596;2023-03-18;2023;3;2023-03;3;Madrugada;0;0;2;5
511378;2023-03-18;sabado;19:15:00;SP;116.0;120.9;CACAPAVA;Demais falhas mecânicas ou elétricas;Tombamento;Com Vítimas Feridas;Plena Noite;Crescente;Céu Claro;Dupla;Reta;Não;1;0;1;0;0;0;1;1;-23.0715638;-45.64459209;SPRF-SP;DEL02-SP;UOP02-DEL02-SP;120.9;-23.0715638;-45.64459209;2023-03-18;2023;3;2023-03;19;Noite;0;0;1;5
511252;2023-03-18;sabado;05:00:00;SP;116.0;176;GUARAREMA;Ausência de reação do condutor;Colisão com objeto;Sem Vítimas;Pleno dia;Decrescente;Céu Claro;Dupla;Reta;Não;1;0;0;0;0;1;0;1;-23.32188281;-46.110083;SPRF-SP;DEL01-SP;UOP01-DEL01-SP;176.0;-23.32188281;-46.110083;2023-03-18;2023;3;2023-03;5;Madrugada;0;0;0;5
511261;2023-03-18;sabado;09:30:00;SP;116.0;175.5;GUARAREMA;Velocidade Incompatível;Saída de leito carroçável;Com Vítimas Feridas;Pleno dia;Crescente;Céu Claro;Dupla;Reta;Sim;1;0;1;0;0;0;1;1;-23.32173972;-46.100353;SPRF-SP;DEL01-SP;UOP01-DEL01-SP;175.5;-23.32173972;-46.100353;2023-03-18;2023;3;2023-03;9;Manha;0;0;1;5
511260;2023-03-18;sabado;08:45:00;SP;116.0;225;GUARULHOS;Trafegar com motocicleta (ou similar) entre as faixas;Colisão lateral mesmo sentido;Com Vítimas Feridas;Pleno dia;Crescente;Sol;Múltipla;Reta;Sim;3;0;0;1;2;0;1;3;-23.48586772;-46.54075317;SPRF-SP;DEL01-SP;UOP01-DEL01-SP;225.0;-23.48586772;-46.54075317;2023-03-18;2023;3;2023-03;8;Manha;0;1;3;5
511264;2023-03-18;sabado;10:00:00;SP;116.0;210;GUARULHOS;Acessar a via sem observar a presença dos outros veículos;Colisão lateral mesmo sentido;Com Vítimas Feridas;Pleno dia;Decrescente;Céu Claro;Dupla;Reta;Não;3;0;2;0;1;0;2;2;-23.42870023;-46.41085991;SPRF-SP;DEL01-SP;UOP01-DEL01-SP;210.0;-23.42870023;-46.41085991;2023-03-18;2023;3;2023-03;10;Manha;0;0;2;5
511371;2023-03-18;sabado;18:30:00;SP;116.0;211;GUARULHOS;Demais falhas na via;Eventos atípicos;Com Vítimas Feridas;Plena Noite;Decrescente;Ignorado;Múltipla;Não Informado;Sim;1;0;0;1;0;0;1;1;-23.4324306;-46.4194352;SPRF-SP;DEL01-SP;UOP01-DEL01-SP;211.0;-23.4324306;-46.4194352;2023-03-18;2023;3;2023-03;18;Noite;0;1;3;5
511280;2023-03-18;sabado;10:15:00;SP;116.0;25.4;LAVRINHAS;Reação tardia ou ineficiente do condutor;Colisão traseira;Com Vítimas Feridas;Pleno dia;Decrescente;Céu Claro;Múltipla;Não Informado;Não;2;0;1;0;1;0;1;2;-22.60739487;-44.89644527;SPRF-SP;DEL08-SP;UOP02-DEL08-SP;25.4;-22.60739487;-44.89644527;2023-03-18;2023;3;2023-03;10;Manha;0;0;1;5
511385;2023-03-18;sabado;20:00:00;SP;381.0;54.9;MAIRIPORA;Ausência de reação do condutor;Colisão com objeto;Sem Vítimas;Plena Noite;Crescente;Céu Claro;Múltipla;Curva;Não;1;0;0;0;1;0;0;1;-23.2449074;-46.59562343;SPRF-SP;DEL03-SP;UOP01-DEL03-SP;54.9;-23.2449074;-46.59562343;2023-03-18;2023;3;2023-03;20;Noite;0;0;0;5
511294;2023-03-18;sabado;12:00:00;SP;153.0;21.5;NOVA GRANADA;Velocidade Incompatível;Tombamento;Com Vítimas Feridas;Pleno dia;Decrescente;Nublado;Simples;Não Informado;Não;1;0;1;0;0;0;1;1;-20.46867812;-49.29242875;SPRF-SP;DEL09-SP;UOP01-DEL09-SP;21.5;-20.46867812;-49.29242875;2023-03-18;2023;3;2023-03;12;Tarde;0;0;1;5
511249;2023-03-18;sabado;07:20:00;SP;116.0;427;REGISTRO;Manobra de mudança de faixa;Colisão lateral mesmo sentido;Com Vítimas Feridas;Pleno dia;Crescente;Céu Claro;Múltipla;Não Informado;Não;5;0;4;0;1;0;4;2;-24.39235791;-47.72343119;SPRF-SP;DEL05-SP;UOP01-DEL05-SP;427.0;-24.39235791;-47.72343119;2023-03-18;2023;3;2023-03;7;Manha;0;0;4;5
511406;2023-03-18;sabado;23:30:00;SP;116.0;193;SANTA ISABEL;Ingestão de álcool ou de substâncias psicoativas pelo pedestre;Queda de ocupante de veículo;Com Vítimas Feridas;Plena Noite;Decrescente;Céu Claro;Múltipla;Não Informado;Sim;2;0;1;0;1;0;1;1;-23.380407;-46.258509;SPRF-SP;DEL01-SP;UOP01-DEL01-SP;193.0;-23.380407;-46.258509;2023-03-18;2023;3;2023-03;23;Noite;0;0;1;5
511310;2023-03-18;sabado;13:30:00;SP;116.0;144;SAO JOSE DOS CAMPOS;Demais falhas mecânicas ou elétricas;Tombamento;Com Vítimas Feridas;Pleno dia;Crescente;Céu Claro;Dupla;Reta;Sim;2;0;2;0;0;0;2;1;-23.18274416;-45.84633592;SPRF-SP;DEL02-SP;UOP01-DEL02-SP;144.0;-23.18274416;-45.84633592;2023-03-18;2023;3;2023-03;13;Tarde;0;0;2;5
511361;2023-03-18;sabado;18:40:00;SP;116.0;147.5;SAO JOSE DOS CAMPOS;Avarias e/ou desgaste excessivo no pneu;Capotamento;Sem Vítimas;Plena Noite;Crescente;Céu Claro;Múltipla;Reta;Sim;1;0;0;0;0;1;0;1;-23.19542994;-45.87176303;SPRF-SP;DEL02-SP;UOP01-DEL02-SP;147.5;-23.19542994;-45.87176303;2023-03-18;2023;3;2023-03;18;Noite;0;0;0;5
511209;2023-03-18;sabado;01:30:00;SP;381.0;76.5;SAO PAULO;Reação tardia ou ineficiente do condutor;Tombamento;Com Vítimas Feridas;Plena Noite;Crescente;Céu Claro;Dupla;Não Informado;Não;1;0;1;0;0;0;1;1;-23.38372401;-46.56502116;SPRF-SP;DEL03-SP;UOP01-DEL03-SP;76.5;-23.38372401;-46.56502116;2023-03-18;2023;3;2023-03;1;Madrugada;0;0;1;5
511235;2023-03-18;sabado;06:40:00;SP;116.0;227;SAO PAULO;Reação tardia ou ineficiente do condutor;Queda de ocupante de veículo;Com Vítimas Feridas;Pleno dia;Crescente;Céu Claro;Múltipla;Não Informado;Sim;2;0;1;0;0;1;1;2;-23.49938021;-46.56168938;SPRF-SP;DEL01-SP;UOP01-DEL01-SP;227.0;-23.49938021;-46.56168938;2023-03-18;2023;3;2023-03;6;Manha;0;0;1;5
511281;2023-03-18;sabado;08:40:00;SP;116.0;275;TABOAO DA SERRA;Ausência de reação do condutor;Tombamento;Com Vítimas Feridas;Pleno dia;Crescente;Céu Claro;Dupla;Reta;Sim;1;0;1;0;0;0;1;1;-23.63638826;-46.83251584;SPRF-SP;DEL04-SP;UOP01-DEL04-SP;275.0;-23.63638826;-46.83251584;2023-03-18;2023;3;2023-03;8;Manha;0;0;1;5
511388;2023-03-18;sabado;21:00:00;SP;101.0;51.9;UBATUBA;Entrada inopinada do pedestre;Atropelamento de Pedestre;Com Vítimas Feridas;Plena Noite;Crescente;Nublado;Simples;Reta;Sim;2;0;1;1;0;0;2;1;-23.46230152;-45.06499529;SPRF-SP;DEL06-SP;UOP01-DEL06-SP;51.9;-23.46230152;-45.06499529;2023-03-18;2023;3;2023-03;21;Noite;0;1;4;5
511603;2023-03-19;domingo;18:30:00;SP;381.0;35;ATIBAIA;Demais Fenômenos da natureza;Eventos atípicos;Com Vítimas Feridas;Plena Noite;Crescente;Chuva;Múltipla;Reta;Não;2;0;1;0;1;0;1;1;-23.088586;-46.571798;SPRF-SP;DEL03-SP;UOP02-DEL03-SP;35.0;-23.088586;-46.571798;2023-03-19;2023;3;2023-03;18;Noite;0;0;1;6
514880;2023-03-19;domingo;18:08:00;SP;116.0;527;BARRA DO TURVO;Trafegar com motocicleta (ou similar) entre as faixas;Queda de ocupante de veículo;Com Vítimas Feridas;Pleno dia;Decrescente;Céu Claro;Dupla;Reta;Não;3;0;1;0;2;0;1;3;-24.93316099;-48.283076;SPRF-SP;DEL05-SP;UOP02-DEL05-SP;527.0;-24.93316099;-48.283076;2023-03-19;2023;3;2023-03;18;Noite;0;0;1;6
511550;2023-03-19;domingo;15:35:00;SP;116.0;517;CAJATI;Reação tardia ou ineficiente do condutor;Capotamento;Com Vítimas Feridas;Pleno dia;Decrescente;Céu Claro;Simples;Curva;Não;4;0;4;0;0;0;4;1;-24.8768469;-48.22732309;SPRF-SP;DEL05-SP;UOP02-DEL05-SP;517.0;-24.8768469;-48.22732309;2023-03-19;2023;3;2023-03;15;Tarde;0;0;4;6
511566;2023-03-19;domingo;16:10:00;SP;116.0;517;CAJATI;Reação tardia ou ineficiente do condutor;Colisão traseira;Sem Vítimas;Pleno dia;Decrescente;Céu Claro;Dupla;Curva;Não;3;0;0;0;3;0;0;2;-24.8768469;-48.22732309;SPRF-SP;DEL05-SP;UOP02-DEL05-SP;517.0;-24.8768469;-48.22732309;2023-03-19;2023;3;2023-03;16;Tarde;0;0;0;6
511549;2023-03-19;domingo;15:50:00;SP;116.0;65;GUARATINGUETA;Reação tardia ou ineficiente do condutor;Tombamento;Com Vítimas Feridas;Pleno dia;Crescente;Céu Claro;Dupla;Curva;Não;1;0;1;0;0;0;1;1;-22.823273;-45.192806;SPRF-SP;DEL08-SP;UOP01-DEL08-SP;65.0;-22.823273;-45.192806;2023-03-19;2023;3;2023-03;15;Tarde;0;0;1;6
517148;2023-03-19;domingo;11:30:00;SP;116.0;219;GUARULHOS;Condutor Dormindo;Colisão com objeto;Sem Vítimas;Pleno dia;Crescente;Nublado;Dupla;Reta;Não;1;0;0;0;1;0;0;1;-23.46143954;-46.48885316;SPRF-SP;DEL01-SP;UOP01-DEL01-SP;219.0;-23.46143954;-46.48885316;2023-03-19;2023;3;2023-03;11;Manha;0;0;0;6
511473;2023-03-19;domingo;05:45:00;SP;116.0;463.3;PARIQUERA-ACU;Condutor Dormindo;Saída de leito carroçável;Com Vítimas Feridas;Pleno dia;Crescente;Nevoeiro/Neblina;Dupla;Reta;Não;1;0;0;1;0;0;1;1;-24.62904309;-47.90227592;SPRF-SP;DEL05-SP;UOP01-DEL05-SP;463.3;-24.62904309;-47.90227592;2023-03-19;2023;3;2023-03;5;Madrugada;0;1;3;6
511527;2023-03-19;domingo;14:10:00;SP;116.0;187;SANTA ISABEL;Ausência de reação do condutor;Queda de ocupante de veículo;Com Vítimas Feridas;Pleno dia;Crescente;Céu Claro;Simples;Reta;Não;2;0;2;0;0;0;2;2;-23.35176424;-46.18966001;SPRF-SP;DEL01-SP;UOP01-DEL01-SP;187.0;-23.35176424;-46.18966001;2023-03-19;2023;3;2023-03;14;Tarde;0;0;2;6
511529;2023-03-19;domingo;13:30:00;SP;116.0;143;SAO JOSE DOS CAMPOS;Demais falhas mecânicas ou elétricas;Queda de ocupante de veículo;Com Vítimas Feridas;Pleno dia;Decrescente;Céu Claro;Dupla;Reta;Sim;2;0;2;0;0;0;2;1;-23.17849879;-45.83787411;SPRF-SP;DEL02-SP;UOP01-DEL02-SP;143.0;-23.17849879;-45.83787411;2023-03-19;2023;3;2023-03;13;Tarde;0;0;2;6
511509;2023-03-19;domingo;12:05:00;SP;116.0;230.5;SAO PAULO;Manobra de mudança de faixa;Colisão traseira;Com Vítimas Feridas;Pleno dia;Crescente;Céu Claro;Múltipla;Reta;Sim;2;0;0;1;1;0;1;2;-23.52251783;-46.5855702;SPRF-SP;DEL01-SP;UOP01-DEL01-SP;230.5;-23.52251783;-46.5855702;2023-03-19;2023;3;2023-03;12;Tarde;0;1;3;6
511518;2023-03-19;domingo;13:00:00;SP;381.0;83;SAO PAULO;Reação tardia ou ineficiente do condutor;Colisão traseira;Com Vítimas Feridas;Pleno dia;Crescente;Céu Claro;Múltipla;Reta;Não;2;0;1;0;1;0;1;2;-23.4309671;-46.56998022;SPRF-SP;DEL03-SP;UOP01-DEL03-SP;83.0;-23.4309671;-46.56998022;2023-03-19;2023;3;2023-03;13;Tarde;0;0;1;6
511602;2023-03-19;domingo;19:40:00;SP;116.0;230;SAO PAULO;Ausência de reação do condutor;Colisão traseira;Com Vítimas Feridas;Plena Noite;Crescente;Nublado;Múltipla;Reta;Sim;6;0;1;0;5;0;1;2;-23.52251783;-46.5855702;SPRF-SP;DEL01-SP;UOP01-DEL01-SP;230.0;-23.52251783;-46.5855702;2023-03-19;2023;3;2023-03;19;Noite;0;0;1;6
511638;2023-03-19;domingo;21:40:00;SP;381.0;85;SAO PAULO;Ausência de reação do condutor;Colisão com objeto;Com Vítimas Feridas;Plena Noite;Crescente;Céu Claro;Múltipla;Reta;Sim;1;0;1;0;0;0;1;1;-23.449343;-46.56983501;SPRF-SP;DEL03-SP;UOP01-DEL03-SP;85.0;-23.449343;-46.56983501;2023-03-19;2023;3;2023-03;21;Noite;0;0;1;6
511431;2023-03-19;domingo;00:15:00;SP;116.0;115;TAUBATE;Reação tardia ou ineficiente do condutor;Colisão com objeto;Com Vítimas Feridas;Plena Noite;Crescente;Céu Claro;Dupla;Reta;Não;1;0;1;0;0;0;1;1;-23.0496047;-45.59973712;SPRF-SP;DEL02-SP;UOP02-DEL02-SP;115.0;-23.0496047;-45.59973712;2023-03-19;2023;3;2023-03;0;Madrugada;0;0;1;6
511506;2023-03-19;domingo;10:30:00;SP;101.0;52;UBATUBA;Transitar na contramão;Colisão transversal;Com Vítimas Feridas;Pleno dia;Decrescente;Céu Claro;Simples;Rotatória;Não;2;0;1;0;1;0;1;2;-23.46332214;-45.06435692;SPRF-SP;DEL06-SP;UOP01-DEL06-SP;52.0;-23.46332214;-45.06435692;2023-03-19;2023;3;2023-03;10;Manha;0;0;1;6
511665;2023-03-20;segunda-feira;02:30:00;SP;381.0;26.3;ATIBAIA;Ausência de reação do condutor;Tombamento;Com Vítimas Fatais;Plena Noite;Crescente;Céu Claro;Múltipla;Não Informado;Não;1;1;0;0;0;0;0;1;-23.02679312;-46.53612988;SPRF-SP;DEL03-SP;UOP02-DEL03-SP;26.3;-23.02679312;-46.53612988;2023-03-20;2023;3;2023-03;2;Madrugada;1;1;5;0
511779;2023-03-20;segunda-feira;14:50:00;SP;381.0;51;ATIBAIA;Demais falhas mecânicas ou elétricas;Incêndio;Com Vítimas Feridas;Pleno dia;Crescente;Céu Claro;Dupla;Reta;Não;2;0;1;0;1;0;1;1;-23.221911;-46.59644;SPRF-SP;DEL03-SP;UOP01-DEL03-SP;51.0;-23.221911;-46.59644;2023-03-20;2023;3;2023-03;14;Tarde;0;0;1;0
511794;2023-03-20;segunda-feira;16:30:00;SP;381.0;48;ATIBAIA;Demais falhas mecânicas ou elétricas;Incêndio;Sem Vítimas;Pleno dia;Crescente;Céu Claro;Dupla;Reta;Sim;2;0;0;0;2;0;0;1;-23.19720018;-46.58736556;SPRF-SP;DEL03-SP;UOP01-DEL03-SP;48.0;-23.19720018;-46.58736556;2023-03-20;2023;3;2023-03;16;Tarde;0;0;0;0
511814;2023-03-20;segunda-feira;17:30:00;SP;116.0;47.2;CANAS;Ausência de reação do condutor;Colisão com objeto;Sem Vítimas;Anoitecer;Crescente;Céu Claro;Dupla;Reta;Não;2;0;0;0;2;0;0;1;-22.71855691;-45.05990982;SPRF-SP;DEL08-SP;UOP02-DEL08-SP;47.2;-22.71855691;-45.05990982;2023-03-20;2023;3;2023-03;17;Tarde;0;0;0;0
511675;2023-03-20;segunda-feira;05:30:00;SP;116.0;214;GUARULHOS;Ausência de reação do condutor;Colisão traseira;Com Vítimas Feridas;Amanhecer;Crescente;Céu Claro;Dupla;Reta;Sim;2;0;1;0;1;0;1;2;-23.44333014;-46.44531294;SPRF-SP;DEL01-SP;UOP01-DEL01-SP;214.0;-23.44333014;-46.44531294;2023-03-20;2023;3;2023-03;5;Madrugada;0;0;1;0
511755;2023-03-20;segunda-feira;01:40:00;SP;116.0;213;GUARULHOS;Acessar a via sem observar a presença dos outros veículos;Atropelamento de Pedestre;Com Vítimas Feridas;Pleno dia;Crescente;Céu Claro;Dupla;Reta;Sim;3;0;1;0;1;1;1;1;-23.43971486;-46.43667806;SPRF-SP;DEL01-SP;UOP01-DEL01-SP;213.0;-23.43971486;-46.43667806;2023-03-20;2023;3;2023-03;1;Madrugada;0;0;1;0
511759;2023-03-20;segunda-feira;10:20:00;SP;;;GUARULHOS;Transitar na contramão;Colisão traseira;Sem Vítimas;Pleno dia;Não Informado;Sol;Simples;Reta;Sim;2;0;0;0;2;0;0;2;-23.48553058;-46.55448496;SPRF-SP;DEL01-SP;UOP01-DEL01-SP;;-23.48553058;-46.55448496;2023-03-20;2023;3;2023-03;10;Manha;0;0;0;0
511768;2023-03-20;segunda-feira;14:52:00;SP;116.0;215;GUARULHOS;Demais falhas mecânicas ou elétricas;Colisão lateral mesmo sentido;Com Vítimas Feridas;Pleno dia;Decrescente;Céu Claro;Múltipla;Não Informado;Sim;2;0;1;0;1;0;1;2;-23.44695693;-46.45394103;SPRF-SP;DEL01-SP;UOP01-DEL01-SP;215.0;-23.44695693;-46.45394103;2023-03-20;2023;3;2023-03;14;Tarde;0;0;1;0
511849;2023-03-20;segunda-feira;20:46:00;SP;116.0;219;GUARULHOS;Ingestão de álcool pelo condutor;Queda de ocupante de veículo;Com Vítimas Feridas;Plena Noite;Decrescente;Nublado;Múltipla;Reta;Sim;1;0;1;0;0;0;1;1;-23.4614395364;-46.4888531633;SPRF-SP;DEL01-SP;UOP01-DEL01-SP;219.0;-23.4614395364;-46.4888531633;2023-03-20;2023;3;2023-03;20;Noite;0;0;1;0
511842;2023-03-20;segunda-feira;20:10:00;SP;116.0;161.8;JACAREI;Trafegar com motocicleta (ou similar) entre as faixas;Colisão lateral mesmo sentido;Com Vítimas Fatais;Plena Noite;Crescente;Chuva;Dupla;Reta;Sim;3;1;0;0;1;1;0;3;-23.27617003;-45.97592098;SPRF-SP;DEL02-SP;UOP01-DEL02-SP;161.8;-23.27617003;-45.97592098;2023-03-20;2023;3;2023-03;20;Noite;1;1;5;0
511816;2023-03-20;segunda-feira;15:50:00;SP;153.0;112.5;JOSE BONIFACIO;Velocidade Incompatível;Colisão com objeto;Com Vítimas Feridas;Pleno dia;Decrescente;Nublado;Simples;Não Informado;Não;1;0;0;1;0;0;1;1;-21.10480404;-49.68274492;SPRF-SP;DEL09-SP;UOP01-DEL09-SP;112.5;-21.10480404;-49.68274492;2023-03-20;2023;3;2023-03;15;Tarde;0;1;3;0
511868;2023-03-20;segunda-feira;22:00:00;SP;381.0;57;MAIRIPORA;Condutor deixou de manter distância do veículo da frente;Colisão traseira;Com Vítimas Feridas;Plena Noite;Crescente;Céu Claro;Dupla;Não Informado;Não;2;0;0;1;1;0;1;2;-23.2658219;-46.5839857;SPRF-SP;DEL03-SP;UOP01-DEL03-SP;57.0;-23.2658219;-46.5839857;2023-03-20;2023;3;2023-03;22;Noite;0;1;3;0
511716;2023-03-20;segunda-feira;08:40:00;SP;116.0;99.1;PINDAMONHANGABA;Avarias e/ou desgaste excessivo no pneu;Tombamento;Com Vítimas Feridas;Pleno dia;Decrescente;Céu Claro;Dupla;Reta;Não;2;0;2;0;0;0;2;1;-22.98211521;-45.46388023;SPRF-SP;DEL08-SP;UOP01-DEL08-SP;99.1;-22.98211521;-45.46388023;2023-03-20;2023;3;2023-03;8;Manha;0;0;2;0
511682;2023-03-20;segunda-feira;06:30:00;SP;153.0;61.9;SAO JOSE DO RIO PRETO;Trafegar com motocicleta (ou similar) entre as faixas;Colisão lateral mesmo sentido;Com Vítimas Feridas;Pleno dia;Crescente;Céu Claro;Dupla;Reta;Sim;3;0;1;0;2;0;1;3;-20.80502876;-49.35574909;SPRF-SP;DEL09-SP;UOP01-DEL09-SP;61.9;-20.80502876;-49.35574909;2023-03-20;2023;3;2023-03;6;Manha;0;0;1;0
511726;2023-03-20;segunda-feira;09:40:00;SP;116.0;140.3;SAO JOSE DOS CAMPOS;Fumaça;Incêndio;Com Vítimas Feridas;Pleno dia;Crescente;Céu Claro;Dupla;Reta;Não;1;0;1;0;0;0;1;1;-23.17004717;-45.82091491;SPRF-SP;DEL02-SP;UOP01-DEL02-SP;140.3;-23.17004717;-45.82091491;2023-03-20;2023;3;2023-03;9;Manha;0;0;1;0
511717;2023-03-20;segunda-feira;09:50:00;SP;153.0;116.1;UBARANA;Acumulo de areia ou detritos sobre o pavimento;Colisão com objeto;Com Vítimas Feridas;Pleno dia;Crescente;Chuva;Simples;Reta;Não;2;0;1;0;1;0;1;1;-21.1375408;-49.69894942;SPRF-SP;DEL09-SP;UOP01-DEL09-SP;116.1;-21.1375408;-49.69894942;2023-03-20;2023;3;2023-03;9;Manha;0;0;1;0
512013;2023-03-21;terca-feira;18:00:00;SP;116.0;223;GUARULHOS;Ausência de reação do condutor;Colisão traseira;Com Vítimas Feridas;Plena Noite;Decrescente;Nublado;Múltipla;Reta;Sim;2;0;1;0;1;0;1;2;-23.47559815;-46.5246609;SPRF-SP;DEL01-SP;UOP01-DEL01-SP;223.0;-23.47559815;-46.5246609;2023-03-21;2023;3;2023-03;18;Noite;0;0;1;1
521123;2023-03-21;terca-feira;11:00:00;SP;116.0;219;GUARULHOS;Reação tardia ou ineficiente do condutor;Colisão traseira;Com Vítimas Feridas;Pleno dia;Crescente;Céu Claro;Múltipla;Reta;Sim;3;0;0;1;2;0;1;3;-23.46143954;-46.48885316;SPRF-SP;DEL01-SP;UOP01-DEL01-SP;219.0;-23.46143954;-46.48885316;2023-03-21;2023;3;2023-03;11;Manha;0;1;3;1
511882;2023-03-21;terca-feira;00:05:00;SP;116.0;162.1;JACAREI;Carga excessiva e/ou mal acondicionada;Tombamento;Com Vítimas Feridas;Plena Noite;Decrescente;Céu Claro;Simples;Não Informado;Não;1;0;1;0;0;0;1;1;-23.2811068;-45.98312543;SPRF-SP;DEL02-SP;UOP01-DEL02-SP;162.1;-23.2811068;-45.98312543;2023-03-21;2023;3;2023-03;0;Madrugada;0;0;1;1
512051;2023-03-21;terca-feira;16:10:00;SP;116.0;166.6;JACAREI;Manobra de mudança de faixa;Tombamento;Com Vítimas Feridas;Pleno dia;Crescente;Sol;Dupla;Reta;Sim;3;0;0;1;1;1;1;2;-23.30055667;-46.01686506;SPRF-SP;DEL02-SP;UOP01-DEL02-SP;166.6;-23.30055667;-46.01686506;2023-03-21;2023;3;2023-03;16;Tarde;0;1;3;1
511897;2023-03-21;terca-feira;07:15:00;SP;153.0;58;SAO JOSE DO RIO PRETO;Manobra de mudança de faixa;Colisão lateral mesmo sentido;Com Vítimas Feridas;Pleno dia;Crescente;Céu Claro;Dupla;Reta;Não;3;0;2;0;1;0;2;2;-20.77838195;-49.35300538;SPRF-SP;DEL09-SP;UOP01-DEL09-SP;58.0;-20.77838195;-49.35300538;2023-03-21;2023;3;2023-03;7;Manha;0;0;2;1
512035;2023-03-21;terca-feira;19:20:00;SP;116.0;134;SAO JOSE DOS CAMPOS;Avarias e/ou desgaste excessivo no pneu;Tombamento;Com Vítimas Feridas;Plena Noite;Decrescente;Céu Claro;Dupla;Reta;Não;2;0;1;1;0;0;2;1;-23.1402216;-45.7617252;SPRF-SP;DEL02-SP;UOP02-DEL02-SP;134.0;-23.1402216;-45.7617252;2023-03-21;2023;3;2023-03;19;Noite;0;1;4;1
511938;2023-03-21;terca-feira;10:45:00;SP;116.0;228;SAO PAULO;Ausência de reação do condutor;Colisão lateral mesmo sentido;Com Vítimas Feridas;Pleno dia;Crescente;Céu Claro;Múltipla;Reta;Sim;4;0;2;0;0;2;2;3;-23.50343484;-46.56638712;SPRF-SP;DEL01-SP;UOP01-DEL01-SP;228.0;-23.50343484;-46.56638712;2023-03-21;2023;3;2023-03;10;Manha;0;0;2;1
511907;2023-03-21;terca-feira;08:00:00;SP;116.0;108;TAUBATE;Reação tardia ou ineficiente do condutor;Colisão traseira;Com Vítimas Feridas;Pleno dia;Crescente;Céu Claro;Dupla;Reta;Não;2;0;1;0;1;0;1;2;-23.0233097;-45.53763622;SPRF-SP;DEL02-SP;UOP02-DEL02-SP;108.0;-23.0233097;-45.53763622;2023-03-21;2023;3;2023-03;8;Manha;0;0;1;1
511986;2023-03-21;terca-feira;13:30:00;SP;116.0;104;TAUBATE;Avarias e/ou desgaste excessivo no pneu;Colisão com objeto;Com Vítimas Feridas;Pleno dia;Crescente;Céu Claro;Múltipla;Reta;Não;1;0;1;0;0;0;1;1;-23.00340176;-45.50626912;SPRF-SP;DEL02-SP;UOP02-DEL02-SP;104.0;-23.00340176;-45.50626912;2023-03-21;2023;3;2023-03;13;Tarde;0;0;1;1
511995;2023-03-21;terca-feira;16:00:00;SP;116.0;109.5;TAUBATE;Trafegar com motocicleta (ou similar) entre as faixas;Colisão traseira;Com Vítimas Feridas;Pleno dia;Crescente;Sol;Dupla;Não Informado;Sim;3;0;2;0;0;1;2;2;-23.03412614;-45.5526999;SPRF-SP;DEL02-SP;UOP02-DEL02-SP;109.5;-23.03412614;-45.5526999;2023-03-21;2023;3;2023-03;16;Tarde;0;0;2;1
511993;2023-03-21;terca-feira;16:30:00;SP;101.0;48.5;UBATUBA;Acessar a via sem observar a presença dos outros veículos;Colisão transversal;Com Vítimas Feridas;Pleno dia;Decrescente;Céu Claro;Simples;Reta;Sim;3;0;1;0;2;0;1;2;-23.43696329;-45.08768768;SPRF-SP;DEL06-SP;UOP01-DEL06-SP;48.5;-23.43696329;-45.08768768;2023-03-21;2023;3;2023-03;16;Tarde;0;0;1;1
512157;2023-03-22;quarta-feira;13:30:00;SP;116.0;204;ARUJA;Reação tardia ou ineficiente do condutor;Colisão lateral mesmo sentido;Com Vítimas Feridas;Pleno dia;Decrescente;Céu Claro;Múltipla;Reta;Sim;2;0;1;0;1;0;1;2;-23.41236123;-46.35692496;SPRF-SP;DEL01-SP;UOP01-DEL01-SP;204.0;-23.41236123;-46.35692496;2023-03-22;2023;3;2023-03;13;Tarde;0;0;1;2
512196;2023-03-22;quarta-feira;18:15:00;SP;116.0;193;ARUJA;Avarias e/ou desgaste excessivo no pneu;Queda de ocupante de veículo;Com Vítimas Feridas;Plena Noite;Crescente;Céu Claro;Dupla;Reta;Sim;2;0;2;0;0;0;2;1;-23.37498248;-46.24580384;SPRF-SP;DEL01-SP;UOP01-DEL01-SP;193.0;-23.37498248;-46.24580384;2023-03-22;2023;3;2023-03;18;Noite;0;0;2;2
512102;2023-03-22;quarta-feira;07:14:00;SP;116.0;495;CAJATI;Acessar a via sem observar a presença dos outros veículos;Colisão traseira;Com Vítimas Feridas;Pleno dia;Crescente;Céu Claro;Dupla;Reta;Não;5;0;0;1;1;3;1;5;-24.7531624;-48.1580848;SPRF-SP;DEL05-SP;UOP01-DEL05-SP;495.0;-24.7531624;-48.1580848;2023-03-22;2023;3;2023-03;7;Manha;0;1;3;2
512243;2023-03-22;quarta-feira;20:20:00;SP;116.0;281;EMBU DAS ARTES;Ingestão de álcool pelo condutor;Saída de leito carroçável;Sem Vítimas;Plena Noite;Crescente;Céu Claro;Dupla;Reta;Sim;7;0;0;0;7;0;0;1;-23.65292927;-46.84843601;SPRF-SP;DEL04-SP;UOP01-DEL04-SP;281.0;-23.65292927;-46.84843601;2023-03-22;2023;3;2023-03;20;Noite;0;0;0;2
512093;2023-03-22;quarta-feira;07:50:00;SP;116.0;223;GUARULHOS;Ausência de reação do condutor;Colisão traseira;Com Vítimas Feridas;Pleno dia;Crescente;Céu Claro;Múltipla;Reta;Não;5;0;2;0;3;0;2;4;-23.48043687;-46.53264306;SPRF-SP;DEL01-SP;UOP01-DEL01-SP;223.0;-23.48043687;-46.53264306;2023-03-22;2023;3;2023-03;7;Manha;0;0;2;2
512171;2023-03-22;quarta-feira;14:28:00;SP;116.0;224.5;GUARULHOS;Ausência de reação do condutor;Colisão traseira;Com Vítimas Feridas;Pleno dia;Decrescente;Céu Claro;Múltipla;Reta;Sim;2;0;1;0;1;0;1;2;-23.48071896;-46.53271603;SPRF-SP;DEL01-SP;UOP01-DEL01-SP;224.5;-23.48071896;-46.53271603;2023-03-22;2023;3;2023-03;14;Tarde;0;0;1;2
512190;2023-03-22;quarta-feira;17:15:00;SP;116.0;212;GUARULHOS;Reação tardia ou ineficiente do condutor;Colisão traseira;Com Vítimas Fatais;Pleno dia;Decrescente;Céu Claro;Múltipla;Não Informado;Sim;5;1;0;1;3;0;1;3;-23.43722316;-46.43073557;SPRF-SP;DEL01-SP;UOP01-DEL01-SP;212.0;-23.43722316;-46.43073557;2023-03-22;2023;3;2023-03;17;Tarde;1;1;8;2
512154;2023-03-22;quarta-feira;13:10:00;SP;153.0;96;JACI;Objeto estático sobre o leito carroçável;Colisão com objeto;Com Vítimas Feridas;Pleno dia;Decrescente;Céu Claro;Simples;Não Informado;Não;1;0;1;0;0;0;1;1;-20.97759804;-49.61145294;SPRF-SP;DEL09-SP;UOP01-DEL09-SP;96.0;-20.97759804;-49.61145294;2023-03-22;2023;3;2023-03;13;Tarde;0;0;1;2
512192;2023-03-22;quarta-feira;17:30:00;SP;153.0;259.8;MARILIA;Acumulo de óleo sobre o pavimento;Queda de ocupante de veículo;Com Vítimas Feridas;Pleno dia;Decrescente;Sol;Simples;Desvio Temporário;Não;1;0;1;0;0;0;1;1;-22.25744897;-49.92225816;SPRF-SP;DEL07-SP;UOP02-DEL07-SP;259.8;-22.25744897;-49.92225816;2023-03-22;2023;3;2023-03;17;Tarde;0;0;1;2
512239;2023-03-22;quarta-feira;21:05:00;SP;116.0;87;PINDAMONHANGABA;Entrada inopinada do pedestre;Atropelamento de Pedestre;Com Vítimas Feridas;Plena Noite;Crescente;Nublado;Dupla;Reta;Não;2;0;1;0;1;0;1;1;-22.93065267;-45.36166116;SPRF-SP;DEL08-SP;UOP01-DEL08-SP;87.0;-22.93065267;-45.36166116;2023-03-22;2023;3;2023-03;21;Noite;0;0;1;2
512119;2023-03-22;quarta-feira;09:30:00;SP;153.0;56;SAO JOSE DO RIO PRETO;Avarias e/ou desgaste excessivo no pneu;Saída de leito carroçável;Com Vítimas Feridas;Pleno dia;Crescente;Sol;Dupla;Não Informado;Não;2;0;2;0;0;0;2;1;-20.74488916;-49.33894564;SPRF-SP;DEL09-SP;UOP01-DEL09-SP;56.0;-20.74488916;-49.33894564;2023-03-22;2023;3;2023-03;9;Manha;0;0;2;2
512205;2023-03-22;quarta-feira;18:00:00;SP;153.0;61;SAO JOSE DO RIO PRETO;Ausência de reação do condutor;Colisão traseira;Com Vítimas Feridas;Anoitecer;Crescente;Céu Claro;Dupla;Não Informado;Sim;2;0;1;0;1;0;1;2;-20.80502876;-49.35574909;SPRF-SP;DEL09-SP;UOP01-DEL09-SP;61.0;-20.80502876;-49.35574909;2023-03-22;2023;3;2023-03;18;Noite;0;0;1;2
512127;2023-03-22;quarta-feira;10:47:00;SP;116.0;145;SAO JOSE DOS CAMPOS;Ausência de reação do condutor;Colisão traseira;Com Vítimas Feridas;Pleno dia;Decrescente;Céu Claro;Dupla;Reta;Sim;2;0;0;1;1;0;1;2;-23.1869844;-45.8548078;SPRF-SP;DEL02-SP;UOP01-DEL02-SP;145.0;-23.1869844;-45.8548078;2023-03-22;2023;3;2023-03;10;Manha;0;1;3;2
512191;2023-03-22;quarta-feira;17:00:00;SP;116.0;144.8;SAO JOSE DOS CAMPOS;Reação tardia ou ineficiente do condutor;Colisão traseira;Com Vítimas Feridas;Pleno dia;Crescente;Sol;Múltipla;Reta;Sim;2;0;1;0;1;0;1;2;-23.18274416;-45.84633592;SPRF-SP;DEL02-SP;UOP01-DEL02-SP;144.8;-23.18274416;-45.84633592;2023-03-22;2023;3;2023-03;17;Tarde;0;0;1;2
512125;2023-03-22;quarta-feira;10:45:00;SP;116.0;227;SAO PAULO;Ausência de reação do condutor;Colisão traseira;Com Vítimas Feridas;Pleno dia;Crescente;Sol;Múltipla;Reta;Não;2;0;1;0;1;0;1;2;-23.49659264;-46.55648754;SPRF-SP;DEL01-SP;UOP01-DEL01-SP;227.0;-23.49659264;-46.55648754;2023-03-22;2023;3;2023-03;10;Manha;0;0;1;2
512080;2023-03-22;quarta-feira;03:20:00;SP;381.0;3;VARGEM;Ultrapassagem Indevida;Colisão traseira;Sem Vítimas;Plena Noite;Crescente;Céu Claro;Dupla;Curva;Sim;2;0;0;0;1;1;0;2;-22.87841483;-46.39917107;SPRF-SP;DEL03-SP;UOP02-DEL03-SP;3.0;-22.87841483;-46.39917107;2023-03-22;2023;3;2023-03;3;Madrugada;0;0;0;2
512383;2023-03-23;quinta-feira;17:00:00;SP;381.0;45;ATIBAIA;Condutor deixou de manter distância do veículo da frente;Colisão lateral mesmo sentido;Com Vítimas Feridas;Anoitecer;Crescente;Céu Claro;Dupla;Reta;Não;2;0;1;0;1;0;1;2;-23.17274184;-46.57748439;SPRF-SP;DEL03-SP;UOP01-DEL03-SP;45.0;-23.17274184;-46.57748439;2023-03-23;2023;3;2023-03;17;Tarde;0;0;1;3
512411;2023-03-23;quinta-feira;14:50:00;SP;116.0;521;CAJATI;Demais falhas mecânicas ou elétricas;Incêndio;Sem Vítimas;Pleno dia;Crescente;Céu Claro;Múltipla;Não Informado;Não;1;0;0;0;1;0;0;1;-24.8997218;-48.24745938;SPRF-SP;DEL05-SP;UOP02-DEL05-SP;521.0;-24.8997218;-48.24745938;2023-03-23;2023;3;2023-03;14;Tarde;0;0;0;3
512312;2023-03-23;quinta-feira;08:30:00;SP;116.0;281;EMBU DAS ARTES;Reação tardia ou ineficiente do condutor;Engavetamento;Com Vítimas Feridas;Pleno dia;Decrescente;Céu Claro;Dupla;Não Informado;Sim;4;0;1;0;2;1;1;4;-23.67784787;-46.85769227;SPRF-SP;DEL04-SP;UOP01-DEL04-SP;281.0;-23.67784787;-46.85769227;2023-03-23;2023;3;2023-03;8;Manha;0;0;1;3
512289;2023-03-23;quinta-feira;07:00:00;SP;116.0;218;GUARULHOS;Condutor deixou de manter distância do veículo da frente;Colisão traseira;Com Vítimas Feridas;Pleno dia;Crescente;Céu Claro;Múltipla;Reta;Sim;2;0;1;0;1;0;1;2;-23.457972;-46.479927;SPRF-SP;DEL01-SP;UOP01-DEL01-SP;218.0;-23.457972;-46.479927;2023-03-23;2023;3;2023-03;7;Manha;0;0;1;3
512384;2023-03-23;quinta-feira;17:10:00;SP;116.0;226;GUARULHOS;Condutor deixou de manter distância do veículo da frente;Colisão traseira;Com Vítimas Feridas;Pleno dia;Decrescente;Céu Claro;Múltipla;Reta;Não;2;0;1;0;1;0;1;2;-23.49102507;-46.54878195;SPRF-SP;DEL01-SP;UOP01-DEL01-SP;226.0;-23.49102507;-46.54878195;2023-03-23;2023;3;2023-03;17;Tarde;0;0;1;3
512380;2023-03-23;quinta-feira;16:50:00;SP;116.0;22;LAVRINHAS;Acessar a via sem observar a presença dos outros veículos;Colisão transversal;Com Vítimas Feridas;Pleno dia;Crescente;Céu Claro;Simples;Rotatória;Não;2;0;1;0;1;0;1;2;-22.58368521;-44.87772952;SPRF-SP;DEL08-SP;UOP02-DEL08-SP;22.0;-22.58368521;-44.87772952;2023-03-23;2023;3;2023-03;16;Tarde;0;0;1;3
512401;2023-03-23;quinta-feira;16:50:00;SP;116.0;49.3;LORENA;Reação tardia ou ineficiente do condutor;Colisão com objeto;Com Vítimas Feridas;Pleno dia;Crescente;Céu Claro;Dupla;Reta;Não;1;0;0;1;0;0;1;1;-22.73051614;-45.0765859;SPRF-SP;DEL08-SP;UOP02-DEL08-SP;49.3;-22.73051614;-45.0765859;2023-03-23;2023;3;2023-03;16;Tarde;0;1;3;3
512366;2023-03-23;quinta-feira;15:20:00;SP;381.0;56;MAIRIPORA;Ausência de reação do condutor;Tombamento;Com Vítimas Feridas;Pleno dia;Crescente;Céu Claro;Simples;Curva;Não;1;0;1;0;0;0;1;1;-23.25907163;-46.58982662;SPRF-SP;DEL03-SP;UOP01-DEL03-SP;56.0;-23.25907163;-46.58982662;2023-03-23;2023;3;2023-03;15;Tarde;0;0;1;3
512266;2023-03-23;quinta-feira;00:15:00;SP;116.0;437;REGISTRO;Acessar a via sem observar a presença dos outros veículos;Atropelamento de Pedestre;Com Vítimas Fatais;Plena Noite;Crescente;Céu Claro;Dupla;Reta;Não;2;1;0;0;1;0;0;1;-24.44201718;-47.79888683;SPRF-SP;DEL05-SP;UOP01-DEL05-SP;437.0;-24.44201718;-47.79888683;2023-03-23;2023;3;2023-03;0;Madrugada;1;1;5;3
512399;2023-03-23;quinta-feira;19:20:00;SP;116.0;148;SAO JOSE DOS CAMPOS;Reação tardia ou ineficiente do condutor;Colisão traseira;Com Vítimas Feridas;Plena Noite;Decrescente;Céu Claro;Múltipla;Reta;Sim;2;0;1;0;1;0;1;2;-23.20067421;-45.8795018;SPRF-SP;DEL02-SP;UOP01-DEL02-SP;148.0;-23.20067421;-45.8795018;2023-03-23;2023;3;2023-03;19;Noite;0;0;1;3
512294;2023-03-23;quinta-feira;07:30:00;SP;101.0;51;UBATUBA;Acessar a via sem observar a presença dos outros veículos;Colisão transversal;Com Vítimas Feridas;Pleno dia;Crescente;Céu Claro;Simples;Reta;Sim;2;0;1;0;1;0;1;2;-23.45627795;-45.07111896;SPRF-SP;DEL06-SP;UOP01-DEL06-SP;51.0;-23.45627795;-45.07111896;2023-03-23;2023;3;2023-03;7;Manha;0;0;1;3
512606;2023-03-24;sexta-feira;19:50:00;SP;381.0;45;ATIBAIA;Entrada inopinada do pedestre;Atropelamento de Pedestre;Com Vítimas Fatais;Plena Noite;Decrescente;Céu Claro;Dupla;Não Informado;Sim;3;1;0;0;1;1;0;2;-23.17274184;-46.57748439;SPRF-SP;DEL03-SP;UOP01-DEL03-SP;45.0;-23.17274184;-46.57748439;2023-03-24;2023;3;2023-03;19;Noite;1;1;5;4
512492;2023-03-24;sexta-feira;07:45:00;SP;381.0;15;BRAGANCA PAULISTA;Reação tardia ou ineficiente do condutor;Saída de leito carroçável;Com Vítimas Feridas;Pleno dia;Decrescente;Céu Claro;Dupla;Não Informado;Não;3;0;1;0;2;0;1;1;-22.94909097;-46.47908707;SPRF-SP;DEL03-SP;UOP02-DEL03-SP;15.0;-22.94909097;-46.47908707;2023-03-24;2023;3;2023-03;7;Manha;0;0;1;4
512448;2023-03-24;sexta-feira;02:00:00;SP;116.0;134;CACAPAVA;Condutor deixou de manter distância do veículo da frente;Colisão traseira;Com Vítimas Feridas;Plena Noite;Decrescente;Céu Claro;Dupla;Reta;Não;2;0;0;1;0;1;1;2;-23.1402216;-45.7617252;SPRF-SP;DEL02-SP;UOP02-DEL02-SP;134.0;-23.1402216;-45.7617252;2023-03-24;2023;3;2023-03;2;Madrugada;0;1;3;4
512490;2023-03-24;sexta-feira;09:30:00;SP;116.0;68.6;GUARATINGUETA;Ausência de reação do condutor;Colisão traseira;Com Vítimas Feridas;Pleno dia;Crescente;Céu Claro;Dupla;Reta;Não;2;0;1;0;0;1;1;1;-22.83354783;-45.21713313;SPRF-SP;DEL08-SP;UOP01-DEL08-SP;68.6;-22.83354783;-45.21713313;2023-03-24;2023;3;2023-03;9;Manha;0;0;1;4
512460;2023-03-24;sexta-feira;07:10:00;SP;116.0;209.8;GUARULHOS;Condutor deixou de manter distância do veículo da frente;Colisão traseira;Sem Vítimas;Pleno dia;Decrescente;Nublado;Múltipla;Reta;Sim;3;0;0;0;3;0;0;2;-23.42511799;-46.40221101;SPRF-SP;DEL01-SP;UOP01-DEL01-SP;209.8;-23.42511799;-46.40221101;2023-03-24;2023;3;2023-03;7;Manha;0;0;0;4
512550;2023-03-24;sexta-feira;16:00:00;SP;116.0;223;GUARULHOS;Trafegar com motocicleta (ou similar) entre as faixas;Colisão lateral mesmo sentido;Com Vítimas Feridas;Pleno dia;Crescente;Céu Claro;Múltipla;Reta;Sim;3;0;2;0;1;0;2;2;-23.47559815;-46.5246609;SPRF-SP;DEL01-SP;UOP01-DEL01-SP;223.0;-23.47559815;-46.5246609;2023-03-24;2023;3;2023-03;16;Tarde;0;0;2;4
512563;2023-03-24;sexta-feira;18:00:00;SP;116.0;218;GUARULHOS;Trafegar com motocicleta (ou similar) entre as faixas;Colisão lateral mesmo sentido;Com Vítimas Feridas;Pleno dia;Decrescente;Nublado;Múltipla;Não Informado;Sim;4;0;2;0;2;0;2;2;-23.457972;-46.479927;SPRF-SP;DEL01-SP;UOP01-DEL01-SP;218.0;-23.457972;-46.479927;2023-03-24;2023;3;2023-03;18;Noite;0;0;2;4
512555;2023-03-24;sexta-feira;16:45:00;SP;116.0;174.6;JACAREI;Ausência de reação do condutor;Colisão traseira;Com Vítimas Feridas;Pleno dia;Decrescente;Céu Claro;Dupla;Não Informado;Não;3;0;2;0;1;0;2;2;-23.32057287;-46.09074403;SPRF-SP;DEL02-SP;UOP01-DEL02-SP;174.6;-23.32057287;-46.09074403;2023-03-24;2023;3;2023-03;16;Tarde;0;0;2;4
512580;2023-03-24;sexta-feira;19:20:00;SP;459.0;23;LORENA;Ingestão de álcool pelo condutor;Colisão frontal;Com Vítimas Fatais;Plena Noite;Crescente;Céu Claro;Simples;Reta;Não;3;1;0;0;1;1;0;2;-22.6716358;-45.1390155;SPRF-SP;DEL08-SP;UOP02-DEL08-SP;23.0;-22.6716358;-45.1390155;2023-03-24;2023;3;2023-03;19;Noite;1;1;5;4
512627;2023-03-24;sexta-feira;23:10:00;SP;116.0;51;LORENA;Condutor deixou de manter distância do veículo da frente;Tombamento;Com Vítimas Feridas;Plena Noite;Crescente;Céu Claro;Simples;Retorno Regulamentado;Não;1;0;1;0;0;0;1;1;-22.74157511;-45.09206392;SPRF-SP;DEL08-SP;UOP02-DEL08-SP;51.0;-22.74157511;-45.09206392;2023-03-24;2023;3;2023-03;23;Noite;0;0;1;4
512443;2023-03-24;sexta-feira;01:00:00;SP;381.0;68;MAIRIPORA;Reação tardia ou ineficiente do condutor;Colisão traseira;Com Vítimas Feridas;Plena Noite;Crescente;Céu Claro;Dupla;Reta;Sim;4;0;2;0;2;0;2;3;-23.34043796;-46.57433588;SPRF-SP;DEL03-SP;UOP01-DEL03-SP;68.0;-23.34043796;-46.57433588;2023-03-24;2023;3;2023-03;1;Madrugada;0;0;2;4
512462;2023-03-24;sexta-feira;07:10:00;SP;116.0;342;MIRACATU;Acesso irregular;Tombamento;Com Vítimas Feridas;Pleno dia;Crescente;Céu Claro;Dupla;Reta;Não;2;0;2;0;0;0;2;1;-24.01625202;-47.16797896;SPRF-SP;DEL04-SP;UOP03-DEL04-SP;342.0;-24.01625202;-47.16797896;2023-03-24;2023;3;2023-03;7;Manha;0;0;2;4
512445;2023-03-24;sexta-feira;01:30:00;SP;153.0;84.7;MIRASSOL;Sinalização mal posicionada;Tombamento;Com Vítimas Feridas;Plena Noite;Crescente;Céu Claro;Dupla;Não Informado;Não;1;0;1;0;0;0;1;1;-20.9344296;-49.51909431;SPRF-SP;DEL09-SP;UOP01-DEL09-SP;84.7;-20.9344296;-49.51909431;2023-03-24;2023;3;2023-03;1;Madrugada;0;0;1;4
512465;2023-03-24;sexta-feira;07:45:00;SP;153.0;35.8;NOVA GRANADA;Problema com o freio;Colisão traseira;Com Vítimas Feridas;Pleno dia;Decrescente;Céu Claro;Simples;Reta;Não;4;0;1;0;2;1;1;2;-20.58054802;-49.31936791;SPRF-SP;DEL09-SP;UOP01-DEL09-SP;35.8;-20.58054802;-49.31936791;2023-03-24;2023;3;2023-03;7;Manha;0;0;1;4
512470;2023-03-24;sexta-feira;07:45:00;SP;153.0;56;SAO JOSE DO RIO PRETO;Ausência de reação do condutor;Saída de leito carroçável;Com Vítimas Feridas;Pleno dia;Crescente;Céu Claro;Dupla;Curva;Não;1;0;1;0;0;0;1;1;-20.7615601;-49.34622278;SPRF-SP;DEL09-SP;UOP01-DEL09-SP;56.0;-20.7615601;-49.34622278;2023-03-24;2023;3;2023-03;7;Manha;0;0;1;4
512572;2023-03-24;sexta-feira;18:30:00;SP;153.0;62;SAO JOSE DO RIO PRETO;Condutor deixou de manter distância do veículo da frente;Colisão traseira;Com Vítimas Feridas;Plena Noite;Crescente;Céu Claro;Dupla;Não Informado;Sim;2;0;1;0;1;0;1;2;-20.81397029;-49.35698032;SPRF-SP;DEL09-SP;UOP01-DEL09-SP;62.0;-20.81397029;-49.35698032;2023-03-24;2023;3;2023-03;18;Noite;0;0;1;4
512514;2023-03-24;sexta-feira;12:00:00;SP;116.0;145;SAO JOSE DOS CAMPOS;Manobra de mudança de faixa;Colisão lateral mesmo sentido;Com Vítimas Feridas;Pleno dia;Decrescente;Céu Claro;Múltipla;Reta;Sim;2;0;1;0;1;0;1;2;-23.1869844;-45.8548078;SPRF-SP;DEL02-SP;UOP01-DEL02-SP;145.0;-23.1869844;-45.8548078;2023-03-24;2023;3;2023-03;12;Tarde;0;0;1;4
518848;2023-03-24;sexta-feira;11:05:00;SP;116.0;225.6;SAO PAULO;Manobra de mudança de faixa;Colisão transversal;Com Vítimas Feridas;Pleno dia;Crescente;Céu Claro;Dupla;Reta;Sim;2;0;1;0;1;0;1;2;-23.48586772;-46.54075317;SPRF-SP;DEL01-SP;UOP01-DEL01-SP;225.6;-23.48586772;-46.54075317;2023-03-24;2023;3;2023-03;11;Manha;0;0;1;4
512576;2023-03-24;sexta-feira;18:40:00;SP;116.0;270;TABOAO DA SERRA;Manobra de mudança de faixa;Colisão lateral mesmo sentido;Com Vítimas Feridas;Plena Noite;Crescente;Céu Claro;Dupla;Reta;Não;1;0;1;0;0;0;1;1;-23.61799728;-46.79677694;SPRF-SP;DEL04-SP;UOP01-DEL04-SP;270.0;-23.61799728;-46.79677694;2023-03-24;2023;3;2023-03;18;Noite;0;0;1;4
512592;2023-03-24;sexta-feira;19:20:00;SP;153.0;119.5;UBARANA;Ausência de reação do condutor;Colisão transversal;Com Vítimas Feridas;Plena Noite;Crescente;Céu Claro;Simples;Reta;Sim;3;0;1;0;2;0;1;2;-21.16208007;-49.71112986;SPRF-SP;DEL09-SP;UOP01-DEL09-SP;119.5;-21.16208007;-49.71112986;2023-03-24;2023;3;2023-03;19;Noite;0;0;1;4
512588;2023-03-24;sexta-feira;19:30:00;SP;101.0;35;UBATUBA;Manobra de mudança de faixa;Colisão lateral mesmo sentido;Com Vítimas Feridas;Plena Noite;Decrescente;Céu Claro;Simples;Não Informado;Não;2;0;1;0;1;0;1;2;-23.39244374;-45.00823311;SPRF-SP;DEL06-SP;UOP01-DEL06-SP;35.0;-23.39244374;-45.00823311;2023-03-24;2023;3;2023-03;19;Noite;0;0;1;4
512680;2023-03-25;sabado;05:59:00;SP;116.0;516;CAJATI;Reação tardia ou ineficiente do condutor;Saída de leito carroçável;Com Vítimas Feridas;Amanhecer;Decrescente;Céu Claro;Simples;Não Informado;Não;1;0;1;0;0;0;1;1;-24.87423036;-48.2190838;SPRF-SP;DEL05-SP;UOP02-DEL05-SP;516.0;-24.87423036;-48.2190838;2023-03-25;2023;3;2023-03;5;Madrugada;0;0;1;5
512831;2023-03-25;sabado;18:30:00;SP;116.0;514;CAJATI;Reação tardia ou ineficiente do condutor;Tombamento;Sem Vítimas;Anoitecer;Decrescente;Céu Claro;Simples;Não Informado;Não;2;0;0;0;2;0;0;2;-24.85874304;-48.21731282;SPRF-SP;DEL05-SP;UOP02-DEL05-SP;514.0;-24.85874304;-48.21731282;2023-03-25;2023;3;2023-03;18;Noite;0;0;0;5
512790;2023-03-25;sabado;19:00:00;SP;153.0;296.5;CAMPOS NOVOS PAULISTA;Ingestão de álcool pelo condutor;Colisão traseira;Com Vítimas Feridas;Plena Noite;Decrescente;Céu Claro;Simples;Não Informado;Não;2;0;1;0;1;0;1;2;-22.545587;-49.88953912;SPRF-SP;DEL07-SP;UOP03-DEL07-SP;296.5;-22.545587;-49.88953912;2023-03-25;2023;3;2023-03;19;Noite;0;0;1;5
512889;2023-03-25;sabado;21:00:00;SP;116.0;45;CANAS;Reação tardia ou ineficiente do condutor;Colisão com objeto;Com Vítimas Feridas;Plena Noite;Decrescente;Céu Claro;Múltipla;Reta;Não;1;0;0;1;0;0;1;1;-22.70287975;-45.03787617;SPRF-SP;DEL08-SP;UOP02-DEL08-SP;45.0;-22.70287975;-45.03787617;2023-03-25;2023;3;2023-03;21;Noite;0;1;3;5
512793;2023-03-25;sabado;19:51:00;SP;116.0;219;GUARULHOS;Condutor deixou de manter distância do veículo da frente;Colisão traseira;Com Vítimas Feridas;Plena Noite;Crescente;Céu Claro;Múltipla;Não Informado;Sim;2;0;1;0;1;0;1;2;-23.46177006;-46.49086833;SPRF-SP;DEL01-SP;UOP01-DEL01-SP;219.0;-23.46177006;-46.49086833;2023-03-25;2023;3;2023-03;19;Noite;0;0;1;5
512729;2023-03-25;sabado;10:35:00;SP;116.0;476;JACUPIRANGA;Acessar a via sem observar a presença dos outros veículos;Colisão transversal;Com Vítimas Feridas;Pleno dia;Decrescente;Céu Claro;Simples;Reta;Sim;2;0;2;0;0;0;2;2;-24.6928255;-47.99567352;SPRF-SP;DEL05-SP;UOP01-DEL05-SP;476.0;-24.6928255;-47.99567352;2023-03-25;2023;3;2023-03;10;Manha;0;0;2;5
512654;2023-03-25;sabado;03:00:00;SP;459.0;26.4;LORENA;Animais na Pista;Atropelamento de Animal;Com Vítimas Fatais;Plena Noite;Crescente;Céu Claro;Simples;Reta;Não;1;1;0;0;0;0;0;1;-22.70258316;-45.11758804;SPRF-SP;DEL08-SP;UOP02-DEL08-SP;26.4;-22.70258316;-45.11758804;2023-03-25;2023;3;2023-03;3;Madrugada;1;1;5;5
512761;2023-03-25;sabado;16:00:00;SP;381.0;61;MAIRIPORA;Reação tardia ou ineficiente do condutor;Colisão com objeto;Com Vítimas Feridas;Pleno dia;Crescente;Céu Claro;Dupla;Não Informado;Não;1;0;1;0;0;0;1;1;-23.29011611;-46.5800681;SPRF-SP;DEL03-SP;UOP01-DEL03-SP;61.0;-23.29011611;-46.5800681;2023-03-25;2023;3;2023-03;16;Tarde;0;0;1;5
512779;2023-03-25;sabado;16:30:00;SP;153.0;32.5;NOVA GRANADA;Ingestão de álcool pelo condutor;Colisão lateral mesmo sentido;Com Vítimas Feridas;Pleno dia;Crescente;Céu Claro;Simples;Reta;Não;2;0;1;0;1;0;1;2;-20.55543809;-49.32522215;SPRF-SP;DEL09-SP;UOP01-DEL09-SP;32.5;-20.55543809;-49.32522215;2023-03-25;2023;3;2023-03;16;Tarde;0;0;1;5
512855;2023-03-25;sabado;16:00:00;SP;116.0;450;REGISTRO;Acumulo de óleo sobre o pavimento;Tombamento;Com Vítimas Feridas;Pleno dia;Decrescente;Céu Claro;Simples;Curva;Não;1;0;1;0;0;0;1;1;-24.53728295;-47.85899314;SPRF-SP;DEL05-SP;UOP01-DEL05-SP;450.0;-24.53728295;-47.85899314;2023-03-25;2023;3;2023-03;16;Tarde;0;0;1;5
512772;2023-03-25;sabado;19:30:00;SP;116.0;140.8;SAO JOSE DOS CAMPOS;Entrada inopinada do pedestre;Atropelamento de Pedestre;Com Vítimas Feridas;Plena Noite;Decrescente;Céu Claro;Dupla;Não Informado;Sim;2;0;0;1;1;0;1;1;-23.16577714;-45.81246193;SPRF-SP;DEL02-SP;UOP01-DEL02-SP;140.8;-23.16577714;-45.81246193;2023-03-25;2023;3;2023-03;19;Noite;0;1;3;5
512678;2023-03-25;sabado;07:35:00;SP;116.0;228;SAO PAULO;Manobra de mudança de faixa;Colisão traseira;Sem Vítimas;Pleno dia;Crescente;Céu Claro;Múltipla;Reta;Sim;3;0;0;0;2;1;0;3;-23.50343484;-46.56638712;SPRF-SP;DEL01-SP;UOP01-DEL01-SP;228.0;-23.50343484;-46.56638712;2023-03-25;2023;3;2023-03;7;Manha;0;0;0;5
512759;2023-03-25;sabado;16:45:00;SP;116.0;229;SAO PAULO;Objeto estático sobre o leito carroçável;Eventos atípicos;Com Vítimas Feridas;Pleno dia;Decrescente;Céu Claro;Múltipla;Reta;Sim;1;0;0;1;0;0;1;1;-23.51291902;-46.57604698;SPRF-SP;DEL01-SP;UOP01-DEL01-SP;229.0;-23.51291902;-46.57604698;2023-03-25;2023;3;2023-03;16;Tarde;0;1;3;5
512707;2023-03-25;sabado;09:00:00;SP;116.0;270.8;TABOAO DA SERRA;Manobra de mudança de faixa;Tombamento;Com Vítimas Feridas;Pleno dia;Decrescente;Céu Claro;Dupla;Reta;Sim;2;0;1;0;1;0;1;2;-23.61799728;-46.79677694;SPRF-SP;DEL04-SP;UOP01-DEL04-SP;270.8;-23.61799728;-46.79677694;2023-03-25;2023;3;2023-03;9;Manha;0;0;1;5
523416;2023-03-25;sabado;08:50:00;SP;116.0;269.7;TABOAO DA SERRA;Reação tardia ou ineficiente do condutor;Colisão lateral mesmo sentido;Com Vítimas Feridas;Pleno dia;Decrescente;Céu Claro;Múltipla;Não Informado;Sim;2;0;1;0;1;0;1;2;-23.61593059;-46.78826044;SPRF-SP;DEL04-SP;UOP01-DEL04-SP;269.7;-23.61593059;-46.78826044;2023-03-25;2023;3;2023-03;8;Manha;0;0;1;5
512679;2023-03-25;sabado;06:35:00;SP;101.0;42.5;UBATUBA;Reação tardia ou ineficiente do condutor;Colisão lateral mesmo sentido;Com Vítimas Feridas;Amanhecer;Crescente;Céu Claro;Simples;Reta;Sim;2;0;1;0;0;1;1;2;-23.41271925;-45.04909808;SPRF-SP;DEL06-SP;UOP01-DEL06-SP;42.5;-23.41271925;-45.04909808;2023-03-25;2023;3;2023-03;6;Manha;0;0;1;5
512776;2023-03-25;sabado;19:30:00;SP;101.0;46;UBATUBA;Ausência de reação do condutor;Colisão traseira;Com Vítimas Feridas;Plena Noite;Crescente;Nublado;Simples;Retorno Regulamentado;Sim;2;0;1;0;1;0;1;2;-23.42181307;-45.07216752;SPRF-SP;DEL06-SP;UOP01-DEL06-SP;46.0;-23.42181307;-45.07216752;2023-03-25;2023;3;2023-03;19;Noite;0;0;1;5
512841;2023-03-25;sabado;23:15:00;SP;101.0;35.9;UBATUBA;Animais na Pista;Atropelamento de Animal;Com Vítimas Feridas;Plena Noite;Decrescente;Nublado;Simples;Reta;Sim;1;0;1;0;0;0;1;1;-23.39559665;-45.01485944;SPRF-SP;DEL06-SP;UOP01-DEL06-SP;35.9;-23.39559665;-45.01485944;2023-03-25;2023;3;2023-03;23;Noite;0;0;1;5
512938;2023-03-26;domingo;04:00:00;SP;381.0;23.8;BRAGANCA PAULISTA;Reação tardia ou ineficiente do condutor;Capotamento;Sem Vítimas;Plena Noite;Crescente;Céu Claro;Dupla;Reta;Não;3;0;0;0;2;1;0;3;-23.02018004;-46.52966596;SPRF-SP;DEL03-SP;UOP02-DEL03-SP;23.8;-23.02018004;-46.52966596;2023-03-26;2023;3;2023-03;4;Madrugada;0;0;0;6
512922;2023-03-26;domingo;03:00:00;SP;116.0;46;CANAS;Ausência de reação do condutor;Colisão traseira;Com Vítimas Feridas;Plena Noite;Crescente;Céu Claro;Múltipla;Reta;Não;2;0;1;0;1;0;1;2;-22.71393589;-45.05335608;SPRF-SP;DEL08-SP;UOP02-DEL08-SP;46.0;-22.71393589;-45.05335608;2023-03-26;2023;3;2023-03;3;Madrugada;0;0;1;6
522789;2023-03-26;domingo;17:20:00;SP;116.0;275;EMBU DAS ARTES;Ultrapassagem Indevida;Colisão traseira;Com Vítimas Feridas;Pleno dia;Decrescente;Céu Claro;Dupla;Reta;Sim;6;0;1;0;5;0;1;2;-23.63638826;-46.83251584;SPRF-SP;DEL04-SP;UOP01-DEL04-SP;275.0;-23.63638826;-46.83251584;2023-03-26;2023;3;2023-03;17;Tarde;0;0;1;6
513014;2023-03-26;domingo;19:30:00;SP;116.0;224.2;GUARULHOS;Condutor deixou de manter distância do veículo da frente;Colisão com objeto;Com Vítimas Feridas;Plena Noite;Crescente;Céu Claro;Múltipla;Reta;Sim;3;0;1;0;2;0;1;2;-23.48071896;-46.53271603;SPRF-SP;DEL01-SP;UOP01-DEL01-SP;224.2;-23.48071896;-46.53271603;2023-03-26;2023;3;2023-03;19;Noite;0;0;1;6
512960;2023-03-26;domingo;14:30:00;SP;153.0;11.2;ICEM;Reação tardia ou ineficiente do condutor;Capotamento;Com Vítimas Feridas;Pleno dia;Crescente;Nublado;Simples;Reta;Não;1;0;1;0;0;0;1;1;-20.3960062;-49.24059667;SPRF-SP;DEL09-SP;UOP01-DEL09-SP;11.2;-20.3960062;-49.24059667;2023-03-26;2023;3;2023-03;14;Tarde;0;0;1;6
512996;2023-03-26;domingo;18:25:00;SP;116.0;413;JUQUIA;Acumulo de água sobre o pavimento;Tombamento;Com Vítimas Feridas;Plena Noite;Crescente;Chuva;Dupla;Reta;Não;3;0;1;0;2;0;1;2;-24.33005991;-47.62299901;SPRF-SP;DEL05-SP;UOP01-DEL05-SP;413.0;-24.33005991;-47.62299901;2023-03-26;2023;3;2023-03;18;Noite;0;0;1;6
512981;2023-03-26;domingo;16:30:00;SP;153.0;276;OCAUCU;Condutor deixou de manter distância do veículo da frente;Colisão traseira;Com Vítimas Feridas;Pleno dia;Decrescente;Céu Claro;Simples;Reta;Não;4;0;1;0;3;0;1;4;-22.378054;-49.86655202;SPRF-SP;DEL07-SP;UOP02-DEL07-SP;276.0;-22.378054;-49.86655202;2023-03-26;2023;3;2023-03;16;Tarde;0;0;1;6
512914;2023-03-26;domingo;09:30:00;SP;116.0;187;SANTA ISABEL;Reação tardia ou ineficiente do condutor;Colisão traseira;Sem Vítimas;Pleno dia;Decrescente;Céu Claro;Múltipla;Reta;Não;2;0;0;0;2;0;0;2;-23.35713072;-46.20737811;SPRF-SP;DEL01-SP;UOP01-DEL01-SP;187.0;-23.35713072;-46.20737811;2023-03-26;2023;3;2023-03;9;Manha;0;0;0;6
512966;2023-03-26;domingo;14:30:00;SP;116.0;104;TAUBATE;Reação tardia ou ineficiente do condutor;Colisão traseira;Com Vítimas Feridas;Pleno dia;Crescente;Sol;Dupla;Reta;Não;2;0;1;0;1;0;1;2;-23.00340176;-45.50626912;SPRF-SP;DEL02-SP;UOP02-DEL02-SP;104.0;-23.00340176;-45.50626912;2023-03-26;2023;3;2023-03;14;Tarde;0;0;1;6
512980;2023-03-26;domingo;16:45:00;SP;101.0;45;UBATUBA;Ausência de reação do condutor;Colisão traseira;Com Vítimas Feridas;Pleno dia;Crescente;Céu Claro;Simples;Reta;Sim;3;0;2;0;1;0;2;2;-23.41779396;-45.06788408;SPRF-SP;DEL06-SP;UOP01-DEL06-SP;45.0;-23.41779396;-45.06788408;2023-03-26;2023;3;2023-03;16;Tarde;0;0;2;6
513157;2023-03-27;segunda-feira;10:45:00;SP;116.0;204;ARUJA;Acessar a via sem observar a presença dos outros veículos;Colisão traseira;Com Vítimas Feridas;Pleno dia;Decrescente;Céu Claro;Múltipla;Reta;Não;3;0;2;0;1;0;2;2;-23.41236123;-46.35692496;SPRF-SP;DEL01-SP;UOP01-DEL01-SP;204.0;-23.41236123;-46.35692496;2023-03-27;2023;3;2023-03;10;Manha;0;0;2;0
513258;2023-03-27;segunda-feira;19:30:00;SP;381.0;44;ATIBAIA;Ausência de sinalização;Colisão traseira;Com Vítimas Feridas;Plena Noite;Decrescente;Céu Claro;Dupla;Desvio Temporário;Sim;2;0;1;0;1;0;1;2;-23.16458615;-46.57418959;SPRF-SP;DEL03-SP;UOP01-DEL03-SP;44.0;-23.16458615;-46.57418959;2023-03-27;2023;3;2023-03;19;Noite;0;0;1;0
513128;2023-03-27;segunda-feira;06:15:00;SP;116.0;562;BARRA DO TURVO;Reação tardia ou ineficiente do condutor;Capotamento;Com Vítimas Feridas;Amanhecer;Decrescente;Garoa/Chuvisco;Dupla;Curva;Não;3;0;1;0;2;0;1;1;-25.02464023;-48.52213701;SPRF-SP;DEL05-SP;UOP02-DEL05-SP;562.0;-25.02464023;-48.52213701;2023-03-27;2023;3;2023-03;6;Manha;0;0;1;0
513103;2023-03-27;segunda-feira;06:20:00;SP;116.0;127.6;CACAPAVA;Velocidade Incompatível;Colisão com objeto;Sem Vítimas;Pleno dia;Crescente;Sol;Dupla;Não Informado;Sim;1;0;0;0;0;1;0;1;-23.10991026;-45.70246044;SPRF-SP;DEL02-SP;UOP02-DEL02-SP;127.6;-23.10991026;-45.70246044;2023-03-27;2023;3;2023-03;6;Manha;0;0;0;0
513171;2023-03-27;segunda-feira;08:35:00;SP;116.0;282;EMBU DAS ARTES;Ausência de reação do condutor;Colisão traseira;Com Vítimas Fatais;Pleno dia;Decrescente;Céu Claro;Dupla;Reta;Sim;3;1;0;0;2;0;0;3;-23.68570216;-46.85970975;SPRF-SP;DEL04-SP;UOP01-DEL04-SP;282.0;-23.68570216;-46.85970975;2023-03-27;2023;3;2023-03;8;Manha;1;1;5;0
516389;2023-03-27;segunda-feira;13:10:00;SP;116.0;58;GUARATINGUETA;Manobra de mudança de faixa;Colisão lateral mesmo sentido;Com Vítimas Feridas;Pleno dia;Crescente;Sol;Dupla;Reta;Sim;2;0;1;0;1;0;1;2;-22.78005511;-45.14572791;SPRF-SP;DEL08-SP;UOP01-DEL08-SP;58.0;-22.78005511;-45.14572791;2023-03-27;2023;3;2023-03;13;Tarde;0;0;1;0
513106;2023-03-27;segunda-feira;07:30:00;SP;116.0;211;GUARULHOS;Manobra de mudança de faixa;Colisão lateral mesmo sentido;Com Vítimas Feridas;Pleno dia;Crescente;Nublado;Múltipla;Reta;Sim;2;0;1;0;1;0;1;2;-23.4324306;-46.4194352;SPRF-SP;DEL01-SP;UOP01-DEL01-SP;211.0;-23.4324306;-46.4194352;2023-03-27;2023;3;2023-03;7;Manha;0;0;1;0
513147;2023-03-27;segunda-feira;10:10:00;SP;116.0;204;GUARULHOS;Reação tardia ou ineficiente do condutor;Queda de ocupante de veículo;Com Vítimas Feridas;Pleno dia;Crescente;Céu Claro;Múltipla;Reta;Sim;1;0;1;0;0;0;1;1;-23.41236123;-46.35692496;SPRF-SP;DEL01-SP;UOP01-DEL01-SP;204.0;-23.41236123;-46.35692496;2023-03-27;2023;3;2023-03;10;Manha;0;0;1;0
513161;2023-03-27;segunda-feira;10:40:00;SP;116.0;218.4;GUARULHOS;Reação tardia ou ineficiente do condutor;Colisão lateral mesmo sentido;Com Vítimas Feridas;Pleno dia;Crescente;Nublado;Múltipla;Reta;Sim;2;0;1;0;1;0;1;2;-23.457972;-46.479927;SPRF-SP;DEL01-SP;UOP01-DEL01-SP;218.4;-23.457972;-46.479927;2023-03-27;2023;3;2023-03;10;Manha;0;0;1;0
513282;2023-03-27;segunda-feira;23:50:00;SP;116.0;214;GUARULHOS;Demais falhas mecânicas ou elétricas;Incêndio;Sem Vítimas;Plena Noite;Decrescente;Nublado;Múltipla;Reta;Sim;1;0;0;0;1;0;0;1;-23.4433301365;-46.4453129406;SPRF-SP;DEL01-SP;UOP01-DEL01-SP;214.0;-23.4433301365;-46.4453129406;2023-03-27;2023;3;2023-03;23;Noite;0;0;0;0
516380;2023-03-27;segunda-feira;04:35:00;SP;459.0;31.7;LORENA;Animais na Pista;Atropelamento de Animal;Com Vítimas Feridas;Plena Noite;Decrescente;Nublado;Simples;Reta;Sim;1;0;0;1;0;0;1;1;-22.732813;-45.098679;SPRF-SP;DEL08-SP;UOP02-DEL08-SP;31.7;-22.732813;-45.098679;2023-03-27;2023;3;2023-03;4;Madrugada;0;1;3;0
513127;2023-03-27;segunda-feira;08:00:00;SP;381.0;58;MAIRIPORA;Reação tardia ou ineficiente do condutor;Queda de ocupante de veículo;Com Vítimas Feridas;Pleno dia;Crescente;Nublado;Dupla;Reta;Não;1;0;1;0;0;0;1;1;-23.27438497;-46.58530615;SPRF-SP;DEL03-SP;UOP01-DEL03-SP;58.0;-23.27438497;-46.58530615;2023-03-27;2023;3;2023-03;8;Manha;0;0;1;0
513138;2023-03-27;segunda-feira;08:20:00;SP;381.0;69;MAIRIPORA;Ausência de reação do condutor;Tombamento;Com Vítimas Feridas;Pleno dia;Decrescente;Nublado;Dupla;Não Informado;Não;2;0;2;0;0;0;2;1;-23.34553108;-46.56787903;SPRF-SP;DEL03-SP;UOP01-DEL03-SP;69.0;-23.34553108;-46.56787903;2023-03-27;2023;3;2023-03;8;Manha;0;0;2;0
513118;2023-03-27;segunda-feira;07:00:00;SP;116.0;395;MIRACATU;Condutor deixou de manter distância do veículo da frente;Colisão traseira;Com Vítimas Feridas;Pleno dia;Crescente;Nublado;Dupla;Retorno Regulamentado;Sim;2;0;1;0;1;0;1;2;-24.28894933;-47.46080025;SPRF-SP;DEL04-SP;UOP02-DEL04-SP;395.0;-24.28894933;-47.46080025;2023-03-27;2023;3;2023-03;7;Manha;0;0;1;0
513193;2023-03-27;segunda-feira;11:00:00;SP;116.0;91.7;PINDAMONHANGABA;Ausência de reação do condutor;Colisão com objeto;Com Vítimas Fatais;Pleno dia;Crescente;Sol;Dupla;Reta;Não;1;1;0;0;0;0;0;1;-22.94792286;-45.39587407;SPRF-SP;DEL08-SP;UOP01-DEL08-SP;91.7;-22.94792286;-45.39587407;2023-03-27;2023;3;2023-03;11;Manha;1;1;5;0
513137;2023-03-27;segunda-feira;09:10:00;SP;153.0;62.5;SAO JOSE DO RIO PRETO;Condutor deixou de manter distância do veículo da frente;Colisão traseira;Com Vítimas Feridas;Pleno dia;Crescente;Sol;Dupla;Não Informado;Sim;3;0;1;0;2;0;1;2;-20.81325404;-49.35675563;SPRF-SP;DEL09-SP;UOP01-DEL09-SP;62.5;-20.81325404;-49.35675563;2023-03-27;2023;3;2023-03;9;Manha;0;0;1;0
513240;2023-03-27;segunda-feira;18:27:00;SP;116.0;148;SAO JOSE DOS CAMPOS;Manobra de mudança de faixa;Colisão lateral mesmo sentido;Com Vítimas Feridas;Anoitecer;Decrescente;Céu Claro;Dupla;Reta;Não;2;0;1;0;1;0;1;2;-23.20067421;-45.8795018;SPRF-SP;DEL02-SP;UOP01-DEL02-SP;148.0;-23.20067421;-45.8795018;2023-03-27;2023;3;2023-03;18;Noite;0;0;1;0
513078;2023-03-27;segunda-feira;01:00:00;SP;116.0;275;TABOAO DA SERRA;Ausência de reação do condutor;Colisão com objeto;Com Vítimas Feridas;Plena Noite;Decrescente;Chuva;Dupla;Reta;Sim;3;0;0;1;1;1;1;2;-23.63638826;-46.83251584;SPRF-SP;DEL04-SP;UOP01-DEL04-SP;275.0;-23.63638826;-46.83251584;2023-03-27;2023;3;2023-03;1;Madrugada;0;1;3;0
513139;2023-03-27;segunda-feira;09:30:00;SP;101.0;39;UBATUBA;Acumulo de areia ou detritos sobre o pavimento;Tombamento;Com Vítimas Feridas;Pleno dia;Decrescente;Nublado;Simples;Curva;Não;1;0;1;0;0;0;1;1;-23.41370139;-45.02666492;SPRF-SP;DEL06-SP;UOP01-DEL06-SP;39.0;-23.41370139;-45.02666492;2023-03-27;2023;3;2023-03;9;Manha;0;0;1;0
513188;2023-03-27;segunda-feira;13:30:00;SP;101.0;51.5;UBATUBA;Acessar a via sem observar a presença dos outros veículos;Colisão lateral mesmo sentido;Com Vítimas Feridas;Pleno dia;Decrescente;Nublado;Simples;Reta;Sim;2;0;1;0;1;0;1;2;-23.45627795;-45.07111896;SPRF-SP;DEL06-SP;UOP01-DEL06-SP;51.5;-23.45627795;-45.07111896;2023-03-27;2023;3;2023-03;13;Tarde;0;0;1;0
513351;2023-03-28;terca-feira;12:00:00;SP;116.0;198;ARUJA;Ausência de reação do condutor;Colisão traseira;Com Vítimas Feridas;Pleno dia;Crescente;Nublado;Múltipla;Curva;Não;2;0;0;1;1;0;1;2;-23.399937;-46.302038;SPRF-SP;DEL01-SP;UOP01-DEL01-SP;198.0;-23.399937;-46.302038;2023-03-28;2023;3;2023-03;12;Tarde;0;1;3;1
513342;2023-03-28;terca-feira;09:30:00;SP;381.0;44.8;ATIBAIA;Condutor deixou de manter distância do veículo da frente;Colisão traseira;Com Vítimas Feridas;Pleno dia;Crescente;Céu Claro;Dupla;Reta;Sim;3;0;3;0;0;0;3;2;-23.16458615;-46.57418959;SPRF-SP;DEL03-SP;UOP01-DEL03-SP;44.8;-23.16458615;-46.57418959;2023-03-28;2023;3;2023-03;9;Manha;0;0;3;1
513298;2023-03-28;terca-feira;05:50:00;SP;116.0;224;GUARULHOS;Ausência de reação do condutor;Colisão traseira;Com Vítimas Feridas;Pleno dia;Crescente;Nublado;Múltipla;Reta;Sim;2;0;1;0;1;0;1;2;-23.48071896;-46.53271603;SPRF-SP;DEL01-SP;UOP01-DEL01-SP;224.0;-23.48071896;-46.53271603;2023-03-28;2023;3;2023-03;5;Madrugada;0;0;1;1
513411;2023-03-28;terca-feira;17:40:00;SP;116.0;167.7;JACAREI;Ausência de reação do condutor;Colisão lateral mesmo sentido;Com Vítimas Feridas;Anoitecer;Decrescente;Nublado;Múltipla;Não Informado;Não;3;0;1;2;0;0;3;2;-23.30513534;-46.033391;SPRF-SP;DEL02-SP;UOP01-DEL02-SP;167.7;-23.30513534;-46.033391;2023-03-28;2023;3;2023-03;17;Tarde;0;1;7;1
513456;2023-03-28;terca-feira;21:40:00;SP;116.0;161;JACAREI;Curva acentuada;Colisão frontal;Com Vítimas Feridas;Plena Noite;Crescente;Céu Claro;Dupla;Retorno Regulamentado;Sim;1;0;1;0;0;0;1;1;-23.27617003;-45.97592098;SPRF-SP;DEL02-SP;UOP01-DEL02-SP;161.0;-23.27617003;-45.97592098;2023-03-28;2023;3;2023-03;21;Noite;0;0;1;1
513343;2023-03-28;terca-feira;10:00:00;SP;381.0;58.5;MAIRIPORA;Condutor deixou de manter distância do veículo da frente;Engavetamento;Com Vítimas Feridas;Pleno dia;Crescente;Céu Claro;Dupla;Reta;Não;5;0;1;0;4;0;1;4;-23.27438497;-46.58530615;SPRF-SP;DEL03-SP;UOP01-DEL03-SP;58.5;-23.27438497;-46.58530615;2023-03-28;2023;3;2023-03;10;Manha;0;0;1;1
513367;2023-03-28;terca-feira;13:30:00;SP;381.0;59;MAIRIPORA;Demais falhas mecânicas ou elétricas;Incêndio;Sem Vítimas;Pleno dia;Decrescente;Céu Claro;Dupla;Não Informado;Não;1;0;0;0;1;0;0;1;-23.28270705;-46.58787791;SPRF-SP;DEL03-SP;UOP01-DEL03-SP;59.0;-23.28270705;-46.58787791;2023-03-28;2023;3;2023-03;13;Tarde;0;0;0;1
513459;2023-03-28;terca-feira;23:00:00;SP;116.0;186;SANTA ISABEL;Reação tardia ou ineficiente do condutor;Queda de ocupante de veículo;Com Vítimas Feridas;Plena Noite;Crescente;Céu Claro;Dupla;Reta;Não;1;0;1;0;0;0;1;1;-23.35220682;-46.19934905;SPRF-SP;DEL01-SP;UOP01-DEL01-SP;186.0;-23.35220682;-46.19934905;2023-03-28;2023;3;2023-03;23;Noite;0;0;1;1
513341;2023-03-28;terca-feira;08:15:00;SP;116.0;229.7;SAO PAULO;Trafegar com motocicleta (ou similar) entre as faixas;Colisão traseira;Com Vítimas Feridas;Pleno dia;Crescente;Céu Claro;Múltipla;Reta;Sim;3;0;2;0;1;0;2;2;-23.51291902;-46.57604698;SPRF-SP;DEL01-SP;UOP01-DEL01-SP;229.7;-23.51291902;-46.57604698;2023-03-28;2023;3;2023-03;8;Manha;0;0;2;1
513437;2023-03-28;terca-feira;19:30:00;SP;153.0;311.9;SAO PEDRO DO TURVO;Acesso irregular;Tombamento;Com Vítimas Feridas;Plena Noite;Crescente;Céu Claro;Simples;Reta;Não;1;0;1;0;0;0;1;1;-22.677443;-49.88958268;SPRF-SP;DEL07-SP;UOP03-DEL07-SP;311.9;-22.677443;-49.88958268;2023-03-28;2023;3;2023-03;19;Noite;0;0;1;1
513427;2023-03-28;terca-feira;18:30:00;SP;101.0;49.8;UBATUBA;Acessar a via sem observar a presença dos outros veículos;Colisão transversal;Com Vítimas Feridas;Anoitecer;Decrescente;Nublado;Simples;Não Informado;Sim;2;0;1;0;1;0;1;2;-23.44410908;-45.08375708;SPRF-SP;DEL06-SP;UOP01-DEL06-SP;49.8;-23.44410908;-45.08375708;2023-03-28;2023;3;2023-03;18;Noite;0;0;1;1
513564;2023-03-29;quarta-feira;16:45:00;SP;116.0;201;ARUJA;Manobra de mudança de faixa;Colisão lateral mesmo sentido;Com Vítimas Feridas;Pleno dia;Crescente;Chuva;Múltipla;Reta;Sim;2;0;0;1;1;0;1;2;-23.40362877;-46.33050107;SPRF-SP;DEL01-SP;UOP01-DEL01-SP;201.0;-23.40362877;-46.33050107;2023-03-29;2023;3;2023-03;16;Tarde;0;1;3;2
513396;2023-03-29;quarta-feira;06:40:00;SP;116.0;223;GUARULHOS;Manobra de mudança de faixa;Colisão lateral mesmo sentido;Sem Vítimas;Pleno dia;Crescente;Céu Claro;Múltipla;Reta;Sim;2;0;0;0;2;0;0;1;-23.47559815;-46.5246609;SPRF-SP;DEL01-SP;UOP01-DEL01-SP;223.0;-23.47559815;-46.5246609;2023-03-29;2023;3;2023-03;6;Manha;0;0;0;2
513468;2023-03-29;quarta-feira;03:10:00;SP;116.0;207;GUARULHOS;Reação tardia ou ineficiente do condutor;Colisão traseira;Com Vítimas Feridas;Plena Noite;Decrescente;Vento;Múltipla;Reta;Sim;3;0;2;0;0;1;2;2;-23.41972188;-46.38419203;SPRF-SP;DEL01-SP;UOP01-DEL01-SP;207.0;-23.41972188;-46.38419203;2023-03-29;2023;3;2023-03;3;Madrugada;0;0;2;2
513572;2023-03-29;quarta-feira;18:05:00;SP;116.0;227;GUARULHOS;Reação tardia ou ineficiente do condutor;Queda de ocupante de veículo;Com Vítimas Feridas;Anoitecer;Decrescente;Chuva;Múltipla;Reta;Sim;3;0;1;0;1;1;1;2;-23.49659264;-46.55648754;SPRF-SP;DEL01-SP;UOP01-DEL01-SP;227.0;-23.49659264;-46.55648754;2023-03-29;2023;3;2023-03;18;Noite;0;0;1;2
513585;2023-03-29;quarta-feira;17:45:00;SP;116.0;220;GUARULHOS;Ultrapassagem Indevida;Colisão traseira;Com Vítimas Feridas;Pleno dia;Crescente;Céu Claro;Múltipla;Reta;Sim;3;0;0;1;2;0;1;3;-23.46472809;-46.49793962;SPRF-SP;DEL01-SP;UOP01-DEL01-SP;220.0;-23.46472809;-46.49793962;2023-03-29;2023;3;2023-03;17;Tarde;0;1;3;2
513592;2023-03-29;quarta-feira;18:10:00;SP;116.0;225;GUARULHOS;Trafegar com motocicleta (ou similar) entre as faixas;Colisão traseira;Com Vítimas Feridas;Plena Noite;Decrescente;Céu Claro;Múltipla;Reta;Não;5;0;1;0;4;0;1;3;-23.48586772;-46.54075317;SPRF-SP;DEL01-SP;UOP01-DEL01-SP;225.0;-23.48586772;-46.54075317;2023-03-29;2023;3;2023-03;18;Noite;0;0;1;2
513638;2023-03-29;quarta-feira;23:10:00;SP;116.0;226;GUARULHOS;Reação tardia ou ineficiente do condutor;Colisão traseira;Com Vítimas Feridas;Plena Noite;Decrescente;Nublado;Dupla;Não Informado;Sim;2;0;1;0;1;0;1;2;-23.49388008;-46.55298829;SPRF-SP;DEL01-SP;UOP01-DEL01-SP;226.0;-23.49388008;-46.55298829;2023-03-29;2023;3;2023-03;23;Noite;0;0;1;2
513548;2023-03-29;quarta-feira;03:40:00;SP;116.0;421;JUQUIA;Condutor deixou de manter distância do veículo da frente;Colisão traseira;Com Vítimas Feridas;Plena Noite;Crescente;Ignorado;Dupla;Curva;Não;2;0;1;0;0;1;1;2;-24.35801488;-47.68588212;SPRF-SP;DEL05-SP;UOP01-DEL05-SP;421.0;-24.35801488;-47.68588212;2023-03-29;2023;3;2023-03;3;Madrugada;0;0;1;2
513625;2023-03-29;quarta-feira;22:15:00;SP;116.0;184;SANTA ISABEL;Ingestão de álcool pelo condutor;Colisão com objeto;Com Vítimas Feridas;Plena Noite;Decrescente;Garoa/Chuvisco;Dupla;Reta;Não;2;0;1;0;0;1;1;1;-23.3522394;-46.18650271;SPRF-SP;DEL01-SP;UOP01-DEL01-SP;184.0;-23.3522394;-46.18650271;2023-03-29;2023;3;2023-03;22;Noite;0;0;1;2
513568;2023-03-29;quarta-feira;16:30:00;SP;153.0;61.7;SAO JOSE DO RIO PRETO;Manobra de mudança de faixa;Colisão lateral mesmo sentido;Com Vítimas Feridas;Pleno dia;Crescente;Céu Claro;Dupla;Reta;Sim;2;0;1;0;1;0;1;2;-20.80502876;-49.35574909;SPRF-SP;DEL09-SP;UOP01-DEL09-SP;61.7;-20.80502876;-49.35574909;2023-03-29;2023;3;2023-03;16;Tarde;0;0;1;2
513477;2023-03-29;quarta-feira;06:50:00;SP;116.0;141.7;SAO JOSE DOS CAMPOS;Manobra de mudança de faixa;Colisão lateral mesmo sentido;Com Vítimas Feridas;Pleno dia;Decrescente;Céu Claro;Dupla;Reta;Não;3;0;1;0;2;0;1;2;-23.17004717;-45.82091491;SPRF-SP;DEL02-SP;UOP01-DEL02-SP;141.7;-23.17004717;-45.82091491;2023-03-29;2023;3;2023-03;6;Manha;0;0;1;2
513514;2023-03-29;quarta-feira;10:10:00;SP;116.0;305;SAO LOURENCO DA SERRA;Reação tardia ou ineficiente do condutor;Colisão traseira;Com Vítimas Feridas;Pleno dia;Decrescente;Céu Claro;Múltipla;Não Informado;Não;2;0;1;0;1;0;1;2;-23.84287313;-46.93238591;SPRF-SP;DEL04-SP;UOP01-DEL04-SP;305.0;-23.84287313;-46.93238591;2023-03-29;2023;3;2023-03;10;Manha;0;0;1;2
513488;2023-03-29;quarta-feira;08:20:00;SP;116.0;229;SAO PAULO;Ausência de reação do condutor;Colisão lateral mesmo sentido;Com Vítimas Feridas;Pleno dia;Crescente;Céu Claro;Múltipla;Reta;Sim;3;0;2;0;1;0;2;2;-23.51291902;-46.57604698;SPRF-SP;DEL01-SP;UOP01-DEL01-SP;229.0;-23.51291902;-46.57604698;2023-03-29;2023;3;2023-03;8;Manha;0;0;2;2
513501;2023-03-29;quarta-feira;06:50:00;SP;381.0;73;SAO PAULO;Ausência de reação do condutor;Colisão com objeto;Sem Vítimas;Pleno dia;Decrescente;Céu Claro;Dupla;Curva;Não;1;0;0;0;0;1;0;1;-23.36553404;-46.55253934;SPRF-SP;DEL03-SP;UOP01-DEL03-SP;73.0;-23.36553404;-46.55253934;2023-03-29;2023;3;2023-03;6;Manha;0;0;0;2
513566;2023-03-29;quarta-feira;16:45:00;SP;116.0;230;SAO PAULO;Ausência de reação do condutor;Engavetamento;Com Vítimas Feridas;Pleno dia;Crescente;Nublado;Múltipla;Reta;Sim;5;0;0;1;4;0;1;3;-23.52251783;-46.5855702;SPRF-SP;DEL01-SP;UOP01-DEL01-SP;230.0;-23.52251783;-46.5855702;2023-03-29;2023;3;2023-03;16;Tarde;0;1;3;2
513627;2023-03-29;quarta-feira;21:00:00;SP;116.0;271;TABOAO DA SERRA;Acumulo de óleo sobre o pavimento;Colisão transversal;Com Vítimas Feridas;Plena Noite;Crescente;Céu Claro;Dupla;Reta;Sim;3;0;1;0;2;0;1;2;-23.61809286;-46.80556302;SPRF-SP;DEL04-SP;UOP01-DEL04-SP;271.0;-23.61809286;-46.80556302;2023-03-29;2023;3;2023-03;21;Noite;0;0;1;2
513648;2023-03-30;quinta-feira;04:30:00;SP;381.0;52;ATIBAIA;Velocidade Incompatível;Queda de ocupante de veículo;Com Vítimas Feridas;Plena Noite;Crescente;Vento;Dupla;Não Informado;Não;2;0;2;0;0;0;2;1;-23.2300622;-46.59963076;SPRF-SP;DEL03-SP;UOP01-DEL03-SP;52.0;-23.2300622;-46.59963076;2023-03-30;2023;3;2023-03;4;Madrugada;0;0;2;3
513814;2023-03-30;quinta-feira;22:30:00;SP;116.0;134;CACAPAVA;Condutor deixou de manter distância do veículo da frente;Colisão traseira;Com Vítimas Feridas;Plena Noite;Decrescente;Céu Claro;Dupla;Reta;Não;2;0;1;0;1;0;1;2;-23.1402216;-45.7617252;SPRF-SP;DEL02-SP;UOP02-DEL02-SP;134.0;-23.1402216;-45.7617252;2023-03-30;2023;3;2023-03;22;Noite;0;0;1;3
513656;2023-03-30;quinta-feira;05:30:00;SP;116.0;212;GUARULHOS;Transitar na contramão;Colisão frontal;Com Vítimas Fatais;Plena Noite;Decrescente;Nublado;Múltipla;Reta;Não;3;1;1;0;1;0;1;3;-23.43608315;-46.42805094;SPRF-SP;DEL01-SP;UOP01-DEL01-SP;212.0;-23.43608315;-46.42805094;2023-03-30;2023;3;2023-03;5;Madrugada;1;1;6;3
513662;2023-03-30;quinta-feira;05:40:00;SP;116.0;212;GUARULHOS;Condutor deixou de manter distância do veículo da frente;Colisão traseira;Com Vítimas Feridas;Amanhecer;Decrescente;Nublado;Múltipla;Reta;Sim;3;0;1;1;1;0;2;2;-23.43608315;-46.42805094;SPRF-SP;DEL01-SP;UOP01-DEL01-SP;212.0;-23.43608315;-46.42805094;2023-03-30;2023;3;2023-03;5;Madrugada;0;1;4;3
513787;2023-03-30;quinta-feira;18:50:00;SP;116.0;225.1;GUARULHOS;Reação tardia ou ineficiente do condutor;Colisão traseira;Com Vítimas Feridas;Plena Noite;Decrescente;Céu Claro;Dupla;Reta;Sim;6;0;3;1;2;0;4;2;-23.48586772;-46.54075317;SPRF-SP;DEL01-SP;UOP01-DEL01-SP;225.1;-23.48586772;-46.54075317;2023-03-30;2023;3;2023-03;18;Noite;0;1;6;3
513703;2023-03-30;quinta-feira;09:50:00;SP;381.0;69.8;MAIRIPORA;Acesso irregular;Tombamento;Com Vítimas Feridas;Pleno dia;Crescente;Céu Claro;Múltipla;Não Informado;Não;2;0;1;0;0;1;1;2;-23.34553108;-46.56787903;SPRF-SP;DEL03-SP;UOP01-DEL03-SP;69.8;-23.34553108;-46.56787903;2023-03-30;2023;3;2023-03;9;Manha;0;0;1;3
513794;2023-03-30;quinta-feira;19:00:00;SP;116.0;404.5;MIRACATU;Transitar na contramão;Colisão lateral sentido oposto;Com Vítimas Feridas;Plena Noite;Decrescente;Céu Claro;Simples;Não Informado;Não;2;0;1;0;0;1;1;2;-24.32141494;-47.53653401;SPRF-SP;DEL04-SP;UOP02-DEL04-SP;404.5;-24.32141494;-47.53653401;2023-03-30;2023;3;2023-03;19;Noite;0;0;1;3
513690;2023-03-30;quinta-feira;08:55:00;SP;116.0;144;SAO JOSE DOS CAMPOS;Ausência de reação do condutor;Queda de ocupante de veículo;Com Vítimas Feridas;Pleno dia;Crescente;Céu Claro;Múltipla;Reta;Sim;3;0;2;0;0;1;2;2;-23.18274416;-45.84633592;SPRF-SP;DEL02-SP;UOP01-DEL02-SP;144.0;-23.18274416;-45.84633592;2023-03-30;2023;3;2023-03;8;Manha;0;0;2;3
513795;2023-03-30;quinta-feira;16:11:00;SP;381.0;77.9;SAO PAULO;Reação tardia ou ineficiente do condutor;Saída de leito carroçável;Com Vítimas Feridas;Pleno dia;Crescente;Céu Claro;Múltipla;Não Informado;Não;1;0;0;1;0;0;1;1;-23.388839;-46.5693478;SPRF-SP;DEL03-SP;UOP01-DEL03-SP;77.9;-23.388839;-46.5693478;2023-03-30;2023;3;2023-03;16;Tarde;0;1;3;3
513646;2023-03-30;quinta-feira;02:50:00;SP;116.0;115.3;TAUBATE;Condutor Dormindo;Colisão traseira;Com Vítimas Feridas;Plena Noite;Decrescente;Céu Claro;Dupla;Reta;Sim;3;0;2;0;1;0;2;2;-23.0496047;-45.59973712;SPRF-SP;DEL02-SP;UOP02-DEL02-SP;115.3;-23.0496047;-45.59973712;2023-03-30;2023;3;2023-03;2;Madrugada;0;0;2;3
513710;2023-03-30;quinta-feira;12:00:00;SP;116.0;107;TAUBATE;Reação tardia ou ineficiente do condutor;Queda de ocupante de veículo;Com Vítimas Feridas;Pleno dia;Decrescente;Sol;Dupla;Reta;Sim;1;0;1;0;0;0;1;1;-23.01791287;-45.53009409;SPRF-SP;DEL02-SP;UOP02-DEL02-SP;107.0;-23.01791287;-45.53009409;2023-03-30;2023;3;2023-03;12;Tarde;0;0;1;3
513895;2023-03-31;sexta-feira;11:30:00;SP;116.0;41;CACHOEIRA PAULISTA;Reação tardia ou ineficiente do condutor;Colisão traseira;Com Vítimas Feridas;Pleno dia;Decrescente;Sol;Dupla;Não Informado;Sim;2;0;1;0;0;1;1;2;-22.68631027;-45.0146498;SPRF-SP;DEL08-SP;UOP02-DEL08-SP;41.0;-22.68631027;-45.0146498;2023-03-31;2023;3;2023-03;11;Manha;0;0;1;4
513892;2023-03-31;sexta-feira;13:00:00;SP;116.0;182;GUARAREMA;Reação tardia ou ineficiente do condutor;Colisão traseira;Com Vítimas Feridas;Pleno dia;Decrescente;Céu Claro;Múltipla;Reta;Sim;3;0;2;0;0;1;2;2;-23.34505765;-46.16213519;SPRF-SP;DEL01-SP;UOP01-DEL01-SP;182.0;-23.34505765;-46.16213519;2023-03-31;2023;3;2023-03;13;Tarde;0;0;2;4
513898;2023-03-31;sexta-feira;13:30:00;SP;116.0;209;GUARULHOS;Acessar a via sem observar a presença dos outros veículos;Colisão lateral mesmo sentido;Sem Vítimas;Pleno dia;Crescente;Céu Claro;Dupla;Reta;Não;4;0;0;0;4;0;0;3;-23.42511799;-46.40221101;SPRF-SP;DEL01-SP;UOP01-DEL01-SP;209.0;-23.42511799;-46.40221101;2023-03-31;2023;3;2023-03;13;Tarde;0;0;0;4
513956;2023-03-31;sexta-feira;18:03:00;SP;381.0;87.5;GUARULHOS;Reação tardia ou ineficiente do condutor;Colisão traseira;Com Vítimas Feridas;Plena Noite;Decrescente;Céu Claro;Múltipla;Reta;Sim;3;0;1;0;2;0;1;2;-23.46885001;-46.56996601;SPRF-SP;DEL03-SP;UOP01-DEL03-SP;87.5;-23.46885001;-46.56996601;2023-03-31;2023;3;2023-03;18;Noite;0;0;1;4
513877;2023-03-31;sexta-feira;11:10:00;SP;381.0;69;MAIRIPORA;Mal súbito do condutor;Colisão com objeto;Com Vítimas Feridas;Pleno dia;Crescente;Céu Claro;Dupla;Reta;Não;1;0;1;0;0;0;1;1;-23.34553108;-46.56787903;SPRF-SP;DEL03-SP;UOP01-DEL03-SP;69.0;-23.34553108;-46.56787903;2023-03-31;2023;3;2023-03;11;Manha;0;0;1;4
513939;2023-03-31;sexta-feira;16:20:00;SP;116.0;9;QUELUZ;Obras na pista;Colisão lateral mesmo sentido;Com Vítimas Feridas;Pleno dia;Decrescente;Céu Claro;Dupla;Não Informado;Não;2;0;1;0;1;0;1;2;-22.540648;-44.779574;SPRF-SP;DEL08-SP;UOP02-DEL08-SP;9.0;-22.540648;-44.779574;2023-03-31;2023;3;2023-03;16;Tarde;0;0;1;4
513840;2023-03-31;sexta-feira;07:30:00;SP;116.0;139.8;SAO JOSE DOS CAMPOS;Condutor deixou de manter distância do veículo da frente;Colisão traseira;Com Vítimas Feridas;Pleno dia;Crescente;Céu Claro;Dupla;Reta;Sim;2;0;1;0;1;0;1;2;-23.16153216;-45.80400592;SPRF-SP;DEL02-SP;UOP01-DEL02-SP;139.8;-23.16153216;-45.80400592;2023-03-31;2023;3;2023-03;7;Manha;0;0;1;4
513994;2023-03-31;sexta-feira;20:03:00;SP;381.0;77;SAO PAULO;Demais falhas mecânicas ou elétricas;Incêndio;Sem Vítimas;Plena Noite;Crescente;Céu Claro;Dupla;Não Informado;Não;1;0;0;0;1;0;0;1;-23.388839;-46.5693478;SPRF-SP;DEL03-SP;UOP01-DEL03-SP;77.0;-23.388839;-46.5693478;2023-03-31;2023;3;2023-03;20;Noite;0;0;0;4
513941;2023-03-31;sexta-feira;15:50:00;SP;116.0;108;TAUBATE;Manobra de mudança de faixa;Colisão lateral mesmo sentido;Com Vítimas Feridas;Pleno dia;Crescente;Nublado;Dupla;Reta;Sim;2;0;1;0;1;0;1;2;-23.0233097;-45.53763622;SPRF-SP;DEL02-SP;UOP02-DEL02-SP;108.0;-23.0233097;-45.53763622;2023-03-31;2023;3;2023-03;15;Tarde;0;0;1;4
513940;2023-03-31;sexta-feira;16:20:00;SP;101.0;52;UBATUBA;Acessar a via sem observar a presença dos outros veículos;Colisão transversal;Com Vítimas Feridas;Pleno dia;Decrescente;Chuva;Simples;Não Informado;Sim;2;0;1;0;1;0;1;2;-23.46291171;-45.06385803;SPRF-SP;DEL06-SP;UOP01-DEL06-SP;52.0;-23.46291171;-45.06385803;2023-03-31;2023;3;2023-03;16;Tarde;0;0;1;4
513945;2023-03-31;sexta-feira;16:40:00;SP;101.0;35.4;UBATUBA;Manobra de mudança de faixa;Colisão lateral mesmo sentido;Com Vítimas Feridas;Pleno dia;Crescente;Chuva;Simples;Reta;Sim;3;0;1;0;2;0;1;2;-23.39419841;-45.01197338;SPRF-SP;DEL06-SP;UOP01-DEL06-SP;35.4;-23.39419841;-45.01197338;2023-03-31;2023;3;2023-03;16;Tarde;0;0;1;4
514112;2023-04-01;sabado;10:06:00;SP;116.0;205;ARUJA;Demais falhas mecânicas ou elétricas;Queda de ocupante de veículo;Com Vítimas Feridas;Pleno dia;Decrescente;Sol;Múltipla;Reta;Sim;2;0;2;0;0;0;2;1;-23.41475243;-46.36600788;SPRF-SP;DEL01-SP;UOP01-DEL01-SP;205.0;-23.41475243;-46.36600788;2023-04-01;2023;4;2023-04;10;Manha;0;0;2;5
514208;2023-04-01;sabado;17:00:00;SP;116.0;207;ARUJA;Reação tardia ou ineficiente do condutor;Saída de leito carroçável;Com Vítimas Feridas;Pleno dia;Decrescente;Nublado;Dupla;Reta;Sim;1;0;1;0;0;0;1;1;-23.41972188;-46.38419203;SPRF-SP;DEL01-SP;UOP01-DEL01-SP;207.0;-23.41972188;-46.38419203;2023-04-01;2023;4;2023-04;17;Tarde;0;0;1;5
514130;2023-04-01;sabado;11:40:00;SP;381.0;41;ATIBAIA;Manobra de mudança de faixa;Colisão traseira;Com Vítimas Feridas;Pleno dia;Decrescente;Sol;Dupla;Reta;Sim;2;0;1;0;1;0;1;2;-23.13863999;-46.57584088;SPRF-SP;DEL03-SP;UOP01-DEL03-SP;41.0;-23.13863999;-46.57584088;2023-04-01;2023;4;2023-04;11;Manha;0;0;1;5
514213;2023-04-01;sabado;15:00:00;SP;381.0;22;BRAGANCA PAULISTA;Pista esburacada;Tombamento;Com Vítimas Feridas;Pleno dia;Decrescente;Sol;Simples;Não Informado;Não;1;0;1;0;0;0;1;1;-22.99697186;-46.5163051;SPRF-SP;DEL03-SP;UOP02-DEL03-SP;22.0;-22.99697186;-46.5163051;2023-04-01;2023;4;2023-04;15;Tarde;0;0;1;5
514046;2023-04-01;sabado;01:10:00;SP;116.0;278;EMBU DAS ARTES;Ausência de reação do condutor;Colisão lateral mesmo sentido;Com Vítimas Feridas;Plena Noite;Crescente;Nevoeiro/Neblina;Dupla;Não Informado;Não;3;0;1;0;1;1;1;3;-23.65508497;-46.84918605;SPRF-SP;DEL04-SP;UOP01-DEL04-SP;278.0;-23.65508497;-46.84918605;2023-04-01;2023;4;2023-04;1;Madrugada;0;0;1;5
514224;2023-04-01;sabado;20:30:00;SP;116.0;282;EMBU DAS ARTES;Ausência de reação do condutor;Queda de ocupante de veículo;Com Vítimas Feridas;Plena Noite;Decrescente;Nublado;Dupla;Curva;Não;2;0;2;0;0;0;2;1;-23.68570216;-46.85970975;SPRF-SP;DEL04-SP;UOP01-DEL04-SP;282.0;-23.68570216;-46.85970975;2023-04-01;2023;4;2023-04;20;Noite;0;0;2;5
514102;2023-04-01;sabado;09:50:00;SP;116.0;226;GUARULHOS;Reação tardia ou ineficiente do condutor;Colisão traseira;Sem Vítimas;Pleno dia;Crescente;Céu Claro;Dupla;Reta;Sim;3;0;0;0;2;1;0;3;-23.49102507;-46.54878195;SPRF-SP;DEL01-SP;UOP01-DEL01-SP;226.0;-23.49102507;-46.54878195;2023-04-01;2023;4;2023-04;9;Manha;0;0;0;5
514076;2023-04-01;sabado;05:10:00;SP;116.0;56.2;LORENA;Reação tardia ou ineficiente do condutor;Colisão lateral mesmo sentido;Com Vítimas Feridas;Amanhecer;Crescente;Céu Claro;Dupla;Reta;Não;3;0;1;0;2;0;1;2;-22.76904403;-45.13040598;SPRF-SP;DEL08-SP;UOP02-DEL08-SP;56.2;-22.76904403;-45.13040598;2023-04-01;2023;4;2023-04;5;Madrugada;0;0;1;5
514249;2023-04-01;sabado;12:47:00;SP;158.0;6;PAULICEIA;Reação tardia ou ineficiente do condutor;Colisão traseira;Com Vítimas Feridas;Pleno dia;Crescente;Céu Claro;Simples;Rotatória;Não;3;0;0;1;2;0;1;2;-21.30570803;-51.82929039;SPRF-MS;DEL07-MS;UOP01-DEL07-MS;6.0;-21.30570803;-51.82929039;2023-04-01;2023;4;2023-04;12;Tarde;0;1;3;5
514256;2023-04-01;sabado;22:00:00;SP;153.0;145.4;PROMISSAO;Acessar a via sem observar a presença dos outros veículos;Colisão transversal;Sem Vítimas;Plena Noite;Decrescente;Céu Claro;Simples;Reta;Não;3;0;0;0;1;2;0;2;-21.37248804;-49.79171745;SPRF-SP;DEL07-SP;UOP01-DEL07-SP;145.4;-21.37248804;-49.79171745;2023-04-01;2023;4;2023-04;22;Noite;0;0;0;5
514120;2023-04-01;sabado;11:10:00;SP;116.0;449;REGISTRO;Obras na pista;Colisão traseira;Com Vítimas Feridas;Pleno dia;Crescente;Céu Claro;Dupla;Reta;Não;3;0;1;0;2;0;1;3;-24.52913591;-47.85619324;SPRF-SP;DEL05-SP;UOP01-DEL05-SP;449.0;-24.52913591;-47.85619324;2023-04-01;2023;4;2023-04;11;Manha;0;0;1;5
514157;2023-04-01;sabado;14:50:00;SP;116.0;134.8;SAO JOSE DOS CAMPOS;Condutor Dormindo;Saída de leito carroçável;Com Vítimas Feridas;Pleno dia;Decrescente;Céu Claro;Dupla;Reta;Sim;2;0;1;0;1;0;1;1;-23.1402216;-45.7617252;SPRF-SP;DEL02-SP;UOP01-DEL02-SP;134.8;-23.1402216;-45.7617252;2023-04-01;2023;4;2023-04;14;Tarde;0;0;1;5
514104;2023-04-01;sabado;09:19:00;SP;116.0;230;SAO PAULO;Reação tardia ou ineficiente do condutor;Engavetamento;Com Vítimas Feridas;Pleno dia;Crescente;Céu Claro;Dupla;Reta;Sim;4;0;1;0;3;0;1;3;-23.52251783;-46.5855702;SPRF-SP;DEL01-SP;UOP01-DEL01-SP;230.0;-23.52251783;-46.5855702;2023-04-01;2023;4;2023-04;9;Manha;0;0;1;5
514113;2023-04-01;sabado;10:35:00;SP;116.0;230;SAO PAULO;Reação tardia ou ineficiente do condutor;Colisão traseira;Com Vítimas Feridas;Pleno dia;Decrescente;Céu Claro;Dupla;Reta;Sim;2;0;1;0;1;0;1;2;-23.52251783;-46.5855702;SPRF-SP;DEL01-SP;UOP01-DEL01-SP;230.0;-23.52251783;-46.5855702;2023-04-01;2023;4;2023-04;10;Manha;0;0;1;5
514174;2023-04-01;sabado;16:45:00;SP;381.0;88;SAO PAULO;Demais falhas mecânicas ou elétricas;Colisão lateral mesmo sentido;Com Vítimas Feridas;Pleno dia;Decrescente;Céu Claro;Múltipla;Reta;Sim;3;0;1;0;2;0;1;3;-23.47469314;-46.56112919;SPRF-SP;DEL03-SP;UOP01-DEL03-SP;88.0;-23.47469314;-46.56112919;2023-04-01;2023;4;2023-04;16;Tarde;0;0;1;5
520842;2023-04-01;sabado;13:15:00;SP;116.0;230;SAO PAULO;Reação tardia ou ineficiente do condutor;Queda de ocupante de veículo;Com Vítimas Feridas;Pleno dia;Crescente;Céu Claro;Múltipla;Reta;Sim;1;0;1;0;0;0;1;1;-23.52251783;-46.5855702;SPRF-SP;DEL01-SP;UOP01-DEL01-SP;230.0;-23.52251783;-46.5855702;2023-04-01;2023;4;2023-04;13;Tarde;0;0;1;5
514136;2023-04-01;sabado;11:30:00;SP;116.0;272.9;TABOAO DA SERRA;Acumulo de areia ou detritos sobre o pavimento;Queda de ocupante de veículo;Com Vítimas Feridas;Pleno dia;Crescente;Céu Claro;Simples;Não Informado;Sim;1;0;1;0;0;0;1;1;-23.621691;-46.813288;SPRF-SP;DEL04-SP;UOP01-DEL04-SP;272.9;-23.621691;-46.813288;2023-04-01;2023;4;2023-04;11;Manha;0;0;1;5
514084;2023-04-01;sabado;07:00:00;SP;116.0;113;TAUBATE;Mal súbito do condutor;Tombamento;Com Vítimas Feridas;Pleno dia;Decrescente;Nublado;Dupla;Reta;Não;1;0;0;1;0;0;1;1;-23.0440828;-45.58041405;SPRF-SP;DEL02-SP;UOP02-DEL02-SP;113.0;-23.0440828;-45.58041405;2023-04-01;2023;4;2023-04;7;Manha;0;1;3;5
514155;2023-04-01;sabado;17:55:00;SP;153.0;117.9;UBARANA;Velocidade Incompatível;Saída de leito carroçável;Com Vítimas Feridas;Anoitecer;Decrescente;Nublado;Simples;Reta;Não;1;0;0;1;0;0;1;1;-21.14572082;-49.70300934;SPRF-SP;DEL09-SP;UOP01-DEL09-SP;117.9;-21.14572082;-49.70300934;2023-04-01;2023;4;2023-04;17;Tarde;0;1;3;5
514294;2023-04-02;domingo;05:45:00;SP;381.0;23;BRAGANCA PAULISTA;Ingestão de álcool pelo condutor;Colisão traseira;Com Vítimas Feridas;Amanhecer;Decrescente;Céu Claro;Dupla;Não Informado;Não;3;0;2;0;1;0;2;3;-23.00476488;-46.52061531;SPRF-SP;DEL03-SP;UOP02-DEL03-SP;23.0;-23.00476488;-46.52061531;2023-04-02;2023;4;2023-04;5;Madrugada;0;0;2;6
514281;2023-04-02;domingo;03:40:00;SP;116.0;278.4;EMBU DAS ARTES;Velocidade Incompatível;Colisão com objeto;Com Vítimas Feridas;Plena Noite;Decrescente;Céu Claro;Dupla;Curva;Não;1;0;1;0;0;0;1;1;-23.65508497;-46.84918605;SPRF-SP;DEL04-SP;UOP01-DEL04-SP;278.4;-23.65508497;-46.84918605;2023-04-02;2023;4;2023-04;3;Madrugada;0;0;1;6
514283;2023-04-02;domingo;05:20:00;SP;116.0;281.9;EMBU DAS ARTES;Ausência de reação do condutor;Colisão frontal;Sem Vítimas;Amanhecer;Decrescente;Céu Claro;Dupla;Curva;Sim;5;0;0;0;5;0;0;3;-23.67784787;-46.85769227;SPRF-SP;DEL04-SP;UOP01-DEL04-SP;281.9;-23.67784787;-46.85769227;2023-04-02;2023;4;2023-04;5;Madrugada;0;0;0;6
514302;2023-04-02;domingo;03:30:00;SP;381.0;87.2;GUARULHOS;Ausência de reação do condutor;Colisão com objeto;Com Vítimas Feridas;Plena Noite;Decrescente;Céu Claro;Dupla;Reta;Sim;1;0;1;0;0;0;1;1;-23.46885001;-46.56996601;SPRF-SP;DEL03-SP;UOP01-DEL03-SP;87.2;-23.46885001;-46.56996601;2023-04-02;2023;4;2023-04;3;Madrugada;0;0;1;6
514486;2023-04-02;domingo;23:40:00;SP;116.0;223;GUARULHOS;Ausência de reação do condutor;Saída de leito carroçável;Sem Vítimas;Plena Noite;Crescente;Nublado;Múltipla;Não Informado;Sim;1;0;0;0;0;1;0;1;-23.47559815;-46.5246609;SPRF-SP;DEL01-SP;UOP01-DEL01-SP;223.0;-23.47559815;-46.5246609;2023-04-02;2023;4;2023-04;23;Noite;0;0;0;6
514475;2023-04-02;domingo;22:40:00;SP;116.0;322.4;JUQUITIBA;Pedestre andava na pista;Atropelamento de Pedestre;Com Vítimas Fatais;Plena Noite;Decrescente;Céu Claro;Dupla;Reta;Sim;2;1;0;0;1;0;0;1;-23.935106;-47.026682;SPRF-SP;DEL04-SP;UOP03-DEL04-SP;322.4;-23.935106;-47.026682;2023-04-02;2023;4;2023-04;22;Noite;1;1;5;6
514464;2023-04-02;domingo;21:40:00;SP;116.0;86;PINDAMONHANGABA;Ausência de reação do condutor;Colisão traseira;Com Vítimas Feridas;Plena Noite;Decrescente;Céu Claro;Dupla;Reta;Sim;4;0;2;0;2;0;2;2;-22.92639476;-45.35307511;SPRF-SP;DEL08-SP;UOP01-DEL08-SP;86.0;-22.92639476;-45.35307511;2023-04-02;2023;4;2023-04;21;Noite;0;0;2;6
514433;2023-04-02;domingo;18:10:00;SP;116.0;308;SAO LOURENCO DA SERRA;Reação tardia ou ineficiente do condutor;Capotamento;Com Vítimas Feridas;Plena Noite;Decrescente;Céu Claro;Dupla;Não Informado;Sim;1;0;1;0;0;0;1;1;-23.86213995;-46.94718508;SPRF-SP;DEL04-SP;UOP01-DEL04-SP;308.0;-23.86213995;-46.94718508;2023-04-02;2023;4;2023-04;18;Noite;0;0;1;6
514512;2023-04-03;segunda-feira;05:50:00;SP;116.0;223;GUARULHOS;Manobra de mudança de faixa;Colisão lateral mesmo sentido;Com Vítimas Feridas;Pleno dia;Crescente;Céu Claro;Múltipla;Reta;Sim;2;0;1;0;1;0;1;2;-23.47559815;-46.5246609;SPRF-SP;DEL01-SP;UOP01-DEL01-SP;223.0;-23.47559815;-46.5246609;2023-04-03;2023;4;2023-04;5;Madrugada;0;0;1;0
514524;2023-04-03;segunda-feira;08:09:00;SP;116.0;225;GUARULHOS;Ausência de reação do condutor;Colisão traseira;Com Vítimas Feridas;Pleno dia;Crescente;Céu Claro;Dupla;Reta;Sim;2;0;1;0;1;0;1;2;-23.48586772;-46.54075317;SPRF-SP;DEL01-SP;UOP01-DEL01-SP;225.0;-23.48586772;-46.54075317;2023-04-03;2023;4;2023-04;8;Manha;0;0;1;0
514534;2023-04-03;segunda-feira;08:20:00;SP;116.0;225;GUARULHOS;Ausência de reação do condutor;Colisão traseira;Com Vítimas Feridas;Pleno dia;Crescente;Céu Claro;Dupla;Reta;Não;3;0;1;0;2;0;1;3;-23.48586772;-46.54075317;SPRF-SP;DEL01-SP;UOP01-DEL01-SP;225.0;-23.48586772;-46.54075317;2023-04-03;2023;4;2023-04;8;Manha;0;0;1;0
514492;2023-04-03;segunda-feira;00:15:00;SP;116.0;448;REGISTRO;Estacionar ou parar em local proibido;Colisão traseira;Com Vítimas Fatais;Plena Noite;Decrescente;Nublado;Múltipla;Reta;Sim;4;2;0;0;2;0;0;2;-24.51869838;-47.85240239;SPRF-SP;DEL05-SP;UOP01-DEL05-SP;448.0;-24.51869838;-47.85240239;2023-04-03;2023;4;2023-04;0;Madrugada;1;1;10;0
514503;2023-04-03;segunda-feira;03:15:00;SP;116.0;157.7;SAO JOSE DOS CAMPOS;Ingestão de álcool pelo condutor;Colisão traseira;Com Vítimas Feridas;Plena Noite;Decrescente;Céu Claro;Dupla;Reta;Sim;5;0;2;0;2;1;2;2;-23.25558031;-45.9437828;SPRF-SP;DEL02-SP;UOP01-DEL02-SP;157.7;-23.25558031;-45.9437828;2023-04-03;2023;4;2023-04;3;Madrugada;0;0;2;0
514587;2023-04-03;segunda-feira;15:30:00;SP;116.0;229;SAO PAULO;Manobra de mudança de faixa;Colisão lateral mesmo sentido;Com Vítimas Feridas;Pleno dia;Decrescente;Céu Claro;Múltipla;Reta;Sim;2;0;1;0;1;0;1;2;-23.51291902;-46.57604698;SPRF-SP;DEL01-SP;UOP01-DEL01-SP;229.0;-23.51291902;-46.57604698;2023-04-03;2023;4;2023-04;15;Tarde;0;0;1;0
514644;2023-04-03;segunda-feira;19:40:00;SP;116.0;272;TABOAO DA SERRA;Manobra de mudança de faixa;Colisão traseira;Com Vítimas Feridas;Plena Noite;Crescente;Céu Claro;Múltipla;Reta;Sim;2;0;0;1;0;1;1;2;-23.621691;-46.813288;SPRF-SP;DEL04-SP;UOP01-DEL04-SP;272.0;-23.621691;-46.813288;2023-04-03;2023;4;2023-04;19;Noite;0;1;3;0
514828;2023-04-04;terca-feira;19:00:00;SP;116.0;276;EMBU DAS ARTES;Manobra de mudança de faixa;Colisão lateral mesmo sentido;Com Vítimas Feridas;Anoitecer;Decrescente;Nublado;Dupla;Reta;Sim;2;0;2;0;0;0;2;2;-23.64262417;-46.83811382;SPRF-SP;DEL04-SP;UOP01-DEL04-SP;276.0;-23.64262417;-46.83811382;2023-04-04;2023;4;2023-04;19;Noite;0;0;2;1
514829;2023-04-04;terca-feira;19:21:00;SP;116.0;280.7;EMBU DAS ARTES;Reação tardia ou ineficiente do condutor;Colisão lateral mesmo sentido;Com Vítimas Feridas;Plena Noite;Decrescente;Nublado;Dupla;Não Informado;Não;2;0;1;0;1;0;1;2;-23.66996108;-46.85590758;SPRF-SP;DEL04-SP;UOP01-DEL04-SP;280.7;-23.66996108;-46.85590758;2023-04-04;2023;4;2023-04;19;Noite;0;0;1;1
514690;2023-04-04;terca-feira;02:15:00;SP;116.0;224;GUARULHOS;Ausência de reação do condutor;Colisão traseira;Com Vítimas Feridas;Plena Noite;Crescente;Céu Claro;Dupla;Reta;Sim;2;0;0;1;0;1;1;2;-23.48268923;-46.53628886;SPRF-SP;DEL01-SP;UOP01-DEL01-SP;224.0;-23.48268923;-46.53628886;2023-04-04;2023;4;2023-04;2;Madrugada;0;1;3;1
514701;2023-04-04;terca-feira;07:00:00;SP;116.0;221;GUARULHOS;Reação tardia ou ineficiente do condutor;Colisão traseira;Com Vítimas Feridas;Pleno dia;Crescente;Céu Claro;Dupla;Reta;Não;2;0;1;0;1;0;1;2;-23.46802395;-46.50704901;SPRF-SP;DEL01-SP;UOP01-DEL01-SP;221.0;-23.46802395;-46.50704901;2023-04-04;2023;4;2023-04;7;Manha;0;0;1;1
514692;2023-04-04;terca-feira;04:30:00;SP;116.0;185.8;SANTA ISABEL;Reação tardia ou ineficiente do condutor;Colisão com objeto;Com Vítimas Feridas;Plena Noite;Decrescente;Céu Claro;Dupla;Curva;Não;1;0;1;0;0;0;1;1;-23.35176424;-46.18966001;SPRF-SP;DEL01-SP;UOP01-DEL01-SP;185.8;-23.35176424;-46.18966001;2023-04-04;2023;4;2023-04;4;Madrugada;0;0;1;1
514777;2023-04-04;terca-feira;14:20:00;SP;116.0;145;SAO JOSE DOS CAMPOS;Acessar a via sem observar a presença dos outros veículos;Atropelamento de Pedestre;Com Vítimas Feridas;Pleno dia;Decrescente;Céu Claro;Múltipla;Reta;Não;2;0;2;0;0;0;2;1;-23.1869844;-45.8548078;SPRF-SP;DEL02-SP;UOP01-DEL02-SP;145.0;-23.1869844;-45.8548078;2023-04-04;2023;4;2023-04;14;Tarde;0;0;2;1
514864;2023-04-04;terca-feira;22:30:00;SP;116.0;304;SAO LOURENCO DA SERRA;Condutor Dormindo;Colisão traseira;Sem Vítimas;Plena Noite;Decrescente;Céu Claro;Dupla;Reta;Não;2;0;0;0;2;0;0;2;-23.835151;-46.92964497;SPRF-SP;DEL04-SP;UOP01-DEL04-SP;304.0;-23.835151;-46.92964497;2023-04-04;2023;4;2023-04;22;Noite;0;0;0;1
515036;2023-04-05;quarta-feira;20:30:00;SP;116.0;204;ARUJA;Ausência de reação do condutor;Colisão traseira;Sem Vítimas;Plena Noite;Decrescente;Céu Claro;Múltipla;Reta;Sim;2;0;0;0;2;0;0;2;-23.41236123;-46.35692496;SPRF-SP;DEL01-SP;UOP01-DEL01-SP;204.0;-23.41236123;-46.35692496;2023-04-05;2023;4;2023-04;20;Noite;0;0;0;2
515039;2023-04-05;quarta-feira;20:20:00;SP;381.0;45;ATIBAIA;Objeto estático sobre o leito carroçável;Colisão com objeto;Com Vítimas Feridas;Plena Noite;Decrescente;Céu Claro;Dupla;Não Informado;Sim;1;0;1;0;0;0;1;1;-23.17274184;-46.57748439;SPRF-SP;DEL03-SP;UOP01-DEL03-SP;45.0;-23.17274184;-46.57748439;2023-04-05;2023;4;2023-04;20;Noite;0;0;1;2
514993;2023-04-05;quarta-feira;15:40:00;SP;116.0;532;BARRA DO TURVO;Reação tardia ou ineficiente do condutor;Saída de leito carroçável;Com Vítimas Feridas;Pleno dia;Crescente;Céu Claro;Dupla;Desvio Temporário;Não;1;0;1;0;0;0;1;1;-24.953383;-48.324095;SPRF-SP;DEL05-SP;UOP02-DEL05-SP;532.0;-24.953383;-48.324095;2023-04-05;2023;4;2023-04;15;Tarde;0;0;1;2
514913;2023-04-05;quarta-feira;07:55:00;SP;116.0;219;GUARULHOS;Manobra de mudança de faixa;Queda de ocupante de veículo;Com Vítimas Feridas;Pleno dia;Decrescente;Nublado;Múltipla;Reta;Não;2;0;1;0;0;1;1;2;-23.46143954;-46.48885316;SPRF-SP;DEL01-SP;UOP01-DEL01-SP;219.0;-23.46143954;-46.48885316;2023-04-05;2023;4;2023-04;7;Manha;0;0;1;2
514990;2023-04-05;quarta-feira;16:15:00;SP;459.0;31;LORENA;Reação tardia ou ineficiente do condutor;Colisão traseira;Com Vítimas Feridas;Pleno dia;Decrescente;Nublado;Simples;Rotatória;Sim;2;0;1;0;1;0;1;2;-22.732813;-45.098679;SPRF-SP;DEL08-SP;UOP02-DEL08-SP;31.0;-22.732813;-45.098679;2023-04-05;2023;4;2023-04;16;Tarde;0;0;1;2
514936;2023-04-05;quarta-feira;11:10:00;SP;381.0;66;MAIRIPORA;Condutor deixou de manter distância do veículo da frente;Colisão traseira;Com Vítimas Feridas;Pleno dia;Decrescente;Sol;Dupla;Curva;Sim;3;0;1;0;2;0;1;2;-23.32451103;-46.58021504;SPRF-SP;DEL03-SP;UOP01-DEL03-SP;66.0;-23.32451103;-46.58021504;2023-04-05;2023;4;2023-04;11;Manha;0;0;1;2
515044;2023-04-05;quarta-feira;20:20:00;SP;116.0;445;REGISTRO;Reação tardia ou ineficiente do condutor;Tombamento;Com Vítimas Feridas;Plena Noite;Crescente;Garoa/Chuvisco;Simples;Reta;Sim;1;0;1;0;0;0;1;1;-24.49790715;-47.84208686;SPRF-SP;DEL05-SP;UOP01-DEL05-SP;445.0;-24.49790715;-47.84208686;2023-04-05;2023;4;2023-04;20;Noite;0;0;1;2
515051;2023-04-05;quarta-feira;21:38:00;SP;116.0;450;REGISTRO;Ausência de reação do condutor;Colisão traseira;Com Vítimas Feridas;Plena Noite;Crescente;Garoa/Chuvisco;Dupla;Reta;Não;3;0;1;0;2;0;1;2;-24.53728295;-47.85899314;SPRF-SP;DEL05-SP;UOP01-DEL05-SP;450.0;-24.53728295;-47.85899314;2023-04-05;2023;4;2023-04;21;Noite;0;0;1;2
515018;2023-04-05;quarta-feira;18:45:00;SP;116.0;76.3;ROSEIRA;Pista Escorregadia;Colisão transversal;Com Vítimas Feridas;Plena Noite;Crescente;Chuva;Dupla;Reta;Não;3;0;1;1;1;0;2;2;-22.8774768677;-45.2720390788;SPRF-SP;DEL08-SP;UOP01-DEL08-SP;76.3;-22.8774768677;-45.2720390788;2023-04-05;2023;4;2023-04;18;Noite;0;1;4;2
522442;2023-04-05;quarta-feira;09:30:00;SP;116.0;82.9;ROSEIRA;Pedestre cruzava a pista fora da faixa;Atropelamento de Pedestre;Com Vítimas Feridas;Pleno dia;Decrescente;Sol;Dupla;Reta;Não;2;0;0;1;1;0;1;1;-22.91346033;-45.32740983;SPRF-SP;DEL08-SP;UOP01-DEL08-SP;82.9;-22.91346033;-45.32740983;2023-04-05;2023;4;2023-04;9;Manha;0;1;3;2
514876;2023-04-05;quarta-feira;03:30:00;SP;116.0;273;TABOAO DA SERRA;Reação tardia ou ineficiente do condutor;Colisão lateral sentido oposto;Com Vítimas Feridas;Plena Noite;Crescente;Nublado;Dupla;Não Informado;Sim;2;0;1;0;1;0;1;2;-23.6147513;-46.78799272;SPRF-SP;DEL04-SP;UOP01-DEL04-SP;273.0;-23.6147513;-46.78799272;2023-04-05;2023;4;2023-04;3;Madrugada;0;0;1;2
515231;2023-04-06;quinta-feira;19:10:00;SP;116.0;205;ARUJA;Frear bruscamente;Eventos atípicos;Com Vítimas Fatais;Plena Noite;Decrescente;Nublado;Múltipla;Reta;Sim;2;1;1;0;0;0;1;1;-23.415666;-46.369123;SPRF-SP;DEL01-SP;UOP01-DEL01-SP;205.0;-23.415666;-46.369123;2023-04-06;2023;4;2023-04;19;Noite;1;1;6;3
515176;2023-04-06;quinta-feira;15:00:00;SP;381.0;51;ATIBAIA;Condutor deixou de manter distância do veículo da frente;Colisão traseira;Com Vítimas Feridas;Pleno dia;Decrescente;Céu Claro;Dupla;Reta;Não;2;0;1;0;1;0;1;2;-23.221911;-46.59644;SPRF-SP;DEL03-SP;UOP01-DEL03-SP;51.0;-23.221911;-46.59644;2023-04-06;2023;4;2023-04;15;Tarde;0;0;1;3
515194;2023-04-06;quinta-feira;16:00:00;SP;381.0;53;ATIBAIA;Condutor deixou de manter distância do veículo da frente;Colisão lateral mesmo sentido;Com Vítimas Feridas;Pleno dia;Decrescente;Céu Claro;Dupla;Reta;Sim;3;0;1;0;2;0;1;2;-23.23727986;-46.59981085;SPRF-SP;DEL03-SP;UOP01-DEL03-SP;53.0;-23.23727986;-46.59981085;2023-04-06;2023;4;2023-04;16;Tarde;0;0;1;3
515087;2023-04-06;quinta-feira;07:15:00;SP;116.0;221;GUARULHOS;Ausência de reação do condutor;Colisão frontal;Com Vítimas Feridas;Pleno dia;Decrescente;Céu Claro;Dupla;Reta;Sim;2;0;1;0;1;0;1;2;-23.46802395;-46.50704901;SPRF-SP;DEL01-SP;UOP01-DEL01-SP;221.0;-23.46802395;-46.50704901;2023-04-06;2023;4;2023-04;7;Manha;0;0;1;3
515088;2023-04-06;quinta-feira;06:32:00;SP;116.0;219;GUARULHOS;Ingestão de álcool pelo condutor;Colisão traseira;Sem Vítimas;Pleno dia;Crescente;Céu Claro;Simples;Curva;Sim;2;0;0;0;2;0;0;2;-23.46143954;-46.48885316;SPRF-SP;DEL01-SP;UOP01-DEL01-SP;219.0;-23.46143954;-46.48885316;2023-04-06;2023;4;2023-04;6;Manha;0;0;0;3
515101;2023-04-06;quinta-feira;07:00:00;SP;116.0;221;GUARULHOS;Manobra de mudança de faixa;Colisão lateral mesmo sentido;Com Vítimas Feridas;Pleno dia;Decrescente;Nublado;Múltipla;Reta;Sim;3;0;1;0;2;0;1;2;-23.46802395;-46.50704901;SPRF-SP;DEL01-SP;UOP01-DEL01-SP;221.0;-23.46802395;-46.50704901;2023-04-06;2023;4;2023-04;7;Manha;0;0;1;3
515241;2023-04-06;quinta-feira;19:00:00;SP;153.0;14.7;ICEM;Ausência de reação do condutor;Colisão com objeto;Com Vítimas Feridas;Plena Noite;Crescente;Nublado;Simples;Não Informado;Não;1;0;1;0;0;0;1;1;-20.41481389;-49.26025307;SPRF-SP;DEL09-SP;UOP01-DEL09-SP;14.7;-20.41481389;-49.26025307;2023-04-06;2023;4;2023-04;19;Noite;0;0;1;3
515170;2023-04-06;quinta-feira;13:50:00;SP;153.0;264;MARILIA;Condutor Dormindo;Saída de leito carroçável;Com Vítimas Feridas;Pleno dia;Decrescente;Céu Claro;Simples;Desvio Temporário;Não;1;0;1;0;0;0;1;1;-22.29842576;-49.90881386;SPRF-SP;DEL07-SP;UOP02-DEL07-SP;264.0;-22.29842576;-49.90881386;2023-04-06;2023;4;2023-04;13;Tarde;0;0;1;3
515183;2023-04-06;quinta-feira;14:20:00;SP;116.0;464.5;PARIQUERA-ACU;Reação tardia ou ineficiente do condutor;Queda de ocupante de veículo;Com Vítimas Feridas;Pleno dia;Crescente;Céu Claro;Dupla;Reta;Não;1;0;1;0;0;0;1;1;-24.64131463;-47.91527636;SPRF-SP;DEL05-SP;UOP01-DEL05-SP;464.5;-24.64131463;-47.91527636;2023-04-06;2023;4;2023-04;14;Tarde;0;0;1;3
515256;2023-04-06;quinta-feira;19:00:00;SP;116.0;82;ROSEIRA;Falta de acostamento;Atropelamento de Pedestre;Com Vítimas Feridas;Plena Noite;Crescente;Nublado;Dupla;Ponte;Não;2;0;0;1;0;1;1;1;-22.90889054;-45.3187108;SPRF-SP;DEL08-SP;UOP01-DEL08-SP;82.0;-22.90889054;-45.3187108;2023-04-06;2023;4;2023-04;19;Noite;0;1;3;3
515134;2023-04-06;quinta-feira;09:50:00;SP;116.0;192;SANTA ISABEL;Ultrapassagem Indevida;Colisão lateral mesmo sentido;Sem Vítimas;Pleno dia;Decrescente;Céu Claro;Dupla;Não Informado;Não;2;0;0;0;1;1;0;2;-23.376923;-46.249733;SPRF-SP;DEL01-SP;UOP01-DEL01-SP;192.0;-23.376923;-46.249733;2023-04-06;2023;4;2023-04;9;Manha;0;0;0;3
515092;2023-04-06;quinta-feira;07:15:00;SP;153.0;61.4;SAO JOSE DO RIO PRETO;Reação tardia ou ineficiente do condutor;Tombamento;Com Vítimas Feridas;Pleno dia;Decrescente;Céu Claro;Dupla;Não Informado;Sim;1;0;1;0;0;0;1;1;-20.808361;-49.356212;SPRF-SP;DEL09-SP;UOP01-DEL09-SP;61.4;-20.808361;-49.356212;2023-04-06;2023;4;2023-04;7;Manha;0;0;1;3
515174;2023-04-06;quinta-feira;14:00:00;SP;153.0;61.5;SAO JOSE DO RIO PRETO;Reação tardia ou ineficiente do condutor;Colisão com objeto;Com Vítimas Feridas;Pleno dia;Crescente;Céu Claro;Dupla;Curva;Sim;1;0;1;0;0;0;1;1;-20.80502876;-49.35574909;SPRF-SP;DEL09-SP;UOP01-DEL09-SP;61.5;-20.80502876;-49.35574909;2023-04-06;2023;4;2023-04;14;Tarde;0;0;1;3
515220;2023-04-06;quinta-feira;17:30:00;SP;153.0;60.1;SAO JOSE DO RIO PRETO;Reação tardia ou ineficiente do condutor;Colisão traseira;Com Vítimas Feridas;Pleno dia;Crescente;Nublado;Dupla;Reta;Sim;2;0;1;0;1;0;1;2;-20.79627979;-49.35480206;SPRF-SP;DEL09-SP;UOP01-DEL09-SP;60.1;-20.79627979;-49.35480206;2023-04-06;2023;4;2023-04;17;Tarde;0;0;1;3
515227;2023-04-06;quinta-feira;17:40:00;SP;116.0;147.8;SAO JOSE DOS CAMPOS;Reação tardia ou ineficiente do condutor;Tombamento;Com Vítimas Feridas;Anoitecer;Crescente;Nublado;Múltipla;Reta;Sim;1;0;1;0;0;0;1;1;-23.19542994;-45.87176303;SPRF-SP;DEL02-SP;UOP01-DEL02-SP;147.8;-23.19542994;-45.87176303;2023-04-06;2023;4;2023-04;17;Tarde;0;0;1;3
515208;2023-04-06;quinta-feira;14:10:00;SP;116.0;271.9;TABOAO DA SERRA;Ausência de reação do condutor;Colisão traseira;Com Vítimas Feridas;Pleno dia;Crescente;Céu Claro;Dupla;Reta;Sim;4;0;1;0;3;0;1;2;-23.61809286;-46.80556302;SPRF-SP;DEL04-SP;UOP01-DEL04-SP;271.9;-23.61809286;-46.80556302;2023-04-06;2023;4;2023-04;14;Tarde;0;0;1;3
515214;2023-04-06;quinta-feira;17:25:00;SP;101.0;49;UBATUBA;Reação tardia ou ineficiente do condutor;Colisão traseira;Sem Vítimas;Anoitecer;Crescente;Nublado;Simples;Reta;Sim;2;0;0;0;2;0;0;2;-23.44410908;-45.08375708;SPRF-SP;DEL06-SP;UOP01-DEL06-SP;49.0;-23.44410908;-45.08375708;2023-04-06;2023;4;2023-04;17;Tarde;0;0;0;3
515290;2023-04-06;quinta-feira;23:30:00;SP;101.0;48;UBATUBA;Condutor deixou de manter distância do veículo da frente;Colisão lateral mesmo sentido;Com Vítimas Feridas;Plena Noite;Decrescente;Garoa/Chuvisco;Simples;Reta;Sim;3;0;1;0;2;0;1;2;-23.43522395;-45.0869143;SPRF-SP;DEL06-SP;UOP01-DEL06-SP;48.0;-23.43522395;-45.0869143;2023-04-06;2023;4;2023-04;23;Noite;0;0;1;3
515297;2023-04-07;sexta-feira;01:10:00;SP;488.0;2;APARECIDA;Ausência de reação do condutor;Colisão traseira;Sem Vítimas;Plena Noite;Decrescente;Nublado;Dupla;Rotatória;Sim;2;0;0;0;2;0;0;2;-22.849216;-45.236801;SPRF-SP;DEL08-SP;UOP01-DEL08-SP;2.0;-22.849216;-45.236801;2023-04-07;2023;4;2023-04;1;Madrugada;0;0;0;4
515502;2023-04-07;sexta-feira;23:00:00;SP;116.0;202;ARUJA;Ingestão de álcool pelo condutor;Colisão com objeto;Sem Vítimas;Plena Noite;Crescente;Céu Claro;Múltipla;Interseção de vias;Sim;1;0;0;0;1;0;0;1;-23.40809408;-46.33859597;SPRF-SP;DEL01-SP;UOP01-DEL01-SP;202.0;-23.40809408;-46.33859597;2023-04-07;2023;4;2023-04;23;Noite;0;0;0;4
515316;2023-04-07;sexta-feira;05:00:00;SP;116.0;555;BARRA DO TURVO;Reação tardia ou ineficiente do condutor;Saída de leito carroçável;Com Vítimas Feridas;Amanhecer;Crescente;Garoa/Chuvisco;Dupla;Não Informado;Não;2;0;2;0;0;0;2;1;-24.97447301;-48.504597;SPRF-SP;DEL05-SP;UOP02-DEL05-SP;555.0;-24.97447301;-48.504597;2023-04-07;2023;4;2023-04;5;Madrugada;0;0;2;4
515320;2023-04-07;sexta-feira;05:55:00;SP;116.0;516.6;CAJATI;Pista Escorregadia;Saída de leito carroçável;Com Vítimas Feridas;Amanhecer;Decrescente;Chuva;Simples;Curva;Não;2;0;1;0;1;0;1;1;-24.87423036;-48.2190838;SPRF-SP;DEL05-SP;UOP02-DEL05-SP;516.6;-24.87423036;-48.2190838;2023-04-07;2023;4;2023-04;5;Madrugada;0;0;1;4
515378;2023-04-07;sexta-feira;10:17:00;SP;116.0;500;CAJATI;Reação tardia ou ineficiente do condutor;Saída de leito carroçável;Com Vítimas Feridas;Pleno dia;Crescente;Chuva;Dupla;Curva;Não;3;0;1;0;2;0;1;1;-24.78162109;-48.18342711;SPRF-SP;DEL05-SP;UOP02-DEL05-SP;500.0;-24.78162109;-48.18342711;2023-04-07;2023;4;2023-04;10;Manha;0;0;1;4
515505;2023-04-07;sexta-feira;22:50:00;SP;116.0;158;JACAREI;Ausência de reação do condutor;Colisão transversal;Com Vítimas Feridas;Plena Noite;Crescente;Garoa/Chuvisco;Dupla;Reta;Sim;2;0;1;0;1;0;1;2;-23.26072137;-45.95179176;SPRF-SP;DEL02-SP;UOP01-DEL02-SP;158.0;-23.26072137;-45.95179176;2023-04-07;2023;4;2023-04;22;Noite;0;0;1;4
515439;2023-04-07;sexta-feira;16:40:00;SP;116.0;415;JUQUIA;Acumulo de óleo sobre o pavimento;Saída de leito carroçável;Com Vítimas Feridas;Pleno dia;Decrescente;Chuva;Dupla;Curva;Não;1;0;1;0;0;0;1;1;-24.334489;-47.641203;SPRF-SP;DEL05-SP;UOP01-DEL05-SP;415.0;-24.334489;-47.641203;2023-04-07;2023;4;2023-04;16;Tarde;0;0;1;4
515426;2023-04-07;sexta-feira;15:00:00;SP;381.0;60.2;MAIRIPORA;Reação tardia ou ineficiente do condutor;Tombamento;Com Vítimas Feridas;Pleno dia;Decrescente;Chuva;Dupla;Não Informado;Não;1;0;1;0;0;0;1;1;-23.29106;-46.58574;SPRF-SP;DEL03-SP;UOP01-DEL03-SP;60.2;-23.29106;-46.58574;2023-04-07;2023;4;2023-04;15;Tarde;0;0;1;4
515369;2023-04-07;sexta-feira;09:15:00;SP;116.0;143;SAO JOSE DOS CAMPOS;Condutor deixou de manter distância do veículo da frente;Colisão traseira;Com Vítimas Feridas;Pleno dia;Crescente;Chuva;Dupla;Reta;Não;10;0;3;0;7;0;3;7;-23.17849879;-45.83787411;SPRF-SP;DEL02-SP;UOP01-DEL02-SP;143.0;-23.17849879;-45.83787411;2023-04-07;2023;4;2023-04;9;Manha;0;0;3;4
515508;2023-04-07;sexta-feira;22:30:00;SP;116.0;301.8;SAO LOURENCO DA SERRA;Ausência de reação do condutor;Colisão traseira;Com Vítimas Feridas;Plena Noite;Decrescente;Chuva;Dupla;Não Informado;Não;6;0;3;3;0;0;6;2;-23.81147602;-46.92298208;SPRF-SP;DEL04-SP;UOP01-DEL04-SP;301.8;-23.81147602;-46.92298208;2023-04-07;2023;4;2023-04;22;Noite;0;1;12;4
515310;2023-04-07;sexta-feira;04:30:00;SP;116.0;230;SAO PAULO;Manobra de mudança de faixa;Colisão traseira;Com Vítimas Feridas;Plena Noite;Decrescente;Chuva;Múltipla;Reta;Sim;2;0;0;2;0;0;2;2;-23.52251783;-46.5855702;SPRF-SP;DEL01-SP;UOP01-DEL01-SP;230.0;-23.52251783;-46.5855702;2023-04-07;2023;4;2023-04;4;Madrugada;0;1;6;4
515406;2023-04-07;sexta-feira;14:20:00;SP;116.0;228;SAO PAULO;Condutor deixou de manter distância do veículo da frente;Colisão traseira;Com Vítimas Feridas;Pleno dia;Crescente;Nevoeiro/Neblina;Múltipla;Reta;Sim;2;0;1;0;1;0;1;2;-23.50343484;-46.56638712;SPRF-SP;DEL01-SP;UOP01-DEL01-SP;228.0;-23.50343484;-46.56638712;2023-04-07;2023;4;2023-04;14;Tarde;0;0;1;4
515503;2023-04-07;sexta-feira;20:00:00;SP;381.0;73;SAO PAULO;Ausência de reação do condutor;Saída de leito carroçável;Sem Vítimas;Plena Noite;Decrescente;Garoa/Chuvisco;Múltipla;Curva;Não;2;0;0;0;2;0;0;1;-23.36553404;-46.55253934;SPRF-SP;DEL03-SP;UOP01-DEL03-SP;73.0;-23.36553404;-46.55253934;2023-04-07;2023;4;2023-04;20;Noite;0;0;0;4
515322;2023-04-07;sexta-feira;05:40:00;SP;116.0;273.9;TABOAO DA SERRA;Ausência de reação do condutor;Colisão traseira;Com Vítimas Feridas;Amanhecer;Crescente;Chuva;Múltipla;Reta;Sim;2;0;1;0;0;1;1;2;-23.62809795;-46.81870306;SPRF-SP;DEL04-SP;UOP01-DEL04-SP;273.9;-23.62809795;-46.81870306;2023-04-07;2023;4;2023-04;5;Madrugada;0;0;1;4
515372;2023-04-07;sexta-feira;08:30:00;SP;116.0;110;TAUBATE;Ingestão de álcool pelo condutor;Colisão lateral mesmo sentido;Com Vítimas Feridas;Pleno dia;Crescente;Sol;Dupla;Não Informado;Sim;3;0;2;0;0;1;2;2;-23.03412614;-45.5526999;SPRF-SP;DEL02-SP;UOP02-DEL02-SP;110.0;-23.03412614;-45.5526999;2023-04-07;2023;4;2023-04;8;Manha;0;0;2;4
515382;2023-04-07;sexta-feira;11:20:00;SP;101.0;44.6;UBATUBA;Condutor deixou de manter distância do veículo da frente;Colisão traseira;Com Vítimas Feridas;Pleno dia;Crescente;Garoa/Chuvisco;Simples;Reta;Sim;2;0;1;0;1;0;1;2;-23.41146869;-45.06665826;SPRF-SP;DEL06-SP;UOP01-DEL06-SP;44.6;-23.41146869;-45.06665826;2023-04-07;2023;4;2023-04;11;Manha;0;0;1;4
515402;2023-04-07;sexta-feira;13:50:00;SP;101.0;52;UBATUBA;Retorno proibido;Colisão transversal;Com Vítimas Feridas;Pleno dia;Crescente;Chuva;Simples;Reta;Não;3;0;1;0;2;0;1;2;-23.4639943;-45.06330013;SPRF-SP;DEL06-SP;UOP01-DEL06-SP;52.0;-23.4639943;-45.06330013;2023-04-07;2023;4;2023-04;13;Tarde;0;0;1;4
515551;2023-04-08;sabado;08:15:00;SP;116.0;562.5;BARRA DO TURVO;Reação tardia ou ineficiente do condutor;Saída de leito carroçável;Com Vítimas Fatais;Amanhecer;Decrescente;Garoa/Chuvisco;Dupla;Não Informado;Não;4;1;3;0;0;0;3;1;-25.02464023;-48.52213701;SPRF-SP;DEL05-SP;UOP02-DEL05-SP;562.5;-25.02464023;-48.52213701;2023-04-08;2023;4;2023-04;8;Manha;1;1;8;5
515531;2023-04-08;sabado;03:30:00;SP;116.0;129.3;CACAPAVA;Condutor Dormindo;Colisão traseira;Com Vítimas Feridas;Plena Noite;Crescente;Nublado;Dupla;Reta;Não;2;0;1;0;1;0;1;2;-23.11885593;-45.71948203;SPRF-SP;DEL02-SP;UOP02-DEL02-SP;129.3;-23.11885593;-45.71948203;2023-04-08;2023;4;2023-04;3;Madrugada;0;0;1;5
515532;2023-04-08;sabado;04:57:00;SP;116.0;36.7;CACHOEIRA PAULISTA;Reação tardia ou ineficiente do condutor;Colisão com objeto;Com Vítimas Feridas;Amanhecer;Crescente;Nublado;Dupla;Não Informado;Não;4;0;2;0;2;0;2;1;-22.662732;-44.981522;SPRF-SP;DEL08-SP;UOP02-DEL08-SP;36.7;-22.662732;-44.981522;2023-04-08;2023;4;2023-04;4;Madrugada;0;0;2;5
515529;2023-04-08;sabado;03:10:00;SP;116.0;515;CAJATI;Reação tardia ou ineficiente do condutor;Saída de leito carroçável;Com Vítimas Feridas;Plena Noite;Decrescente;Garoa/Chuvisco;Dupla;Não Informado;Não;2;0;2;0;0;0;2;1;-24.86704083;-48.21738184;SPRF-SP;DEL05-SP;UOP02-DEL05-SP;515.0;-24.86704083;-48.21738184;2023-04-08;2023;4;2023-04;3;Madrugada;0;0;2;5
515616;2023-04-08;sabado;15:40:00;SP;116.0;326.1;JUQUITIBA;Reação tardia ou ineficiente do condutor;Colisão com objeto;Com Vítimas Feridas;Pleno dia;Crescente;Nublado;Dupla;Curva;Sim;2;0;2;0;0;0;2;1;-23.93901304;-47.06241203;SPRF-SP;DEL04-SP;UOP03-DEL04-SP;326.1;-23.93901304;-47.06241203;2023-04-08;2023;4;2023-04;15;Tarde;0;0;2;5
515615;2023-04-08;sabado;15:00:00;SP;381.0;77;MAIRIPORA;Reação tardia ou ineficiente do condutor;Colisão com objeto;Com Vítimas Feridas;Pleno dia;Decrescente;Chuva;Dupla;Não Informado;Não;1;0;0;1;0;0;1;1;-23.388839;-46.5693478;SPRF-SP;DEL03-SP;UOP01-DEL03-SP;77.0;-23.388839;-46.5693478;2023-04-08;2023;4;2023-04;15;Tarde;0;1;3;5
515693;2023-04-08;sabado;23:20:00;SP;116.0;157;SAO JOSE DOS CAMPOS;Reação tardia ou ineficiente do condutor;Tombamento;Com Vítimas Feridas;Plena Noite;Decrescente;Chuva;Dupla;Não Informado;Sim;1;0;1;0;0;0;1;1;-23.25558031;-45.9437828;SPRF-SP;DEL02-SP;UOP01-DEL02-SP;157.0;-23.25558031;-45.9437828;2023-04-08;2023;4;2023-04;23;Noite;0;0;1;5
526907;2023-04-08;sabado;00:00:00;SP;116.0;229;SAO PAULO;Pedestre cruzava a pista fora da faixa;Atropelamento de Pedestre;Com Vítimas Fatais;Plena Noite;Crescente;Garoa/Chuvisco;Múltipla;Reta;Não;3;1;1;0;1;0;1;1;-23.51291902;-46.57604698;SPRF-SP;DEL01-SP;UOP01-DEL01-SP;229.0;-23.51291902;-46.57604698;2023-04-08;2023;4;2023-04;0;Madrugada;1;1;6;5
515675;2023-04-08;sabado;20:55:00;SP;116.0;272;TABOAO DA SERRA;Ingestão de álcool pelo condutor;Colisão traseira;Sem Vítimas;Plena Noite;Crescente;Nublado;Dupla;Reta;Sim;2;0;0;0;2;0;0;2;-23.621691;-46.813288;SPRF-SP;DEL04-SP;UOP01-DEL04-SP;272.0;-23.621691;-46.813288;2023-04-08;2023;4;2023-04;20;Noite;0;0;0;5
515592;2023-04-08;sabado;13:20:00;SP;101.0;36;UBATUBA;Acessar a via sem observar a presença dos outros veículos;Colisão transversal;Com Vítimas Feridas;Pleno dia;Decrescente;Chuva;Simples;Interseção de vias;Sim;2;0;1;0;1;0;1;2;-23.39663126;-45.01695985;SPRF-SP;DEL06-SP;UOP01-DEL06-SP;36.0;-23.39663126;-45.01695985;2023-04-08;2023;4;2023-04;13;Tarde;0;0;1;5
515938;2023-04-09;domingo;20:00:00;SP;488.0;2;APARECIDA;Entrada inopinada do pedestre;Atropelamento de Pedestre;Com Vítimas Feridas;Plena Noite;Crescente;Nublado;Dupla;Reta;Sim;2;0;1;0;1;0;1;1;-22.849216;-45.236801;SPRF-SP;DEL08-SP;UOP01-DEL08-SP;2.0;-22.849216;-45.236801;2023-04-09;2023;4;2023-04;20;Noite;0;0;1;6
515711;2023-04-09;domingo;02:50:00;SP;116.0;557.9;BARRA DO TURVO;Ausência de reação do condutor;Saída de leito carroçável;Com Vítimas Fatais;Plena Noite;Crescente;Garoa/Chuvisco;Dupla;Não Informado;Não;3;1;2;0;0;0;2;1;-24.99089107;-48.50734616;SPRF-SP;DEL05-SP;UOP02-DEL05-SP;557.9;-24.99089107;-48.50734616;2023-04-09;2023;4;2023-04;2;Madrugada;1;1;7;6
515829;2023-04-09;domingo;16:11:00;SP;116.0;550;BARRA DO TURVO;Reação tardia ou ineficiente do condutor;Saída de leito carroçável;Com Vítimas Feridas;Pleno dia;Decrescente;Céu Claro;Simples;Curva;Não;3;0;1;0;2;0;1;1;-24.95749618;-48.46440871;SPRF-SP;DEL05-SP;UOP02-DEL05-SP;550.0;-24.95749618;-48.46440871;2023-04-09;2023;4;2023-04;16;Tarde;0;0;1;6
515757;2023-04-09;domingo;08:50:00;SP;116.0;504;CAJATI;Reação tardia ou ineficiente do condutor;Saída de leito carroçável;Com Vítimas Feridas;Pleno dia;Crescente;Nublado;Simples;Não Informado;Não;2;0;1;0;1;0;1;1;-24.77541893;-48.20947907;SPRF-SP;DEL05-SP;UOP02-DEL05-SP;504.0;-24.77541893;-48.20947907;2023-04-09;2023;4;2023-04;8;Manha;0;0;1;6
515773;2023-04-09;domingo;11:25:00;SP;116.0;489;CAJATI;Avarias e/ou desgaste excessivo no pneu;Colisão lateral mesmo sentido;Com Vítimas Feridas;Pleno dia;Crescente;Céu Claro;Dupla;Curva;Não;3;0;1;0;2;0;1;2;-24.72188994;-48.072155;SPRF-SP;DEL05-SP;UOP01-DEL05-SP;489.0;-24.72188994;-48.072155;2023-04-09;2023;4;2023-04;11;Manha;0;0;1;6
515731;2023-04-09;domingo;06:30:00;SP;116.0;224;GUARULHOS;Reação tardia ou ineficiente do condutor;Colisão com objeto;Sem Vítimas;Pleno dia;Decrescente;Céu Claro;Múltipla;Reta;Não;1;0;0;0;0;1;0;1;-23.48071896;-46.53271603;SPRF-SP;DEL01-SP;UOP01-DEL01-SP;224.0;-23.48071896;-46.53271603;2023-04-09;2023;4;2023-04;6;Manha;0;0;0;6
515809;2023-04-09;domingo;14:30:00;SP;381.0;59.6;MAIRIPORA;Manobra de mudança de faixa;Colisão lateral mesmo sentido;Com Vítimas Feridas;Pleno dia;Crescente;Nublado;Dupla;Não Informado;Não;2;0;1;0;1;0;1;2;-23.28270705;-46.58787791;SPRF-SP;DEL03-SP;UOP01-DEL03-SP;59.6;-23.28270705;-46.58787791;2023-04-09;2023;4;2023-04;14;Tarde;0;0;1;6
515877;2023-04-09;domingo;17:40:00;SP;381.0;66;MAIRIPORA;Ausência de reação do condutor;Tombamento;Com Vítimas Feridas;Anoitecer;Crescente;Céu Claro;Simples;Reta;Sim;1;0;1;0;0;0;1;1;-23.32451103;-46.58021504;SPRF-SP;DEL03-SP;UOP01-DEL03-SP;66.0;-23.32451103;-46.58021504;2023-04-09;2023;4;2023-04;17;Tarde;0;0;1;6
515910;2023-04-09;domingo;22:30:00;SP;116.0;145.7;SAO JOSE DOS CAMPOS;Ausência de reação do condutor;Colisão lateral mesmo sentido;Com Vítimas Feridas;Plena Noite;Decrescente;Nublado;Múltipla;Reta;Sim;2;0;0;1;0;1;1;2;-23.1891959;-45.85911942;SPRF-SP;DEL02-SP;UOP01-DEL02-SP;145.7;-23.1891959;-45.85911942;2023-04-09;2023;4;2023-04;22;Noite;0;1;3;6
515915;2023-04-09;domingo;23:00:00;SP;116.0;145;SAO JOSE DOS CAMPOS;Ausência de sinalização;Colisão lateral mesmo sentido;Com Vítimas Feridas;Plena Noite;Decrescente;Céu Claro;Dupla;Não Informado;Não;3;0;1;0;2;0;1;2;-23.1869844;-45.8548078;SPRF-SP;DEL02-SP;UOP01-DEL02-SP;145.0;-23.1869844;-45.8548078;2023-04-09;2023;4;2023-04;23;Noite;0;0;1;6
515771;2023-04-09;domingo;11:45:00;SP;116.0;26.3;SILVEIRAS;Avarias e/ou desgaste excessivo no pneu;Saída de leito carroçável;Com Vítimas Feridas;Pleno dia;Crescente;Chuva;Múltipla;Curva;Não;2;0;1;0;1;0;1;1;-22.61419397;-44.90005302;SPRF-SP;DEL08-SP;UOP02-DEL08-SP;26.3;-22.61419397;-44.90005302;2023-04-09;2023;4;2023-04;11;Manha;0;0;1;6
515700;2023-04-09;domingo;01:30:00;SP;116.0;105;TAUBATE;Reação tardia ou ineficiente do condutor;Colisão traseira;Com Vítimas Feridas;Plena Noite;Crescente;Garoa/Chuvisco;Dupla;Reta;Não;3;0;3;0;0;0;3;2;-23.00757973;-45.51466613;SPRF-SP;DEL02-SP;UOP02-DEL02-SP;105.0;-23.00757973;-45.51466613;2023-04-09;2023;4;2023-04;1;Madrugada;0;0;3;6
515808;2023-04-09;domingo;15:40:00;SP;101.0;48.4;UBATUBA;Trafegar com motocicleta (ou similar) entre as faixas;Colisão transversal;Com Vítimas Feridas;Pleno dia;Decrescente;Chuva;Simples;Reta;Não;2;0;2;0;0;0;2;2;-23.44083034;-45.08696795;SPRF-SP;DEL06-SP;UOP01-DEL06-SP;48.4;-23.44083034;-45.08696795;2023-04-09;2023;4;2023-04;15;Tarde;0;0;2;6
516037;2023-04-10;segunda-feira;12:35:00;SP;153.0;81.3;BADY BASSITT;Ultrapassagem Indevida;Colisão frontal;Com Vítimas Feridas;Pleno dia;Decrescente;Céu Claro;Simples;Curva;Não;5;0;3;1;1;0;4;2;-20.912683;-49.491902;SPRF-SP;DEL09-SP;UOP01-DEL09-SP;81.3;-20.912683;-49.491902;2023-04-10;2023;4;2023-04;12;Tarde;0;1;6;0
516503;2023-04-10;segunda-feira;08:50:00;SP;116.0;37.3;CACHOEIRA PAULISTA;Mal súbito do condutor;Saída de leito carroçável;Com Vítimas Feridas;Pleno dia;Crescente;Sol;Dupla;Reta;Não;1;0;1;0;0;0;1;1;-22.66497021;-44.98430985;SPRF-SP;DEL08-SP;UOP02-DEL08-SP;37.3;-22.66497021;-44.98430985;2023-04-10;2023;4;2023-04;8;Manha;0;0;1;0
515966;2023-04-10;segunda-feira;07:00:00;SP;116.0;282;EMBU DAS ARTES;Trafegar com motocicleta (ou similar) entre as faixas;Colisão traseira;Com Vítimas Feridas;Pleno dia;Decrescente;Céu Claro;Dupla;Reta;Sim;2;0;1;0;1;0;1;2;-23.68570216;-46.85970975;SPRF-SP;DEL04-SP;UOP01-DEL04-SP;282.0;-23.68570216;-46.85970975;2023-04-10;2023;4;2023-04;7;Manha;0;0;1;0
515954;2023-04-10;segunda-feira;06:30:00;SP;116.0;224;GUARULHOS;Trafegar com motocicleta (ou similar) entre as faixas;Colisão lateral mesmo sentido;Com Vítimas Feridas;Pleno dia;Crescente;Céu Claro;Múltipla;Reta;Sim;2;0;1;0;1;0;1;2;-23.48071896;-46.53271603;SPRF-SP;DEL01-SP;UOP01-DEL01-SP;224.0;-23.48071896;-46.53271603;2023-04-10;2023;4;2023-04;6;Manha;0;0;1;0
515968;2023-04-10;segunda-feira;07:30:00;SP;116.0;210;GUARULHOS;Reação tardia ou ineficiente do condutor;Colisão traseira;Com Vítimas Feridas;Pleno dia;Crescente;Céu Claro;Múltipla;Reta;Sim;2;0;1;0;0;1;1;2;-23.42870023;-46.41085991;SPRF-SP;DEL01-SP;UOP01-DEL01-SP;210.0;-23.42870023;-46.41085991;2023-04-10;2023;4;2023-04;7;Manha;0;0;1;0
515994;2023-04-10;segunda-feira;08:00:00;SP;116.0;215;GUARULHOS;Manobra de mudança de faixa;Colisão traseira;Com Vítimas Feridas;Pleno dia;Crescente;Céu Claro;Dupla;Reta;Sim;3;0;1;0;2;0;1;2;-23.44695693;-46.45394103;SPRF-SP;DEL01-SP;UOP01-DEL01-SP;215.0;-23.44695693;-46.45394103;2023-04-10;2023;4;2023-04;8;Manha;0;0;1;0
516139;2023-04-10;segunda-feira;22:30:00;SP;116.0;217;GUARULHOS;Ausência de reação do condutor;Queda de ocupante de veículo;Com Vítimas Feridas;Plena Noite;Crescente;Céu Claro;Múltipla;Não Informado;Não;1;0;1;0;0;0;1;1;-23.45423824;-46.47119028;SPRF-SP;DEL01-SP;UOP01-DEL01-SP;217.0;-23.45423824;-46.47119028;2023-04-10;2023;4;2023-04;22;Noite;0;0;1;0
516060;2023-04-10;segunda-feira;11:10:00;SP;116.0;53.2;LORENA;Acessar a via sem observar a presença dos outros veículos;Colisão traseira;Com Vítimas Feridas;Pleno dia;Crescente;Sol;Dupla;Reta;Sim;2;0;1;0;1;0;1;2;-22.75255433;-45.10741076;SPRF-SP;DEL08-SP;UOP02-DEL08-SP;53.2;-22.75255433;-45.10741076;2023-04-10;2023;4;2023-04;11;Manha;0;0;1;0
516083;2023-04-10;segunda-feira;18:00:00;SP;381.0;54.3;MAIRIPORA;Velocidade Incompatível;Colisão com objeto;Com Vítimas Feridas;Anoitecer;Crescente;Nublado;Dupla;Não Informado;Não;1;0;1;0;0;0;1;1;-23.2449074;-46.59562343;SPRF-SP;DEL03-SP;UOP01-DEL03-SP;54.3;-23.2449074;-46.59562343;2023-04-10;2023;4;2023-04;18;Noite;0;0;1;0
516066;2023-04-10;segunda-feira;16:15:00;SP;116.0;380;MIRACATU;Demais falhas mecânicas ou elétricas;Saída de leito carroçável;Com Vítimas Feridas;Pleno dia;Crescente;Céu Claro;Dupla;Reta;Não;2;0;1;0;1;0;1;1;-24.21753686;-47.36651776;SPRF-SP;DEL04-SP;UOP02-DEL04-SP;380.0;-24.21753686;-47.36651776;2023-04-10;2023;4;2023-04;16;Tarde;0;0;1;0
515930;2023-04-10;segunda-feira;00:40:00;SP;116.0;82.5;PINDAMONHANGABA;Ingestão de álcool pelo condutor;Colisão traseira;Com Vítimas Feridas;Plena Noite;Decrescente;Céu Claro;Dupla;Reta;Não;3;0;2;0;1;0;2;2;-22.90918532;-45.31883185;SPRF-SP;DEL08-SP;UOP01-DEL08-SP;82.5;-22.90918532;-45.31883185;2023-04-10;2023;4;2023-04;0;Madrugada;0;0;2;0
515961;2023-04-10;segunda-feira;07:00:00;SP;153.0;59.4;SAO JOSE DO RIO PRETO;Ausência de reação do condutor;Tombamento;Com Vítimas Feridas;Pleno dia;Crescente;Céu Claro;Dupla;Não Informado;Sim;3;0;1;0;2;0;1;2;-20.78733103;-49.35399276;SPRF-SP;DEL09-SP;UOP01-DEL09-SP;59.4;-20.78733103;-49.35399276;2023-04-10;2023;4;2023-04;7;Manha;0;0;1;0
515979;2023-04-10;segunda-feira;07:40:00;SP;153.0;67.6;SAO JOSE DO RIO PRETO;Avarias e/ou desgaste excessivo no pneu;Tombamento;Com Vítimas Feridas;Pleno dia;Decrescente;Céu Claro;Dupla;Reta;Sim;2;0;2;0;0;0;2;1;-20.84853593;-49.37585608;SPRF-SP;DEL09-SP;UOP01-DEL09-SP;67.6;-20.84853593;-49.37585608;2023-04-10;2023;4;2023-04;7;Manha;0;0;2;0
516038;2023-04-10;segunda-feira;13:30:00;SP;153.0;66.8;SAO JOSE DO RIO PRETO;Avarias e/ou desgaste excessivo no pneu;Tombamento;Com Vítimas Feridas;Pleno dia;Decrescente;Céu Claro;Dupla;Curva;Sim;1;0;0;1;0;0;1;1;-20.84208514;-49.37074279;SPRF-SP;DEL09-SP;UOP01-DEL09-SP;66.8;-20.84208514;-49.37074279;2023-04-10;2023;4;2023-04;13;Tarde;0;1;3;0
515928;2023-04-10;segunda-feira;00:32:00;SP;116.0;230;SAO PAULO;Ingestão de álcool pelo condutor;Atropelamento de Pedestre;Com Vítimas Feridas;Plena Noite;Decrescente;Céu Claro;Dupla;Reta;Não;2;0;0;1;1;0;1;2;-23.52251783;-46.5855702;SPRF-SP;DEL01-SP;UOP01-DEL01-SP;230.0;-23.52251783;-46.5855702;2023-04-10;2023;4;2023-04;0;Madrugada;0;1;3;0
516069;2023-04-10;segunda-feira;16:15:00;SP;116.0;271;TABOAO DA SERRA;Reação tardia ou ineficiente do condutor;Colisão traseira;Com Vítimas Feridas;Pleno dia;Crescente;Céu Claro;Múltipla;Reta;Sim;2;0;1;0;0;1;1;2;-23.61809286;-46.80556302;SPRF-SP;DEL04-SP;UOP01-DEL04-SP;271.0;-23.61809286;-46.80556302;2023-04-10;2023;4;2023-04;16;Tarde;0;0;1;0
533657;2023-04-11;terca-feira;08:30:00;SP;116.0;220;GUARULHOS;Reação tardia ou ineficiente do condutor;Colisão traseira;Com Vítimas Feridas;Pleno dia;Crescente;Céu Claro;Dupla;Reta;Não;2;0;0;1;1;0;1;2;-23.46472809;-46.49793962;SPRF-SP;DEL01-SP;UOP01-DEL01-SP;220.0;-23.46472809;-46.49793962;2023-04-11;2023;4;2023-04;8;Manha;0;1;3;1
521965;2023-04-11;terca-feira;14:00:00;SP;116.0;283;ITAPECERICA DA SERRA;Velocidade Incompatível;Queda de ocupante de veículo;Sem Vítimas;Pleno dia;Decrescente;Céu Claro;Dupla;Reta;Não;1;0;0;0;0;1;0;1;-23.69297005;-46.86352786;SPRF-SP;DEL04-SP;UOP01-DEL04-SP;283.0;-23.69297005;-46.86352786;2023-04-11;2023;4;2023-04;14;Tarde;0;0;0;1
516236;2023-04-11;terca-feira;14:00:00;SP;116.0;25.2;LAVRINHAS;Ausência de reação do condutor;Colisão traseira;Com Vítimas Feridas;Pleno dia;Crescente;Sol;Múltipla;Não Informado;Sim;8;0;6;1;1;0;7;2;-22.60592606;-44.89504495;SPRF-SP;DEL08-SP;UOP02-DEL08-SP;25.2;-22.60592606;-44.89504495;2023-04-11;2023;4;2023-04;14;Tarde;0;1;9;1
516196;2023-04-11;terca-feira;09:20:00;SP;116.0;449.5;REGISTRO;Reação tardia ou ineficiente do condutor;Colisão traseira;Com Vítimas Fatais;Pleno dia;Crescente;Céu Claro;Dupla;Reta;Sim;2;1;0;0;1;0;0;2;-24.52913591;-47.85619324;SPRF-SP;DEL05-SP;UOP01-DEL05-SP;449.5;-24.52913591;-47.85619324;2023-04-11;2023;4;2023-04;9;Manha;1;1;5;1
516268;2023-04-11;terca-feira;16:21:00;SP;116.0;78.9;ROSEIRA;Pedestre cruzava a pista fora da faixa;Atropelamento de Pedestre;Com Vítimas Feridas;Pleno dia;Crescente;Céu Claro;Dupla;Reta;Não;2;0;0;1;1;0;1;1;-22.88893407;-45.28690695;SPRF-SP;DEL08-SP;UOP01-DEL08-SP;78.9;-22.88893407;-45.28690695;2023-04-11;2023;4;2023-04;16;Tarde;0;1;3;1
516179;2023-04-11;terca-feira;08:10:00;SP;153.0;58;SAO JOSE DO RIO PRETO;Reação tardia ou ineficiente do condutor;Queda de ocupante de veículo;Com Vítimas Feridas;Pleno dia;Crescente;Céu Claro;Simples;Reta;Não;2;0;1;0;0;1;1;1;-20.77838195;-49.35300538;SPRF-SP;DEL09-SP;UOP01-DEL09-SP;58.0;-20.77838195;-49.35300538;2023-04-11;2023;4;2023-04;8;Manha;0;0;1;1
516275;2023-04-11;terca-feira;18:00:00;SP;116.0;155.3;SAO JOSE DOS CAMPOS;Frear bruscamente;Tombamento;Com Vítimas Feridas;Plena Noite;Decrescente;Céu Claro;Dupla;Não Informado;Sim;2;0;1;0;0;1;1;2;-23.24524337;-45.92772774;SPRF-SP;DEL02-SP;UOP01-DEL02-SP;155.3;-23.24524337;-45.92772774;2023-04-11;2023;4;2023-04;18;Noite;0;0;1;1
516307;2023-04-11;terca-feira;21:30:00;SP;116.0;114.9;TAUBATE;Manobra de mudança de faixa;Colisão traseira;Com Vítimas Feridas;Plena Noite;Crescente;Céu Claro;Dupla;Reta;Sim;3;0;0;1;2;0;1;3;-23.04654177;-45.59018006;SPRF-SP;DEL02-SP;UOP02-DEL02-SP;114.9;-23.04654177;-45.59018006;2023-04-11;2023;4;2023-04;21;Noite;0;1;3;1
516323;2023-04-12;quarta-feira;03:30:00;SP;381.0;50;ATIBAIA;Reação tardia ou ineficiente do condutor;Tombamento;Com Vítimas Feridas;Plena Noite;Crescente;Nublado;Simples;Reta;Não;1;0;1;0;0;0;1;1;-23.21359807;-46.59367981;SPRF-SP;DEL03-SP;UOP01-DEL03-SP;50.0;-23.21359807;-46.59367981;2023-04-12;2023;4;2023-04;3;Madrugada;0;0;1;2
516375;2023-04-12;quarta-feira;12:10:00;SP;381.0;43.6;ATIBAIA;Manobra de mudança de faixa;Colisão lateral mesmo sentido;Com Vítimas Feridas;Pleno dia;Crescente;Céu Claro;Múltipla;Reta;Sim;2;0;2;0;0;0;2;1;-23.15597105;-46.5740155;SPRF-SP;DEL03-SP;UOP01-DEL03-SP;43.6;-23.15597105;-46.5740155;2023-04-12;2023;4;2023-04;12;Tarde;0;0;2;2
516388;2023-04-12;quarta-feira;12:55:00;SP;116.0;545;BARRA DO TURVO;Ausência de reação do condutor;Tombamento;Com Vítimas Feridas;Pleno dia;Decrescente;Céu Claro;Simples;Não Informado;Não;1;0;1;0;0;0;1;1;-24.963821;-48.424261;SPRF-SP;DEL05-SP;UOP02-DEL05-SP;545.0;-24.963821;-48.424261;2023-04-12;2023;4;2023-04;12;Tarde;0;0;1;2
516450;2023-04-12;quarta-feira;19:25:00;SP;116.0;124;CACAPAVA;Reação tardia ou ineficiente do condutor;Colisão traseira;Com Vítimas Feridas;Plena Noite;Decrescente;Céu Claro;Dupla;Reta;Não;4;0;1;2;1;0;3;2;-23.093116;-45.677904;SPRF-SP;DEL02-SP;UOP02-DEL02-SP;124.0;-23.093116;-45.677904;2023-04-12;2023;4;2023-04;19;Noite;0;1;7;2
516333;2023-04-12;quarta-feira;06:50:00;SP;116.0;283;EMBU DAS ARTES;Trafegar com motocicleta (ou similar) entre as faixas;Tombamento;Com Vítimas Feridas;Pleno dia;Decrescente;Céu Claro;Dupla;Reta;Sim;1;0;1;0;0;0;1;1;-23.69297005;-46.86352786;SPRF-SP;DEL04-SP;UOP01-DEL04-SP;283.0;-23.69297005;-46.86352786;2023-04-12;2023;4;2023-04;6;Manha;0;0;1;2
516384;2023-04-12;quarta-feira;13:00:00;SP;116.0;280;EMBU DAS ARTES;Condutor deixou de manter distância do veículo da frente;Colisão lateral mesmo sentido;Com Vítimas Feridas;Pleno dia;Crescente;Sol;Dupla;Reta;Não;3;0;1;0;2;0;1;2;-23.66996108;-46.85590758;SPRF-SP;DEL04-SP;UOP01-DEL04-SP;280.0;-23.66996108;-46.85590758;2023-04-12;2023;4;2023-04;13;Tarde;0;0;1;2
516429;2023-04-12;quarta-feira;17:45:00;SP;116.0;221;GUARULHOS;Manobra de mudança de faixa;Colisão lateral mesmo sentido;Com Vítimas Feridas;Anoitecer;Decrescente;Nublado;Múltipla;Reta;Sim;2;0;1;0;1;0;1;2;-23.46802395;-46.50704901;SPRF-SP;DEL01-SP;UOP01-DEL01-SP;221.0;-23.46802395;-46.50704901;2023-04-12;2023;4;2023-04;17;Tarde;0;0;1;2
516369;2023-04-12;quarta-feira;10:50:00;SP;116.0;317;JUQUITIBA;Problema com o freio;Colisão traseira;Com Vítimas Feridas;Pleno dia;Decrescente;Nublado;Dupla;Reta;Não;2;0;1;0;0;1;1;2;-23.91799802;-46.98973192;SPRF-SP;DEL04-SP;UOP03-DEL04-SP;317.0;-23.91799802;-46.98973192;2023-04-12;2023;4;2023-04;10;Manha;0;0;1;2
516391;2023-04-12;quarta-feira;13:50:00;SP;153.0;27.7;NOVA GRANADA;Desrespeitar a preferência no cruzamento;Colisão transversal;Com Vítimas Feridas;Pleno dia;Crescente;Sol;Simples;Não Informado;Não;2;0;1;0;1;0;1;2;-20.52004613;-49.3258667;SPRF-SP;DEL09-SP;UOP01-DEL09-SP;27.7;-20.52004613;-49.3258667;2023-04-12;2023;4;2023-04;13;Tarde;0;0;1;2
526078;2023-04-12;quarta-feira;07:27:00;SP;116.0;102.5;PINDAMONHANGABA;Manobra de mudança de faixa;Colisão traseira;Com Vítimas Feridas;Pleno dia;Decrescente;Céu Claro;Dupla;Reta;Não;2;0;1;0;1;0;1;2;-22.99497994;-45.48951403;SPRF-SP;DEL08-SP;UOP01-DEL08-SP;102.5;-22.99497994;-45.48951403;2023-04-12;2023;4;2023-04;7;Manha;0;0;1;2
519922;2023-04-12;quarta-feira;16:10:00;SP;153.0;316.7;RIBEIRAO DO SUL;Ingestão de álcool pelo condutor;Colisão traseira;Com Vítimas Feridas;Pleno dia;Crescente;Céu Claro;Simples;Reta;Não;4;0;3;1;0;0;4;3;-22.72376;-49.88966797;SPRF-SP;DEL07-SP;UOP03-DEL07-SP;316.7;-22.72376;-49.88966797;2023-04-12;2023;4;2023-04;16;Tarde;0;1;6;2
516343;2023-04-12;quarta-feira;07:50:00;SP;116.0;273;TABOAO DA SERRA;Acessar a via sem observar a presença dos outros veículos;Colisão frontal;Com Vítimas Feridas;Pleno dia;Crescente;Céu Claro;Dupla;Reta;Sim;2;0;1;0;1;0;1;2;-23.62809795;-46.81870306;SPRF-SP;DEL04-SP;UOP01-DEL04-SP;273.0;-23.62809795;-46.81870306;2023-04-12;2023;4;2023-04;7;Manha;0;0;1;2
516430;2023-04-12;quarta-feira;18:00:00;SP;116.0;110;TAUBATE;Ausência de reação do condutor;Queda de ocupante de veículo;Com Vítimas Feridas;Anoitecer;Decrescente;Céu Claro;Dupla;Desvio Temporário;Sim;2;0;0;1;0;1;1;1;-23.03412614;-45.5526999;SPRF-SP;DEL02-SP;UOP02-DEL02-SP;110.0;-23.03412614;-45.5526999;2023-04-12;2023;4;2023-04;18;Noite;0;1;3;2
516316;2023-04-12;quarta-feira;00:01:00;SP;101.0;51;UBATUBA;Reação tardia ou ineficiente do condutor;Queda de ocupante de veículo;Com Vítimas Feridas;Plena Noite;Crescente;Céu Claro;Simples;Reta;Sim;1;0;1;0;0;0;1;1;-23.45627795;-45.07111896;SPRF-SP;DEL06-SP;UOP01-DEL06-SP;51.0;-23.45627795;-45.07111896;2023-04-12;2023;4;2023-04;0;Madrugada;0;0;1;2
516560;2023-04-13;quinta-feira;11:15:00;SP;381.0;16;BRAGANCA PAULISTA;Reação tardia ou ineficiente do condutor;Colisão com objeto;Com Vítimas Feridas;Pleno dia;Decrescente;Sol;Dupla;Não Informado;Não;1;0;1;0;0;0;1;1;-22.95797408;-46.48078972;SPRF-SP;DEL03-SP;UOP02-DEL03-SP;16.0;-22.95797408;-46.48078972;2023-04-13;2023;4;2023-04;11;Manha;0;0;1;3
516639;2023-04-13;quinta-feira;20:10:00;SP;116.0;124;CACAPAVA;Condutor deixou de manter distância do veículo da frente;Engavetamento;Com Vítimas Feridas;Plena Noite;Decrescente;Céu Claro;Dupla;Não Informado;Não;10;0;5;0;4;1;5;5;-23.0917024;-45.67505544;SPRF-SP;DEL02-SP;UOP02-DEL02-SP;124.0;-23.0917024;-45.67505544;2023-04-13;2023;4;2023-04;20;Noite;0;0;5;3
516622;2023-04-13;quinta-feira;18:20:00;SP;116.0;36.5;CACHOEIRA PAULISTA;Ausência de reação do condutor;Colisão frontal;Com Vítimas Feridas;Anoitecer;Decrescente;Nublado;Dupla;Curva;Não;2;0;0;1;1;0;1;2;-22.66104604;-44.97604019;SPRF-SP;DEL08-SP;UOP02-DEL08-SP;36.5;-22.66104604;-44.97604019;2023-04-13;2023;4;2023-04;18;Noite;0;1;3;3
516629;2023-04-13;quinta-feira;19:00:00;SP;116.0;219;GUARULHOS;Reação tardia ou ineficiente do condutor;Colisão traseira;Com Vítimas Feridas;Anoitecer;Decrescente;Nublado;Múltipla;Reta;Sim;3;0;2;0;1;0;2;2;-23.46143954;-46.48885316;SPRF-SP;DEL01-SP;UOP01-DEL01-SP;219.0;-23.46143954;-46.48885316;2023-04-13;2023;4;2023-04;19;Noite;0;0;2;3
516492;2023-04-13;quinta-feira;00:55:00;SP;116.0;336;JUQUITIBA;Velocidade Incompatível;Saída de leito carroçável;Com Vítimas Feridas;Plena Noite;Crescente;Nublado;Dupla;Reta;Sim;1;0;1;0;0;0;1;1;-23.975182;-47.140694;SPRF-SP;DEL04-SP;UOP03-DEL04-SP;336.0;-23.975182;-47.140694;2023-04-13;2023;4;2023-04;0;Madrugada;0;0;1;3
516587;2023-04-13;quinta-feira;14:55:00;SP;153.0;57;SAO JOSE DO RIO PRETO;Avarias e/ou desgaste excessivo no pneu;Saída de leito carroçável;Com Vítimas Feridas;Pleno dia;Crescente;Chuva;Dupla;Não Informado;Sim;4;0;4;0;0;0;4;1;-20.76991095;-49.34982212;SPRF-SP;DEL09-SP;UOP01-DEL09-SP;57.0;-20.76991095;-49.34982212;2023-04-13;2023;4;2023-04;14;Tarde;0;0;4;3
516611;2023-04-13;quinta-feira;17:40:00;SP;101.0;45;UBATUBA;Acessar a via sem observar a presença dos outros veículos;Colisão transversal;Com Vítimas Feridas;Anoitecer;Crescente;Céu Claro;Simples;Reta;Sim;3;0;3;0;0;0;3;2;-23.42111701;-45.07072449;SPRF-SP;DEL06-SP;UOP01-DEL06-SP;45.0;-23.42111701;-45.07072449;2023-04-13;2023;4;2023-04;17;Tarde;0;0;3;3
516817;2023-04-14;sexta-feira;17:30:00;SP;116.0;541.5;BARRA DO TURVO;Reação tardia ou ineficiente do condutor;Colisão com objeto;Com Vítimas Feridas;Anoitecer;Decrescente;Garoa/Chuvisco;Dupla;Curva;Não;2;0;1;0;1;0;1;1;-24.97245688;-48.39976606;SPRF-SP;DEL05-SP;UOP02-DEL05-SP;541.5;-24.97245688;-48.39976606;2023-04-14;2023;4;2023-04;17;Tarde;0;0;1;4
516880;2023-04-14;sexta-feira;19:00:00;SP;381.0;15.5;BRAGANCA PAULISTA;Reação tardia ou ineficiente do condutor;Tombamento;Com Vítimas Feridas;Plena Noite;Crescente;Céu Claro;Dupla;Reta;Não;1;0;1;0;0;0;1;1;-22.953434;-46.480043;SPRF-SP;DEL03-SP;UOP02-DEL03-SP;15.5;-22.953434;-46.480043;2023-04-14;2023;4;2023-04;19;Noite;0;0;1;4
516691;2023-04-14;sexta-feira;07:20:00;SP;116.0;217;GUARULHOS;Manobra de mudança de faixa;Colisão traseira;Com Vítimas Feridas;Pleno dia;Crescente;Nublado;Múltipla;Reta;Sim;2;0;1;0;1;0;1;2;-23.45423824;-46.47119028;SPRF-SP;DEL01-SP;UOP01-DEL01-SP;217.0;-23.45423824;-46.47119028;2023-04-14;2023;4;2023-04;7;Manha;0;0;1;4
516805;2023-04-14;sexta-feira;17:00:00;SP;116.0;215;GUARULHOS;Ausência de reação do condutor;Colisão traseira;Com Vítimas Feridas;Anoitecer;Decrescente;Garoa/Chuvisco;Múltipla;Reta;Sim;2;0;1;0;1;0;1;2;-23.4241788;-46.3978254;SPRF-SP;DEL01-SP;UOP01-DEL01-SP;215.0;-23.4241788;-46.3978254;2023-04-14;2023;4;2023-04;17;Tarde;0;0;1;4
525647;2023-04-14;sexta-feira;07:00:00;SP;116.0;207;GUARULHOS;Manobra de mudança de faixa;Colisão lateral mesmo sentido;Com Vítimas Feridas;Pleno dia;Crescente;Céu Claro;Múltipla;Reta;Sim;3;0;1;2;0;0;3;2;-23.41972188;-46.38419203;SPRF-SP;DEL01-SP;UOP01-DEL01-SP;207.0;-23.41972188;-46.38419203;2023-04-14;2023;4;2023-04;7;Manha;0;1;7;4
516845;2023-04-14;sexta-feira;18:45:00;SP;153.0;100;JOSE BONIFACIO;Reação tardia ou ineficiente do condutor;Colisão com objeto;Com Vítimas Feridas;Plena Noite;Decrescente;Nublado;Simples;Não Informado;Não;1;0;0;1;0;0;1;1;-21.004251;-49.632793;SPRF-SP;DEL09-SP;UOP01-DEL09-SP;100.0;-21.004251;-49.632793;2023-04-14;2023;4;2023-04;18;Noite;0;1;3;4
516738;2023-04-14;sexta-feira;10:20:00;SP;116.0;415.8;JUQUIA;Ausência de reação do condutor;Colisão traseira;Com Vítimas Feridas;Pleno dia;Decrescente;Nublado;Múltipla;Reta;Sim;4;0;1;0;2;1;1;2;-24.334489;-47.641203;SPRF-SP;DEL05-SP;UOP01-DEL05-SP;415.8;-24.334489;-47.641203;2023-04-14;2023;4;2023-04;10;Manha;0;0;1;4
516807;2023-04-14;sexta-feira;16:30:00;SP;381.0;54;MAIRIPORA;Condutor deixou de manter distância do veículo da frente;Colisão traseira;Com Vítimas Feridas;Pleno dia;Decrescente;Garoa/Chuvisco;Dupla;Não Informado;Sim;2;0;1;0;1;0;1;2;-23.2449074;-46.59562343;SPRF-SP;DEL03-SP;UOP01-DEL03-SP;54.0;-23.2449074;-46.59562343;2023-04-14;2023;4;2023-04;16;Tarde;0;0;1;4
516772;2023-04-14;sexta-feira;13:27:00;SP;153.0;227.7;MARILIA;Ultrapassagem Indevida;Colisão frontal;Com Vítimas Fatais;Pleno dia;Decrescente;Nublado;Simples;Ponte;Não;5;2;0;0;2;1;0;3;-22.05871399;-49.90221969;SPRF-SP;DEL07-SP;UOP02-DEL07-SP;227.7;-22.05871399;-49.90221969;2023-04-14;2023;4;2023-04;13;Tarde;1;1;10;4
516777;2023-04-14;sexta-feira;14:00:00;SP;116.0;375;MIRACATU;Avarias e/ou desgaste excessivo no pneu;Saída de leito carroçável;Com Vítimas Feridas;Pleno dia;Decrescente;Chuva;Dupla;Reta;Não;2;0;2;0;0;0;2;1;-24.18239098;-47.35448801;SPRF-SP;DEL04-SP;UOP02-DEL04-SP;375.0;-24.18239098;-47.35448801;2023-04-14;2023;4;2023-04;14;Tarde;0;0;2;4
516892;2023-04-14;sexta-feira;23:15:00;SP;116.0;362.1;MIRACATU;Reação tardia ou ineficiente do condutor;Tombamento;Com Vítimas Feridas;Plena Noite;Crescente;Nevoeiro/Neblina;Dupla;Não Informado;Não;1;0;1;0;0;0;1;1;-24.1220177;-47.27047772;SPRF-SP;DEL04-SP;UOP03-DEL04-SP;362.1;-24.1220177;-47.27047772;2023-04-14;2023;4;2023-04;23;Noite;0;0;1;4
516850;2023-04-14;sexta-feira;19:30:00;SP;153.0;61.6;SAO JOSE DO RIO PRETO;Manobra de mudança de faixa;Colisão lateral mesmo sentido;Com Vítimas Feridas;Plena Noite;Crescente;Garoa/Chuvisco;Dupla;Reta;Não;2;0;1;0;1;0;1;2;-20.80502876;-49.35574909;SPRF-SP;DEL09-SP;UOP01-DEL09-SP;61.6;-20.80502876;-49.35574909;2023-04-14;2023;4;2023-04;19;Noite;0;0;1;4
516867;2023-04-14;sexta-feira;20:30:00;SP;153.0;57;SAO JOSE DO RIO PRETO;Reação tardia ou ineficiente do condutor;Queda de ocupante de veículo;Com Vítimas Fatais;Plena Noite;Crescente;Chuva;Dupla;Não Informado;Não;3;1;0;0;1;1;0;2;-20.76991095;-49.34982212;SPRF-SP;DEL09-SP;UOP01-DEL09-SP;57.0;-20.76991095;-49.34982212;2023-04-14;2023;4;2023-04;20;Noite;1;1;5;4
516728;2023-04-14;sexta-feira;09:10:00;SP;116.0;145.4;SAO JOSE DOS CAMPOS;Condutor deixou de manter distância do veículo da frente;Engavetamento;Com Vítimas Feridas;Pleno dia;Crescente;Nublado;Dupla;Não Informado;Sim;5;0;3;0;2;0;3;3;-23.1869844;-45.8548078;SPRF-SP;DEL02-SP;UOP01-DEL02-SP;145.4;-23.1869844;-45.8548078;2023-04-14;2023;4;2023-04;9;Manha;0;0;3;4
516814;2023-04-14;sexta-feira;15:55:00;SP;116.0;147.3;SAO JOSE DOS CAMPOS;Ausência de reação do condutor;Colisão com objeto;Com Vítimas Feridas;Pleno dia;Crescente;Céu Claro;Dupla;Não Informado;Sim;1;0;0;1;0;0;1;1;-23.19542994;-45.87176303;SPRF-SP;DEL02-SP;UOP01-DEL02-SP;147.3;-23.19542994;-45.87176303;2023-04-14;2023;4;2023-04;15;Tarde;0;1;3;4
516690;2023-04-14;sexta-feira;05:30:00;SP;116.0;269.3;TABOAO DA SERRA;Condutor desrespeitou a iluminação vermelha do semáforo;Colisão transversal;Com Vítimas Feridas;Amanhecer;Decrescente;Céu Claro;Múltipla;Não Informado;Sim;4;0;2;0;2;0;2;2;-23.61593059;-46.78826044;SPRF-SP;DEL04-SP;UOP01-DEL04-SP;269.3;-23.61593059;-46.78826044;2023-04-14;2023;4;2023-04;5;Madrugada;0;0;2;4
523810;2023-04-15;sabado;01:50:00;SP;116.0;28;CRUZEIRO;Velocidade Incompatível;Colisão com objeto;Com Vítimas Feridas;Plena Noite;Crescente;Nublado;Dupla;Curva;Não;3;0;0;2;1;0;2;3;-22.62492006;-44.91571997;SPRF-SP;DEL08-SP;UOP02-DEL08-SP;28.0;-22.62492006;-44.91571997;2023-04-15;2023;4;2023-04;1;Madrugada;0;1;6;5
517035;2023-04-15;sabado;18:30:00;SP;116.0;275.8;EMBU DAS ARTES;Trafegar com motocicleta (ou similar) entre as faixas;Tombamento;Com Vítimas Feridas;Plena Noite;Crescente;Nublado;Simples;Reta;Sim;1;0;1;0;0;0;1;1;-23.62216067;-46.81393009;SPRF-SP;DEL04-SP;UOP01-DEL04-SP;275.8;-23.62216067;-46.81393009;2023-04-15;2023;4;2023-04;18;Noite;0;0;1;5
532528;2023-04-15;sabado;11:50:00;SP;116.0;359.9;MIRACATU;Demais falhas mecânicas ou elétricas;Incêndio;Sem Vítimas;Pleno dia;Crescente;Nublado;Dupla;Não Informado;Não;1;0;0;0;1;0;0;1;-24.10862227;-47.26589989;SPRF-SP;DEL04-SP;UOP03-DEL04-SP;359.9;-24.10862227;-47.26589989;2023-04-15;2023;4;2023-04;11;Manha;0;0;0;5
517050;2023-04-15;sabado;20:27:00;SP;153.0;66;SAO JOSE DO RIO PRETO;Velocidade Incompatível;Colisão lateral mesmo sentido;Com Vítimas Feridas;Plena Noite;Crescente;Nublado;Dupla;Não Informado;Sim;4;0;2;0;1;1;2;2;-20.84208514;-49.37074279;SPRF-SP;DEL09-SP;UOP01-DEL09-SP;66.0;-20.84208514;-49.37074279;2023-04-15;2023;4;2023-04;20;Noite;0;0;2;5
516924;2023-04-15;sabado;06:24:00;SP;116.0;152;SAO JOSE DOS CAMPOS;Ausência de reação do condutor;Colisão com objeto;Com Vítimas Feridas;Pleno dia;Decrescente;Céu Claro;Dupla;Reta;Sim;4;0;3;0;1;0;3;2;-23.22620401;-45.90682999;SPRF-SP;DEL02-SP;UOP01-DEL02-SP;152.0;-23.22620401;-45.90682999;2023-04-15;2023;4;2023-04;6;Manha;0;0;3;5
516941;2023-04-15;sabado;06:50:00;SP;116.0;269;TABOAO DA SERRA;Condutor deixou de manter distância do veículo da frente;Colisão traseira;Sem Vítimas;Pleno dia;Decrescente;Céu Claro;Múltipla;Reta;Sim;4;0;0;0;4;0;0;2;-23.61593059;-46.78826044;SPRF-SP;DEL04-SP;UOP01-DEL04-SP;269.0;-23.61593059;-46.78826044;2023-04-15;2023;4;2023-04;6;Manha;0;0;0;5
517154;2023-04-16;domingo;09:30:00;SP;381.0;40.9;ATIBAIA;Condutor Dormindo;Saída de leito carroçável;Com Vítimas Feridas;Pleno dia;Crescente;Céu Claro;Múltipla;Não Informado;Sim;2;0;1;0;1;0;1;1;-23.12997498;-46.5767598;SPRF-SP;DEL03-SP;UOP01-DEL03-SP;40.9;-23.12997498;-46.5767598;2023-04-16;2023;4;2023-04;9;Manha;0;0;1;6
517259;2023-04-16;domingo;20:00:00;SP;381.0;25;ATIBAIA;Entrada inopinada do pedestre;Atropelamento de Pedestre;Com Vítimas Fatais;Plena Noite;Crescente;Céu Claro;Dupla;Reta;Sim;2;1;1;0;0;0;1;1;-23.02018004;-46.52966596;SPRF-SP;DEL03-SP;UOP02-DEL03-SP;25.0;-23.02018004;-46.52966596;2023-04-16;2023;4;2023-04;20;Noite;1;1;6;6
517099;2023-04-16;domingo;02:35:00;SP;116.0;205;GUARULHOS;Ingestão de álcool pelo condutor;Saída de leito carroçável;Sem Vítimas;Plena Noite;Decrescente;Ignorado;Múltipla;Reta;Sim;2;0;0;0;2;0;0;1;-23.41475243;-46.36600788;SPRF-SP;DEL01-SP;UOP01-DEL01-SP;205.0;-23.41475243;-46.36600788;2023-04-16;2023;4;2023-04;2;Madrugada;0;0;0;6
517168;2023-04-16;domingo;11:30:00;SP;116.0;207;GUARULHOS;Reação tardia ou ineficiente do condutor;Colisão traseira;Com Vítimas Feridas;Pleno dia;Crescente;Céu Claro;Múltipla;Não Informado;Sim;2;0;1;0;1;0;1;2;-23.41972188;-46.38419203;SPRF-SP;DEL01-SP;UOP01-DEL01-SP;207.0;-23.41972188;-46.38419203;2023-04-16;2023;4;2023-04;11;Manha;0;0;1;6
517174;2023-04-16;domingo;11:15:00;SP;381.0;90;GUARULHOS;Ausência de reação do condutor;Tombamento;Com Vítimas Feridas;Pleno dia;Decrescente;Céu Claro;Dupla;Não Informado;Não;2;0;2;0;0;0;2;1;-23.49479479;-46.55959864;SPRF-SP;DEL03-SP;UOP01-DEL03-SP;90.0;-23.49479479;-46.55959864;2023-04-16;2023;4;2023-04;11;Manha;0;0;2;6
517253;2023-04-16;domingo;20:00:00;SP;116.0;222;GUARULHOS;Manobra de mudança de faixa;Colisão lateral mesmo sentido;Com Vítimas Feridas;Plena Noite;Decrescente;Céu Claro;Dupla;Reta;Sim;3;0;2;0;0;1;2;2;-23.47093408;-46.51631097;SPRF-SP;DEL01-SP;UOP01-DEL01-SP;222.0;-23.47093408;-46.51631097;2023-04-16;2023;4;2023-04;20;Noite;0;0;2;6
517216;2023-04-16;domingo;16:45:00;SP;153.0;3;ICEM;Avarias e/ou desgaste excessivo no pneu;Tombamento;Com Vítimas Feridas;Pleno dia;Crescente;Sol;Simples;Reta;Não;2;0;2;0;0;0;2;1;-20.33042017;-49.2128492;SPRF-SP;DEL09-SP;UOP01-DEL09-SP;3.0;-20.33042017;-49.2128492;2023-04-16;2023;4;2023-04;16;Tarde;0;0;2;6
517245;2023-04-16;domingo;19:40:00;SP;116.0;285;ITAPECERICA DA SERRA;Manobra de mudança de faixa;Colisão lateral mesmo sentido;Sem Vítimas;Plena Noite;Decrescente;Céu Claro;Dupla;Reta;Não;2;0;0;0;2;0;0;2;-23.70407794;-46.87249709;SPRF-SP;DEL04-SP;UOP01-DEL04-SP;285.0;-23.70407794;-46.87249709;2023-04-16;2023;4;2023-04;19;Noite;0;0;0;6
517131;2023-04-16;domingo;07:00:00;SP;116.0;166.5;JACAREI;Obstrução na via;Colisão traseira;Com Vítimas Feridas;Pleno dia;Decrescente;Céu Claro;Simples;Curva;Sim;2;0;0;1;0;1;1;2;-23.30055667;-46.01686506;SPRF-SP;DEL02-SP;UOP01-DEL02-SP;166.5;-23.30055667;-46.01686506;2023-04-16;2023;4;2023-04;7;Manha;0;1;3;6
517228;2023-04-16;domingo;15:10:00;SP;116.0;426;JUQUIA;Problema com o freio;Colisão com objeto;Com Vítimas Feridas;Pleno dia;Decrescente;Céu Claro;Múltipla;Reta;Não;2;0;1;0;1;0;1;1;-24.38735659;-47.7169352;SPRF-SP;DEL05-SP;UOP01-DEL05-SP;426.0;-24.38735659;-47.7169352;2023-04-16;2023;4;2023-04;15;Tarde;0;0;1;6
517161;2023-04-16;domingo;10:13:00;SP;153.0;263;MARILIA;Demais falhas mecânicas ou elétricas;Tombamento;Com Vítimas Feridas;Pleno dia;Decrescente;Céu Claro;Simples;Não Informado;Não;1;0;1;0;0;0;1;1;-22.29139897;-49.91452691;SPRF-SP;DEL07-SP;UOP02-DEL07-SP;263.0;-22.29139897;-49.91452691;2023-04-16;2023;4;2023-04;10;Manha;0;0;1;6
517298;2023-04-16;domingo;21:10:00;SP;116.0;437;REGISTRO;Demais falhas mecânicas ou elétricas;Incêndio;Sem Vítimas;Plena Noite;Crescente;Céu Claro;Dupla;Reta;Não;1;0;0;0;1;0;0;1;-24.44201718;-47.79888683;SPRF-SP;DEL05-SP;UOP01-DEL05-SP;437.0;-24.44201718;-47.79888683;2023-04-16;2023;4;2023-04;21;Noite;0;0;0;6
517225;2023-04-16;domingo;18:30:00;SP;153.0;63;SAO JOSE DO RIO PRETO;Ausência de reação do condutor;Colisão traseira;Com Vítimas Feridas;Plena Noite;Decrescente;Céu Claro;Dupla;Não Informado;Sim;2;0;0;1;1;0;1;2;-20.82149698;-49.35764818;SPRF-SP;DEL09-SP;UOP01-DEL09-SP;63.0;-20.82149698;-49.35764818;2023-04-16;2023;4;2023-04;18;Noite;0;1;3;6
517170;2023-04-16;domingo;11:30:00;SP;381.0;72;SAO PAULO;Demais falhas mecânicas ou elétricas;Colisão traseira;Com Vítimas Feridas;Pleno dia;Crescente;Céu Claro;Múltipla;Curva;Não;2;0;1;0;1;0;1;2;-23.35761806;-46.54970281;SPRF-SP;DEL03-SP;UOP01-DEL03-SP;72.0;-23.35761806;-46.54970281;2023-04-16;2023;4;2023-04;11;Manha;0;0;1;6
517137;2023-04-16;domingo;08:10:00;SP;101.0;48;UBATUBA;Retorno proibido;Colisão transversal;Com Vítimas Feridas;Pleno dia;Crescente;Céu Claro;Simples;Reta;Sim;5;0;1;0;4;0;1;2;-23.43696329;-45.08768768;SPRF-SP;DEL06-SP;UOP01-DEL06-SP;48.0;-23.43696329;-45.08768768;2023-04-16;2023;4;2023-04;8;Manha;0;0;1;6
517333;2023-04-17;segunda-feira;06:30:00;SP;116.0;205;ARUJA;Manobra de mudança de faixa;Queda de ocupante de veículo;Com Vítimas Feridas;Pleno dia;Crescente;Céu Claro;Dupla;Reta;Sim;1;0;1;0;0;0;1;1;-23.41475243;-46.36600788;SPRF-SP;DEL01-SP;UOP01-DEL01-SP;205.0;-23.41475243;-46.36600788;2023-04-17;2023;4;2023-04;6;Manha;0;0;1;0
517352;2023-04-17;segunda-feira;07:25:00;SP;116.0;204.5;ARUJA;Acessar a via sem observar a presença dos outros veículos;Colisão lateral mesmo sentido;Com Vítimas Feridas;Pleno dia;Crescente;Céu Claro;Múltipla;Reta;Sim;2;0;1;0;1;0;1;2;-23.41236123;-46.35692496;SPRF-SP;DEL01-SP;UOP01-DEL01-SP;204.5;-23.41236123;-46.35692496;2023-04-17;2023;4;2023-04;7;Manha;0;0;1;0
517552;2023-04-17;segunda-feira;16:45:00;SP;116.0;513;CAJATI;Reação tardia ou ineficiente do condutor;Tombamento;Com Vítimas Feridas;Anoitecer;Decrescente;Nublado;Simples;Não Informado;Não;3;0;0;2;1;0;2;1;-24.84895058;-48.21210623;SPRF-SP;DEL05-SP;UOP02-DEL05-SP;513.0;-24.84895058;-48.21210623;2023-04-17;2023;4;2023-04;16;Tarde;0;1;6;0
517376;2023-04-17;segunda-feira;09:20:00;SP;116.0;222;GUARULHOS;Reação tardia ou ineficiente do condutor;Colisão traseira;Com Vítimas Feridas;Pleno dia;Crescente;Céu Claro;Dupla;Reta;Sim;2;0;1;0;1;0;1;2;-23.47093408;-46.51631097;SPRF-SP;DEL01-SP;UOP01-DEL01-SP;222.0;-23.47093408;-46.51631097;2023-04-17;2023;4;2023-04;9;Manha;0;0;1;0
517395;2023-04-17;segunda-feira;10:20:00;SP;116.0;209;GUARULHOS;Ausência de reação do condutor;Colisão frontal;Com Vítimas Feridas;Pleno dia;Crescente;Céu Claro;Dupla;Reta;Sim;2;0;1;0;1;0;1;2;-23.42511799;-46.40221101;SPRF-SP;DEL01-SP;UOP01-DEL01-SP;209.0;-23.42511799;-46.40221101;2023-04-17;2023;4;2023-04;10;Manha;0;0;1;0
517487;2023-04-17;segunda-feira;19:00:00;SP;116.0;215.2;GUARULHOS;Ausência de reação do condutor;Colisão traseira;Com Vítimas Feridas;Plena Noite;Crescente;Nublado;Dupla;Reta;Sim;1;0;1;0;0;0;1;1;-23.44695693;-46.45394103;SPRF-SP;DEL01-SP;UOP01-DEL01-SP;215.2;-23.44695693;-46.45394103;2023-04-17;2023;4;2023-04;19;Noite;0;0;1;0
517521;2023-04-17;segunda-feira;17:00:00;SP;381.0;89;GUARULHOS;Reação tardia ou ineficiente do condutor;Queda de ocupante de veículo;Com Vítimas Feridas;Pleno dia;Decrescente;Chuva;Múltipla;Reta;Não;1;0;1;0;0;0;1;1;-23.48469299;-46.55983288;SPRF-SP;DEL03-SP;UOP01-DEL03-SP;89.0;-23.48469299;-46.55983288;2023-04-17;2023;4;2023-04;17;Tarde;0;0;1;0
519663;2023-04-17;segunda-feira;03:45:00;SP;381.0;89;GUARULHOS;Ausência de reação do condutor;Colisão traseira;Com Vítimas Feridas;Amanhecer;Crescente;Garoa/Chuvisco;Dupla;Reta;Sim;5;0;2;0;3;0;2;2;-23.48469299;-46.55983288;SPRF-SP;DEL03-SP;UOP01-DEL03-SP;89.0;-23.48469299;-46.55983288;2023-04-17;2023;4;2023-04;3;Madrugada;0;0;2;0
517456;2023-04-17;segunda-feira;12:30:00;SP;116.0;15.7;LAVRINHAS;Manobra de mudança de faixa;Colisão lateral mesmo sentido;Sem Vítimas;Pleno dia;Crescente;Céu Claro;Dupla;Curva;Não;4;0;0;0;4;0;0;2;-22.56007021;-44.82886594;SPRF-SP;DEL08-SP;UOP02-DEL08-SP;15.7;-22.56007021;-44.82886594;2023-04-17;2023;4;2023-04;12;Tarde;0;0;0;0
517459;2023-04-17;segunda-feira;17:40:00;SP;116.0;54.9;LORENA;Reação tardia ou ineficiente do condutor;Queda de ocupante de veículo;Com Vítimas Feridas;Anoitecer;Decrescente;Nublado;Dupla;Reta;Não;2;0;1;0;1;0;1;1;-22.75803895;-45.11508003;SPRF-SP;DEL08-SP;UOP02-DEL08-SP;54.9;-22.75803895;-45.11508003;2023-04-17;2023;4;2023-04;17;Tarde;0;0;1;0
517381;2023-04-17;segunda-feira;07:40:00;SP;116.0;145.5;SAO JOSE DOS CAMPOS;Reação tardia ou ineficiente do condutor;Tombamento;Com Vítimas Feridas;Pleno dia;Crescente;Sol;Múltipla;Reta;Sim;1;0;1;0;0;0;1;1;-23.1869844;-45.8548078;SPRF-SP;DEL02-SP;UOP01-DEL02-SP;145.5;-23.1869844;-45.8548078;2023-04-17;2023;4;2023-04;7;Manha;0;0;1;0
517375;2023-04-17;segunda-feira;09:20:00;SP;116.0;229;SAO PAULO;Demais falhas mecânicas ou elétricas;Engavetamento;Com Vítimas Feridas;Pleno dia;Crescente;Sol;Dupla;Reta;Sim;6;0;1;0;5;0;1;4;-23.51291902;-46.57604698;SPRF-SP;DEL01-SP;UOP01-DEL01-SP;229.0;-23.51291902;-46.57604698;2023-04-17;2023;4;2023-04;9;Manha;0;0;1;0
517530;2023-04-17;segunda-feira;22:55:00;SP;116.0;271;TABOAO DA SERRA;Ausência de reação do condutor;Colisão traseira;Com Vítimas Feridas;Plena Noite;Crescente;Céu Claro;Dupla;Reta;Sim;3;0;0;2;1;0;2;2;-23.61809286;-46.80556302;SPRF-SP;DEL04-SP;UOP01-DEL04-SP;271.0;-23.61809286;-46.80556302;2023-04-17;2023;4;2023-04;22;Noite;0;1;6;0
517477;2023-04-17;segunda-feira;18:29:00;SP;116.0;110;TAUBATE;Acessar a via sem observar a presença dos outros veículos;Tombamento;Com Vítimas Feridas;Plena Noite;Decrescente;Chuva;Múltipla;Reta;Não;3;0;1;0;1;1;1;3;-23.03412614;-45.5526999;SPRF-SP;DEL02-SP;UOP02-DEL02-SP;110.0;-23.03412614;-45.5526999;2023-04-17;2023;4;2023-04;18;Noite;0;0;1;0
517527;2023-04-17;segunda-feira;22:50:00;SP;101.0;45;UBATUBA;Transitar na contramão;Colisão frontal;Sem Vítimas;Plena Noite;Decrescente;Nublado;Simples;Curva;Sim;2;0;0;0;2;0;0;2;-23.41779396;-45.06788408;SPRF-SP;DEL06-SP;UOP01-DEL06-SP;45.0;-23.41779396;-45.06788408;2023-04-17;2023;4;2023-04;22;Noite;0;0;0;0
517683;2023-04-18;terca-feira;20:00:00;SP;381.0;41;ATIBAIA;Reação tardia ou ineficiente do condutor;Colisão traseira;Com Vítimas Feridas;Plena Noite;Crescente;Chuva;Dupla;Reta;Sim;2;0;1;0;1;0;1;2;-23.13863999;-46.57584088;SPRF-SP;DEL03-SP;UOP01-DEL03-SP;41.0;-23.13863999;-46.57584088;2023-04-18;2023;4;2023-04;20;Noite;0;0;1;1
517591;2023-04-18;terca-feira;09:50:00;SP;116.0;561;BARRA DO TURVO;Reação tardia ou ineficiente do condutor;Engavetamento;Com Vítimas Feridas;Pleno dia;Crescente;Chuva;Dupla;Reta;Não;2;0;1;0;1;0;1;2;-25.024456;-48.520831;SPRF-SP;DEL05-SP;UOP02-DEL05-SP;561.0;-25.024456;-48.520831;2023-04-18;2023;4;2023-04;9;Manha;0;0;1;1
517615;2023-04-18;terca-feira;13:15:00;SP;381.0;23;BRAGANCA PAULISTA;Reação tardia ou ineficiente do condutor;Engavetamento;Sem Vítimas;Pleno dia;Decrescente;Chuva;Dupla;Reta;Não;5;0;0;0;5;0;0;3;-23.007338;-46.521393;SPRF-SP;DEL03-SP;UOP02-DEL03-SP;23.0;-23.007338;-46.521393;2023-04-18;2023;4;2023-04;13;Tarde;0;0;0;1
517633;2023-04-18;terca-feira;15:10:00;SP;116.0;511;CAJATI;Reação tardia ou ineficiente do condutor;Tombamento;Com Vítimas Feridas;Pleno dia;Decrescente;Chuva;Dupla;Curva;Não;1;0;1;0;0;0;1;1;-24.83558399;-48.2223738;SPRF-SP;DEL05-SP;UOP02-DEL05-SP;511.0;-24.83558399;-48.2223738;2023-04-18;2023;4;2023-04;15;Tarde;0;0;1;1
517693;2023-04-18;terca-feira;20:00:00;SP;116.0;278.5;EMBU DAS ARTES;Pista Escorregadia;Engavetamento;Sem Vítimas;Plena Noite;Crescente;Chuva;Dupla;Reta;Não;3;0;0;0;3;0;0;3;-23.65508497;-46.84918605;SPRF-SP;DEL04-SP;UOP01-DEL04-SP;278.5;-23.65508497;-46.84918605;2023-04-18;2023;4;2023-04;20;Noite;0;0;0;1
517715;2023-04-18;terca-feira;23:30:00;SP;;;FRANCO DA ROCHA;Chuva;Saída de leito carroçável;Sem Vítimas;Plena Noite;Não Informado;Chuva;Dupla;Curva;Não;1;0;0;0;1;0;0;1;-23.293265;-46.8430811;SPRF-SP;DEL09-SP;UOP01-DEL09-SP;;-23.293265;-46.8430811;2023-04-18;2023;4;2023-04;23;Noite;0;0;0;1
517541;2023-04-18;terca-feira;03:50:00;SP;116.0;217;GUARULHOS;Pedestre andava na pista;Atropelamento de Pedestre;Com Vítimas Fatais;Plena Noite;Decrescente;Nublado;Múltipla;Reta;Sim;2;1;0;0;1;0;0;1;-23.45423824;-46.47119028;SPRF-SP;DEL01-SP;UOP01-DEL01-SP;217.0;-23.45423824;-46.47119028;2023-04-18;2023;4;2023-04;3;Madrugada;1;1;5;1
517686;2023-04-18;terca-feira;19:30:00;SP;381.0;71;MAIRIPORA;Pedestre cruzava a pista fora da faixa;Atropelamento de Pedestre;Com Vítimas Feridas;Plena Noite;Decrescente;Chuva;Dupla;Não Informado;Não;2;0;1;0;1;0;1;1;-23.35047979;-46.55267274;SPRF-SP;DEL03-SP;UOP01-DEL03-SP;71.0;-23.35047979;-46.55267274;2023-04-18;2023;4;2023-04;19;Noite;0;0;1;1
517564;2023-04-18;terca-feira;08:05:00;SP;116.0;405.9;MIRACATU;Ausência de reação do condutor;Saída de leito carroçável;Sem Vítimas;Pleno dia;Crescente;Chuva;Dupla;Reta;Não;1;0;0;0;1;0;0;1;-24.3250391;-47.55598398;SPRF-SP;DEL04-SP;UOP02-DEL04-SP;405.9;-24.3250391;-47.55598398;2023-04-18;2023;4;2023-04;8;Manha;0;0;0;1
517548;2023-04-18;terca-feira;06:00:00;SP;116.0;449;REGISTRO;Chuva;Colisão traseira;Com Vítimas Feridas;Amanhecer;Crescente;Chuva;Dupla;Reta;Sim;5;0;3;0;2;0;3;2;-24.52913591;-47.85619324;SPRF-SP;DEL05-SP;UOP01-DEL05-SP;449.0;-24.52913591;-47.85619324;2023-04-18;2023;4;2023-04;6;Manha;0;0;3;1
517636;2023-04-18;terca-feira;16:45:00;SP;116.0;435;REGISTRO;Acumulo de água sobre o pavimento;Saída de leito carroçável;Com Vítimas Feridas;Anoitecer;Decrescente;Chuva;Dupla;Reta;Não;2;0;2;0;0;0;2;1;-24.42978592;-47.78559107;SPRF-SP;DEL05-SP;UOP01-DEL05-SP;435.0;-24.42978592;-47.78559107;2023-04-18;2023;4;2023-04;16;Tarde;0;0;2;1
517657;2023-04-18;terca-feira;18:20:00;SP;116.0;79;ROSEIRA;Chuva;Tombamento;Com Vítimas Feridas;Plena Noite;Decrescente;Chuva;Dupla;Reta;Não;1;0;1;0;0;0;1;1;-22.89420903;-45.29471098;SPRF-SP;DEL08-SP;UOP01-DEL08-SP;79.0;-22.89420903;-45.29471098;2023-04-18;2023;4;2023-04;18;Noite;0;0;1;1
517655;2023-04-18;terca-feira;18:35:00;SP;116.0;148.8;SAO JOSE DOS CAMPOS;Condutor deixou de manter distância do veículo da frente;Colisão lateral mesmo sentido;Com Vítimas Feridas;Plena Noite;Decrescente;Céu Claro;Múltipla;Reta;Sim;3;0;0;1;2;0;1;3;-23.206596;-45.886026;SPRF-SP;DEL02-SP;UOP01-DEL02-SP;148.8;-23.206596;-45.886026;2023-04-18;2023;4;2023-04;18;Noite;0;1;3;1
517568;2023-04-18;terca-feira;08:22:00;SP;116.0;229;SAO PAULO;Manobra de mudança de faixa;Colisão traseira;Com Vítimas Feridas;Pleno dia;Crescente;Chuva;Múltipla;Não Informado;Sim;3;0;1;0;2;0;1;2;-23.51291902;-46.57604698;SPRF-SP;DEL01-SP;UOP01-DEL01-SP;229.0;-23.51291902;-46.57604698;2023-04-18;2023;4;2023-04;8;Manha;0;0;1;1
517613;2023-04-18;terca-feira;13:40:00;SP;116.0;228;SAO PAULO;Reação tardia ou ineficiente do condutor;Colisão lateral mesmo sentido;Com Vítimas Feridas;Pleno dia;Crescente;Garoa/Chuvisco;Múltipla;Reta;Sim;2;0;1;0;1;0;1;2;-23.50343484;-46.56638712;SPRF-SP;DEL01-SP;UOP01-DEL01-SP;228.0;-23.50343484;-46.56638712;2023-04-18;2023;4;2023-04;13;Tarde;0;0;1;1
517612;2023-04-18;terca-feira;13:10:00;SP;116.0;108;TAUBATE;Velocidade Incompatível;Colisão com objeto;Com Vítimas Feridas;Pleno dia;Decrescente;Nublado;Dupla;Não Informado;Sim;1;0;1;0;0;0;1;1;-23.02845533;-45.54446624;SPRF-SP;DEL02-SP;UOP02-DEL02-SP;108.0;-23.02845533;-45.54446624;2023-04-18;2023;4;2023-04;13;Tarde;0;0;1;1
517667;2023-04-18;terca-feira;18:35:00;SP;101.0;51;UBATUBA;Acessar a via sem observar a presença dos outros veículos;Colisão transversal;Com Vítimas Feridas;Plena Noite;Decrescente;Chuva;Simples;Reta;Não;2;0;1;0;0;1;1;2;-23.45627795;-45.07111896;SPRF-SP;DEL06-SP;UOP01-DEL06-SP;51.0;-23.45627795;-45.07111896;2023-04-18;2023;4;2023-04;18;Noite;0;0;1;1
520612;2023-04-18;terca-feira;17:00:00;SP;381.0;7;VARGEM;Avarias e/ou desgaste excessivo no pneu;Incêndio;Sem Vítimas;Pleno dia;Crescente;Chuva;Dupla;Reta;Não;1;0;0;0;1;0;0;1;-22.90533708;-46.42270582;SPRF-SP;DEL03-SP;UOP02-DEL03-SP;7.0;-22.90533708;-46.42270582;2023-04-18;2023;4;2023-04;17;Tarde;0;0;0;1
517723;2023-04-19;quarta-feira;02:30:00;SP;116.0;74;APARECIDA;Ausência de reação do condutor;Colisão com objeto;Com Vítimas Feridas;Plena Noite;Crescente;Chuva;Dupla;Reta;Não;5;0;2;0;3;0;2;3;-22.87353809;-45.25320023;SPRF-SP;DEL08-SP;UOP01-DEL08-SP;74.0;-22.87353809;-45.25320023;2023-04-19;2023;4;2023-04;2;Madrugada;0;0;2;2
517790;2023-04-19;quarta-feira;07:15:00;SP;116.0;545;BARRA DO TURVO;Reação tardia ou ineficiente do condutor;Tombamento;Com Vítimas Feridas;Pleno dia;Decrescente;Sol;Dupla;Curva;Não;1;0;1;0;0;0;1;1;-24.95016699;-48.42400302;SPRF-SP;DEL05-SP;UOP02-DEL05-SP;545.0;-24.95016699;-48.42400302;2023-04-19;2023;4;2023-04;7;Manha;0;0;1;2
517799;2023-04-19;quarta-feira;11:00:00;SP;381.0;23;BRAGANCA PAULISTA;Obras na pista;Colisão transversal;Com Vítimas Feridas;Pleno dia;Crescente;Céu Claro;Dupla;Reta;Não;3;0;1;0;0;2;1;3;-23.00476488;-46.52061531;SPRF-SP;DEL03-SP;UOP02-DEL03-SP;23.0;-23.00476488;-46.52061531;2023-04-19;2023;4;2023-04;11;Manha;0;0;1;2
517734;2023-04-19;quarta-feira;05:39:00;SP;116.0;131;CACAPAVA;Ultrapassagem Indevida;Colisão lateral mesmo sentido;Com Vítimas Feridas;Amanhecer;Crescente;Chuva;Dupla;Reta;Sim;2;0;2;0;0;0;2;2;-23.12742083;-45.73636609;SPRF-SP;DEL02-SP;UOP02-DEL02-SP;131.0;-23.12742083;-45.73636609;2023-04-19;2023;4;2023-04;5;Madrugada;0;0;2;2
517903;2023-04-19;quarta-feira;17:50:00;SP;116.0;512;CAJATI;Reação tardia ou ineficiente do condutor;Saída de leito carroçável;Com Vítimas Feridas;Pleno dia;Crescente;Céu Claro;Múltipla;Não Informado;Não;1;0;1;0;0;0;1;1;-24.84304306;-48.22027915;SPRF-SP;DEL05-SP;UOP02-DEL05-SP;512.0;-24.84304306;-48.22027915;2023-04-19;2023;4;2023-04;17;Tarde;0;0;1;2
517933;2023-04-19;quarta-feira;10:15:00;SP;116.0;499;CAJATI;Reação tardia ou ineficiente do condutor;Tombamento;Com Vítimas Feridas;Pleno dia;Crescente;Céu Claro;Múltipla;Curva;Não;2;0;2;0;0;0;2;1;-24.78494229;-48.18105698;SPRF-SP;DEL05-SP;UOP02-DEL05-SP;499.0;-24.78494229;-48.18105698;2023-04-19;2023;4;2023-04;10;Manha;0;0;2;2
517716;2023-04-19;quarta-feira;00:30:00;SP;116.0;211;GUARULHOS;Reação tardia ou ineficiente do condutor;Colisão com objeto;Sem Vítimas;Plena Noite;Decrescente;Garoa/Chuvisco;Múltipla;Reta;Sim;1;0;0;0;0;1;0;1;-23.4324306;-46.4194352;SPRF-SP;DEL01-SP;UOP01-DEL01-SP;211.0;-23.4324306;-46.4194352;2023-04-19;2023;4;2023-04;0;Madrugada;0;0;0;2
517727;2023-04-19;quarta-feira;04:00:00;SP;116.0;223.2;GUARULHOS;Ausência de reação do condutor;Colisão traseira;Com Vítimas Feridas;Plena Noite;Crescente;Nublado;Múltipla;Reta;Não;2;0;1;0;1;0;1;2;-23.47559815;-46.5246609;SPRF-SP;DEL01-SP;UOP01-DEL01-SP;223.2;-23.47559815;-46.5246609;2023-04-19;2023;4;2023-04;4;Madrugada;0;0;1;2
517785;2023-04-19;quarta-feira;08:00:00;SP;381.0;89;GUARULHOS;Reação tardia ou ineficiente do condutor;Colisão lateral mesmo sentido;Com Vítimas Feridas;Pleno dia;Crescente;Céu Claro;Múltipla;Reta;Não;3;0;1;0;2;0;1;2;-23.48469299;-46.55983288;SPRF-SP;DEL03-SP;UOP01-DEL03-SP;89.0;-23.48469299;-46.55983288;2023-04-19;2023;4;2023-04;8;Manha;0;0;1;2
517795;2023-04-19;quarta-feira;10:30:00;SP;116.0;226;GUARULHOS;Ausência de reação do condutor;Engavetamento;Sem Vítimas;Pleno dia;Decrescente;Céu Claro;Múltipla;Reta;Não;5;0;0;0;4;1;0;5;-23.49102507;-46.54878195;SPRF-SP;DEL01-SP;UOP01-DEL01-SP;226.0;-23.49102507;-46.54878195;2023-04-19;2023;4;2023-04;10;Manha;0;0;0;2
517729;2023-04-19;quarta-feira;01:15:00;SP;153.0;108;JOSE BONIFACIO;Reação tardia ou ineficiente do condutor;Colisão com objeto;Sem Vítimas;Plena Noite;Crescente;Chuva;Dupla;Curva;Sim;2;0;0;0;0;2;0;1;-21.07208391;-49.66656517;SPRF-SP;DEL09-SP;UOP01-DEL09-SP;108.0;-21.07208391;-49.66656517;2023-04-19;2023;4;2023-04;1;Madrugada;0;0;0;2
517720;2023-04-19;quarta-feira;00:15:00;SP;116.0;90.4;PINDAMONHANGABA;Ingestão de álcool pelo condutor;Saída de leito carroçável;Com Vítimas Feridas;Plena Noite;Decrescente;Chuva;Dupla;Reta;Não;1;0;1;0;0;0;1;1;-22.94361839;-45.3873088;SPRF-SP;DEL08-SP;UOP01-DEL08-SP;90.4;-22.94361839;-45.3873088;2023-04-19;2023;4;2023-04;0;Madrugada;0;0;1;2
517750;2023-04-19;quarta-feira;07:00:00;SP;153.0;70;SAO JOSE DO RIO PRETO;Reação tardia ou ineficiente do condutor;Tombamento;Com Vítimas Feridas;Pleno dia;Crescente;Garoa/Chuvisco;Dupla;Não Informado;Sim;1;0;1;0;0;0;1;1;-20.85197874;-49.40070263;SPRF-SP;DEL09-SP;UOP01-DEL09-SP;70.0;-20.85197874;-49.40070263;2023-04-19;2023;4;2023-04;7;Manha;0;0;1;2
517756;2023-04-19;quarta-feira;07:50:00;SP;116.0;145.4;SAO JOSE DOS CAMPOS;Reação tardia ou ineficiente do condutor;Saída de leito carroçável;Com Vítimas Feridas;Pleno dia;Decrescente;Céu Claro;Dupla;Não Informado;Sim;2;0;2;0;0;0;2;1;-23.18816038;-45.85693359;SPRF-SP;DEL02-SP;UOP01-DEL02-SP;145.4;-23.18816038;-45.85693359;2023-04-19;2023;4;2023-04;7;Manha;0;0;2;2
517927;2023-04-19;quarta-feira;22:00:00;SP;116.0;144;SAO JOSE DOS CAMPOS;Ausência de reação do condutor;Tombamento;Com Vítimas Feridas;Plena Noite;Crescente;Nublado;Dupla;Não Informado;Sim;1;0;1;0;0;0;1;1;-23.18274416;-45.84633592;SPRF-SP;DEL02-SP;UOP01-DEL02-SP;144.0;-23.18274416;-45.84633592;2023-04-19;2023;4;2023-04;22;Noite;0;0;1;2
517908;2023-04-19;quarta-feira;20:10:00;SP;116.0;315;SAO LOURENCO DA SERRA;Avarias e/ou desgaste excessivo no pneu;Queda de ocupante de veículo;Com Vítimas Feridas;Plena Noite;Crescente;Céu Claro;Dupla;Reta;Sim;2;0;1;0;1;0;1;1;-23.90251888;-46.99049317;SPRF-SP;DEL04-SP;UOP03-DEL04-SP;315.0;-23.90251888;-46.99049317;2023-04-19;2023;4;2023-04;20;Noite;0;0;1;2
517851;2023-04-19;quarta-feira;08:30:00;SP;381.0;86;SAO PAULO;Reação tardia ou ineficiente do condutor;Colisão traseira;Com Vítimas Feridas;Pleno dia;Crescente;Céu Claro;Múltipla;Curva;Sim;3;0;1;0;2;0;1;2;-23.45930499;-46.57161179;SPRF-SP;DEL03-SP;UOP01-DEL03-SP;86.0;-23.45930499;-46.57161179;2023-04-19;2023;4;2023-04;8;Manha;0;0;1;2
517948;2023-04-20;quinta-feira;07:40:00;SP;116.0;69.8;APARECIDA;Demais falhas mecânicas ou elétricas;Incêndio;Sem Vítimas;Pleno dia;Crescente;Céu Claro;Dupla;Curva;Sim;1;0;0;0;1;0;0;1;-22.84017188;-45.22364349;SPRF-SP;DEL08-SP;UOP01-DEL08-SP;69.8;-22.84017188;-45.22364349;2023-04-20;2023;4;2023-04;7;Manha;0;0;0;3
518049;2023-04-20;quinta-feira;16:20:00;SP;116.0;205;ARUJA;Reação tardia ou ineficiente do condutor;Colisão com objeto;Com Vítimas Feridas;Pleno dia;Decrescente;Céu Claro;Múltipla;Reta;Sim;1;0;1;0;0;0;1;1;-23.41475243;-46.36600788;SPRF-SP;DEL01-SP;UOP01-DEL01-SP;205.0;-23.41475243;-46.36600788;2023-04-20;2023;4;2023-04;16;Tarde;0;0;1;3
518105;2023-04-20;quinta-feira;19:45:00;SP;116.0;205;ARUJA;Manobra de mudança de faixa;Colisão lateral mesmo sentido;Com Vítimas Feridas;Plena Noite;Decrescente;Céu Claro;Múltipla;Reta;Não;2;0;1;0;1;0;1;2;-23.41475243;-46.36600788;SPRF-SP;DEL01-SP;UOP01-DEL01-SP;205.0;-23.41475243;-46.36600788;2023-04-20;2023;4;2023-04;19;Noite;0;0;1;3
518011;2023-04-20;quinta-feira;12:55:00;SP;116.0;274;EMBU DAS ARTES;Animais na Pista;Atropelamento de Animal;Com Vítimas Feridas;Pleno dia;Decrescente;Céu Claro;Dupla;Reta;Sim;1;0;1;0;0;0;1;1;-23.63445084;-46.82418514;SPRF-SP;DEL04-SP;UOP01-DEL04-SP;274.0;-23.63445084;-46.82418514;2023-04-20;2023;4;2023-04;12;Tarde;0;0;1;3
518162;2023-04-20;quinta-feira;13:00:00;SP;116.0;66;GUARATINGUETA;Reação tardia ou ineficiente do condutor;Colisão com objeto;Com Vítimas Feridas;Pleno dia;Crescente;Céu Claro;Dupla;Curva;Não;1;0;1;0;0;0;1;1;-22.82270215;-45.20193286;SPRF-SP;DEL08-SP;UOP01-DEL08-SP;66.0;-22.82270215;-45.20193286;2023-04-20;2023;4;2023-04;13;Tarde;0;0;1;3
518033;2023-04-20;quinta-feira;15:00:00;SP;116.0;227.5;GUARULHOS;Reação tardia ou ineficiente do condutor;Tombamento;Com Vítimas Feridas;Pleno dia;Crescente;Céu Claro;Múltipla;Reta;Sim;1;0;1;0;0;0;1;1;-23.49659264;-46.55648754;SPRF-SP;DEL01-SP;UOP01-DEL01-SP;227.5;-23.49659264;-46.55648754;2023-04-20;2023;4;2023-04;15;Tarde;0;0;1;3
518085;2023-04-20;quinta-feira;19:00:00;SP;116.0;220;GUARULHOS;Condutor deixou de manter distância do veículo da frente;Tombamento;Com Vítimas Feridas;Plena Noite;Crescente;Céu Claro;Múltipla;Reta;Sim;1;0;1;0;0;0;1;1;-23.46472809;-46.49793962;SPRF-SP;DEL01-SP;UOP01-DEL01-SP;220.0;-23.46472809;-46.49793962;2023-04-20;2023;4;2023-04;19;Noite;0;0;1;3
518091;2023-04-20;quinta-feira;18:00:00;SP;116.0;169;JACAREI;Reação tardia ou ineficiente do condutor;Tombamento;Com Vítimas Feridas;Plena Noite;Decrescente;Céu Claro;Múltipla;Curva;Não;1;0;0;1;0;0;1;1;-23.307652;-46.045128;SPRF-SP;DEL02-SP;UOP01-DEL02-SP;169.0;-23.307652;-46.045128;2023-04-20;2023;4;2023-04;18;Noite;0;1;3;3
518131;2023-04-20;quinta-feira;18:45:00;SP;153.0;280;OCAUCU;Acessar a via sem observar a presença dos outros veículos;Colisão transversal;Sem Vítimas;Plena Noite;Crescente;Céu Claro;Simples;Não Informado;Não;2;0;0;0;2;0;0;2;-22.41321412;-49.86091715;SPRF-SP;DEL07-SP;UOP02-DEL07-SP;280.0;-22.41321412;-49.86091715;2023-04-20;2023;4;2023-04;18;Noite;0;0;0;3
518062;2023-04-20;quinta-feira;17:15:00;SP;116.0;189.2;SANTA ISABEL;Reação tardia ou ineficiente do condutor;Colisão com objeto;Com Vítimas Feridas;Anoitecer;Decrescente;Céu Claro;Dupla;Não Informado;Não;1;0;1;0;0;0;1;1;-23.36435234;-46.22488684;SPRF-SP;DEL01-SP;UOP01-DEL01-SP;189.2;-23.36435234;-46.22488684;2023-04-20;2023;4;2023-04;17;Tarde;0;0;1;3
518021;2023-04-20;quinta-feira;14:45:00;SP;116.0;227.8;SAO PAULO;Condutor deixou de manter distância do veículo da frente;Colisão traseira;Com Vítimas Feridas;Pleno dia;Crescente;Céu Claro;Simples;Não Informado;Não;3;0;1;0;2;0;1;3;-23.49659264;-46.55648754;SPRF-SP;DEL01-SP;UOP01-DEL01-SP;227.8;-23.49659264;-46.55648754;2023-04-20;2023;4;2023-04;14;Tarde;0;0;1;3
518038;2023-04-20;quinta-feira;15:30:00;SP;116.0;229;SAO PAULO;Manobra de mudança de faixa;Colisão traseira;Com Vítimas Feridas;Pleno dia;Decrescente;Nublado;Múltipla;Reta;Sim;2;0;1;0;1;0;1;2;-23.51291902;-46.57604698;SPRF-SP;DEL01-SP;UOP01-DEL01-SP;229.0;-23.51291902;-46.57604698;2023-04-20;2023;4;2023-04;15;Tarde;0;0;1;3
518051;2023-04-20;quinta-feira;06:40:00;SP;381.0;80;SAO PAULO;Ausência de reação do condutor;Tombamento;Com Vítimas Feridas;Amanhecer;Crescente;Céu Claro;Múltipla;Reta;Não;1;0;1;0;0;0;1;1;-23.40889686;-46.58095945;SPRF-SP;DEL03-SP;UOP01-DEL03-SP;80.0;-23.40889686;-46.58095945;2023-04-20;2023;4;2023-04;6;Manha;0;0;1;3
518041;2023-04-20;quinta-feira;16:05:00;SP;116.0;273;TABOAO DA SERRA;Manobra de mudança de faixa;Atropelamento de Pedestre;Com Vítimas Feridas;Pleno dia;Decrescente;Céu Claro;Dupla;Curva;Sim;2;0;1;0;1;0;1;1;-23.621691;-46.813288;SPRF-SP;DEL04-SP;UOP01-DEL04-SP;273.0;-23.621691;-46.813288;2023-04-20;2023;4;2023-04;16;Tarde;0;0;1;3
518136;2023-04-20;quinta-feira;21:00:00;SP;116.0;271;TABOAO DA SERRA;Demais falhas na via;Eventos atípicos;Com Vítimas Feridas;Plena Noite;Crescente;Céu Claro;Simples;Reta;Sim;3;0;1;0;1;1;1;2;-23.61783801;-46.80016994;SPRF-SP;DEL04-SP;UOP01-DEL04-SP;271.0;-23.61783801;-46.80016994;2023-04-20;2023;4;2023-04;21;Noite;0;0;1;3
518158;2023-04-20;quinta-feira;23:55:00;SP;116.0;273;TABOAO DA SERRA;Transitar na contramão;Colisão lateral sentido oposto;Com Vítimas Feridas;Plena Noite;Crescente;Céu Claro;Dupla;Viaduto;Não;2;0;0;1;1;0;1;2;-23.62809795;-46.81870306;SPRF-SP;DEL04-SP;UOP01-DEL04-SP;273.0;-23.62809795;-46.81870306;2023-04-20;2023;4;2023-04;23;Noite;0;1;3;3
518147;2023-04-20;quinta-feira;22:30:00;SP;116.0;117;TAUBATE;Reação tardia ou ineficiente do condutor;Colisão traseira;Com Vítimas Feridas;Plena Noite;Crescente;Céu Claro;Dupla;Reta;Não;4;0;2;1;1;0;3;2;-23.0582298;-45.6176951;SPRF-SP;DEL02-SP;UOP02-DEL02-SP;117.0;-23.0582298;-45.6176951;2023-04-20;2023;4;2023-04;22;Noite;0;1;5;3
518186;2023-04-21;sexta-feira;02:10:00;SP;381.0;47;ATIBAIA;Ausência de reação do condutor;Capotamento;Com Vítimas Feridas;Plena Noite;Decrescente;Céu Claro;Múltipla;Reta;Não;2;0;0;1;1;0;1;1;-23.18904617;-46.58407757;SPRF-SP;DEL03-SP;UOP01-DEL03-SP;47.0;-23.18904617;-46.58407757;2023-04-21;2023;4;2023-04;2;Madrugada;0;1;3;4
518261;2023-04-21;sexta-feira;11:15:00;SP;116.0;46.8;CANAS;Ausência de reação do condutor;Colisão traseira;Com Vítimas Feridas;Pleno dia;Crescente;Céu Claro;Dupla;Reta;Não;4;0;1;0;3;0;1;3;-22.71393589;-45.05335608;SPRF-SP;DEL08-SP;UOP02-DEL08-SP;46.8;-22.71393589;-45.05335608;2023-04-21;2023;4;2023-04;11;Manha;0;0;1;4
518306;2023-04-21;sexta-feira;16:45:00;SP;116.0;280;EMBU DAS ARTES;Ausência de reação do condutor;Engavetamento;Sem Vítimas;Pleno dia;Decrescente;Céu Claro;Dupla;Não Informado;Sim;7;0;0;0;7;0;0;4;-23.66996108;-46.85590758;SPRF-SP;DEL04-SP;UOP01-DEL04-SP;280.0;-23.66996108;-46.85590758;2023-04-21;2023;4;2023-04;16;Tarde;0;0;0;4
518214;2023-04-21;sexta-feira;08:00:00;SP;116.0;22.6;LAVRINHAS;Velocidade Incompatível;Colisão com objeto;Com Vítimas Feridas;Pleno dia;Crescente;Céu Claro;Dupla;Não Informado;Não;2;0;1;0;1;0;1;2;-22.58368521;-44.87772952;SPRF-SP;DEL08-SP;UOP02-DEL08-SP;22.6;-22.58368521;-44.87772952;2023-04-21;2023;4;2023-04;8;Manha;0;0;1;4
518270;2023-04-21;sexta-feira;12:30:00;SP;381.0;59;MAIRIPORA;Transitar na contramão;Colisão frontal;Sem Vítimas;Pleno dia;Crescente;Céu Claro;Simples;Reta;Sim;4;0;0;0;2;2;0;2;-23.28270705;-46.58787791;SPRF-SP;DEL03-SP;UOP01-DEL03-SP;59.0;-23.28270705;-46.58787791;2023-04-21;2023;4;2023-04;12;Tarde;0;0;0;4
518426;2023-04-21;sexta-feira;22:00:00;SP;381.0;62;MAIRIPORA;Demais falhas mecânicas ou elétricas;Colisão lateral mesmo sentido;Com Vítimas Feridas;Plena Noite;Decrescente;Céu Claro;Dupla;Curva;Não;2;0;1;0;1;0;1;2;-23.29437896;-46.57254696;SPRF-SP;DEL03-SP;UOP01-DEL03-SP;62.0;-23.29437896;-46.57254696;2023-04-21;2023;4;2023-04;22;Noite;0;0;1;4
518324;2023-04-21;sexta-feira;18:55:00;SP;153.0;257.3;MARILIA;Ingestão de álcool pelo condutor;Colisão com objeto;Com Vítimas Feridas;Plena Noite;Decrescente;Céu Claro;Dupla;Reta;Sim;1;0;1;0;0;0;1;1;-22.246024;-49.920281;SPRF-SP;DEL07-SP;UOP02-DEL07-SP;257.3;-22.246024;-49.920281;2023-04-21;2023;4;2023-04;18;Noite;0;0;1;4
518206;2023-04-21;sexta-feira;07:40:00;SP;116.0;363;MIRACATU;Velocidade Incompatível;Tombamento;Com Vítimas Feridas;Pleno dia;Crescente;Céu Claro;Dupla;Curva;Não;2;0;2;0;0;0;2;1;-24.13038097;-47.27114281;SPRF-SP;DEL04-SP;UOP02-DEL04-SP;363.0;-24.13038097;-47.27114281;2023-04-21;2023;4;2023-04;7;Manha;0;0;2;4
518184;2023-04-21;sexta-feira;00:30:00;SP;153.0;39.7;ONDA VERDE;Ausência de reação do condutor;Saída de leito carroçável;Sem Vítimas;Plena Noite;Crescente;Céu Claro;Simples;Não Informado;Não;2;0;0;0;1;1;0;1;-20.61635683;-49.33294773;SPRF-SP;DEL09-SP;UOP01-DEL09-SP;39.7;-20.61635683;-49.33294773;2023-04-21;2023;4;2023-04;0;Madrugada;0;0;0;4
518275;2023-04-21;sexta-feira;14:00:00;SP;153.0;61.2;SAO JOSE DO RIO PRETO;Ultrapassagem Indevida;Colisão lateral mesmo sentido;Com Vítimas Feridas;Pleno dia;Crescente;Céu Claro;Dupla;Não Informado;Sim;2;0;1;0;1;0;1;2;-20.79627979;-49.35480206;SPRF-SP;DEL09-SP;UOP01-DEL09-SP;61.2;-20.79627979;-49.35480206;2023-04-21;2023;4;2023-04;14;Tarde;0;0;1;4
518211;2023-04-21;sexta-feira;07:20:00;SP;116.0;146;SAO JOSE DOS CAMPOS;Manobra de mudança de faixa;Colisão lateral mesmo sentido;Com Vítimas Feridas;Pleno dia;Decrescente;Céu Claro;Múltipla;Reta;Não;6;0;2;0;4;0;2;5;-23.19122919;-45.86327591;SPRF-SP;DEL02-SP;UOP01-DEL02-SP;146.0;-23.19122919;-45.86327591;2023-04-21;2023;4;2023-04;7;Manha;0;0;2;4
518183;2023-04-21;sexta-feira;02:35:00;SP;116.0;304;SAO LOURENCO DA SERRA;Reação tardia ou ineficiente do condutor;Saída de leito carroçável;Com Vítimas Feridas;Plena Noite;Crescente;Nublado;Dupla;Não Informado;Não;3;0;0;3;0;0;3;1;-23.83389338;-46.92986012;SPRF-SP;DEL04-SP;UOP01-DEL04-SP;304.0;-23.83389338;-46.92986012;2023-04-21;2023;4;2023-04;2;Madrugada;0;1;9;4
518264;2023-04-21;sexta-feira;12:30:00;SP;101.0;50;UBATUBA;Reação tardia ou ineficiente do condutor;Queda de ocupante de veículo;Com Vítimas Feridas;Pleno dia;Crescente;Céu Claro;Simples;Reta;Sim;1;0;1;0;0;0;1;1;-23.4623355;-45.06476561;SPRF-SP;DEL06-SP;UOP01-DEL06-SP;50.0;-23.4623355;-45.06476561;2023-04-21;2023;4;2023-04;12;Tarde;0;0;1;4
518421;2023-04-22;sabado;07:50:00;SP;116.0;197;ARUJA;Demais falhas mecânicas ou elétricas;Queda de ocupante de veículo;Com Vítimas Feridas;Amanhecer;Decrescente;Nublado;Dupla;Reta;Não;2;0;2;0;0;0;2;1;-23.39721625;-46.29284287;SPRF-SP;DEL01-SP;UOP01-DEL01-SP;197.0;-23.39721625;-46.29284287;2023-04-22;2023;4;2023-04;7;Manha;0;0;2;5
518437;2023-04-22;sabado;09:30:00;SP;381.0;33;ATIBAIA;Animais na Pista;Saída de leito carroçável;Com Vítimas Feridas;Pleno dia;Crescente;Céu Claro;Dupla;Reta;Não;4;0;1;0;3;0;1;1;-23.0728028;-46.56673562;SPRF-SP;DEL03-SP;UOP02-DEL03-SP;33.0;-23.0728028;-46.56673562;2023-04-22;2023;4;2023-04;9;Manha;0;0;1;5
518481;2023-04-22;sabado;15:20:00;SP;381.0;46.3;ATIBAIA;Velocidade Incompatível;Colisão com objeto;Com Vítimas Feridas;Pleno dia;Decrescente;Sol;Dupla;Não Informado;Não;1;0;0;1;0;0;1;1;-23.180897;-46.580777;SPRF-SP;DEL03-SP;UOP01-DEL03-SP;46.3;-23.180897;-46.580777;2023-04-22;2023;4;2023-04;15;Tarde;0;1;3;5
518538;2023-04-22;sabado;19:30:00;SP;116.0;120.5;CACAPAVA;Ingestão de álcool pelo condutor;Tombamento;Com Vítimas Feridas;Plena Noite;Crescente;Céu Claro;Dupla;Reta;Não;5;0;0;1;4;0;1;3;-23.07631169;-45.65337222;SPRF-SP;DEL02-SP;UOP02-DEL02-SP;120.5;-23.07631169;-45.65337222;2023-04-22;2023;4;2023-04;19;Noite;0;1;3;5
518510;2023-04-22;sabado;18:20:00;SP;116.0;502;CAJATI;Reação tardia ou ineficiente do condutor;Colisão traseira;Com Vítimas Fatais;Anoitecer;Crescente;Céu Claro;Simples;Reta;Não;6;1;1;3;1;0;4;2;-24.7750833;-48.20117012;SPRF-SP;DEL05-SP;UOP02-DEL05-SP;502.0;-24.7750833;-48.20117012;2023-04-22;2023;4;2023-04;18;Noite;1;1;15;5
518479;2023-04-22;sabado;14:00:00;SP;116.0;67.1;GUARATINGUETA;Reação tardia ou ineficiente do condutor;Tombamento;Com Vítimas Feridas;Pleno dia;Crescente;Céu Claro;Dupla;Não Informado;Não;1;0;1;0;0;0;1;1;-22.82867578;-45.2088941;SPRF-SP;DEL08-SP;UOP01-DEL08-SP;67.1;-22.82867578;-45.2088941;2023-04-22;2023;4;2023-04;14;Tarde;0;0;1;5
518551;2023-04-22;sabado;21:55:00;SP;116.0;77.8;ROSEIRA;Ausência de reação do condutor;Colisão traseira;Com Vítimas Feridas;Plena Noite;Crescente;Céu Claro;Múltipla;Reta;Não;3;0;2;0;1;0;2;2;-22.88334222;-45.27934983;SPRF-SP;DEL08-SP;UOP01-DEL08-SP;77.8;-22.88334222;-45.27934983;2023-04-22;2023;4;2023-04;21;Noite;0;0;2;5
518400;2023-04-22;sabado;02:30:00;SP;116.0;145;SAO JOSE DOS CAMPOS;Ausência de reação do condutor;Colisão com objeto;Com Vítimas Feridas;Plena Noite;Decrescente;Céu Claro;Dupla;Reta;Não;1;0;0;1;0;0;1;1;-23.1869844;-45.8548078;SPRF-SP;DEL02-SP;UOP01-DEL02-SP;145.0;-23.1869844;-45.8548078;2023-04-22;2023;4;2023-04;2;Madrugada;0;1;3;5
518397;2023-04-22;sabado;01:58:00;SP;116.0;230;SAO PAULO;Ingestão de álcool pelo condutor;Saída de leito carroçável;Com Vítimas Feridas;Plena Noite;Decrescente;Céu Claro;Múltipla;Reta;Sim;1;0;1;0;0;0;1;1;-23.52251783;-46.5855702;SPRF-SP;DEL01-SP;UOP01-DEL01-SP;230.0;-23.52251783;-46.5855702;2023-04-22;2023;4;2023-04;1;Madrugada;0;0;1;5
518439;2023-04-22;sabado;10:10:00;SP;101.0;50.3;UBATUBA;Acessar a via sem observar a presença dos outros veículos;Colisão transversal;Com Vítimas Feridas;Pleno dia;Decrescente;Céu Claro;Simples;Reta;Sim;2;0;1;0;1;0;1;2;-23.44410908;-45.08375708;SPRF-SP;DEL06-SP;UOP01-DEL06-SP;50.3;-23.44410908;-45.08375708;2023-04-22;2023;4;2023-04;10;Manha;0;0;1;5
518787;2023-04-23;domingo;18:50:00;SP;381.0;46.8;ATIBAIA;Pedestre andava na pista;Atropelamento de Pedestre;Com Vítimas Feridas;Plena Noite;Crescente;Céu Claro;Dupla;Reta;Não;2;0;2;0;0;0;2;1;-23.17495;-46.57835;SPRF-SP;DEL03-SP;UOP01-DEL03-SP;46.8;-23.17495;-46.57835;2023-04-23;2023;4;2023-04;18;Noite;0;0;2;6
518648;2023-04-23;domingo;12:25:00;SP;116.0;37.7;CACHOEIRA PAULISTA;Mal súbito do condutor;Tombamento;Com Vítimas Feridas;Pleno dia;Crescente;Céu Claro;Dupla;Ponte;Sim;2;0;2;0;0;0;2;1;-22.66497021;-44.98430985;SPRF-SP;DEL08-SP;UOP02-DEL08-SP;37.7;-22.66497021;-44.98430985;2023-04-23;2023;4;2023-04;12;Tarde;0;0;2;6
518752;2023-04-23;domingo;17:20:00;SP;116.0;517;CAJATI;Reação tardia ou ineficiente do condutor;Colisão traseira;Com Vítimas Feridas;Pleno dia;Decrescente;Garoa/Chuvisco;Dupla;Curva;Não;7;0;2;0;5;0;2;2;-24.8768469;-48.22732309;SPRF-SP;DEL05-SP;UOP02-DEL05-SP;517.0;-24.8768469;-48.22732309;2023-04-23;2023;4;2023-04;17;Tarde;0;0;2;6
518579;2023-04-23;domingo;03:00:00;SP;116.0;225;GUARULHOS;Ingestão de álcool pelo condutor;Colisão com objeto;Sem Vítimas;Plena Noite;Decrescente;Céu Claro;Múltipla;Reta;Não;1;0;0;0;1;0;0;1;-23.48586772;-46.54075317;SPRF-SP;DEL01-SP;UOP01-DEL01-SP;225.0;-23.48586772;-46.54075317;2023-04-23;2023;4;2023-04;3;Madrugada;0;0;0;6
518644;2023-04-23;domingo;10:55:00;SP;116.0;225;GUARULHOS;Avarias e/ou desgaste excessivo no pneu;Queda de ocupante de veículo;Com Vítimas Feridas;Pleno dia;Decrescente;Céu Claro;Múltipla;Reta;Sim;1;0;1;0;0;0;1;1;-23.48586772;-46.54075317;SPRF-SP;DEL01-SP;UOP01-DEL01-SP;225.0;-23.48586772;-46.54075317;2023-04-23;2023;4;2023-04;10;Manha;0;0;1;6
518770;2023-04-23;domingo;23:15:00;SP;116.0;219;GUARULHOS;Reação tardia ou ineficiente do condutor;Colisão traseira;Sem Vítimas;Plena Noite;Decrescente;Céu Claro;Múltipla;Reta;Sim;3;0;0;0;2;1;0;3;-23.46143954;-46.48885316;SPRF-SP;DEL01-SP;UOP01-DEL01-SP;219.0;-23.46143954;-46.48885316;2023-04-23;2023;4;2023-04;23;Noite;0;0;0;6
518771;2023-04-23;domingo;23:00:00;SP;116.0;218;GUARULHOS;Velocidade Incompatível;Colisão traseira;Com Vítimas Feridas;Plena Noite;Decrescente;Nublado;Múltipla;Não Informado;Sim;4;0;3;0;1;0;3;2;-23.457972;-46.479927;SPRF-SP;DEL01-SP;UOP01-DEL01-SP;218.0;-23.457972;-46.479927;2023-04-23;2023;4;2023-04;23;Noite;0;0;3;6
518743;2023-04-23;domingo;20:30:00;SP;116.0;285;ITAPECERICA DA SERRA;Trafegar com motocicleta (ou similar) entre as faixas;Colisão lateral mesmo sentido;Com Vítimas Feridas;Plena Noite;Decrescente;Céu Claro;Dupla;Reta;Sim;4;0;0;2;2;0;2;3;-23.67769987;-46.8573761;SPRF-SP;DEL04-SP;UOP01-DEL04-SP;285.0;-23.67769987;-46.8573761;2023-04-23;2023;4;2023-04;20;Noite;0;1;6;6
518617;2023-04-23;domingo;06:30:00;SP;116.0;169;JACAREI;Velocidade Incompatível;Saída de leito carroçável;Com Vítimas Fatais;Amanhecer;Crescente;Nublado;Dupla;Curva;Sim;2;1;0;0;0;1;0;1;-23.307652;-46.045128;SPRF-SP;DEL02-SP;UOP01-DEL02-SP;169.0;-23.307652;-46.045128;2023-04-23;2023;4;2023-04;6;Manha;1;1;5;6
518659;2023-04-23;domingo;09:30:00;SP;116.0;392;MIRACATU;Reação tardia ou ineficiente do condutor;Queda de ocupante de veículo;Com Vítimas Feridas;Pleno dia;Decrescente;Céu Claro;Dupla;Reta;Não;1;0;1;0;0;0;1;1;-24.2823606;-47.4330272;SPRF-SP;DEL04-SP;UOP02-DEL04-SP;392.0;-24.2823606;-47.4330272;2023-04-23;2023;4;2023-04;9;Manha;0;0;1;6
518606;2023-04-23;domingo;07:00:00;SP;116.0;95;PINDAMONHANGABA;Ausência de reação do condutor;Saída de leito carroçável;Sem Vítimas;Pleno dia;Decrescente;Céu Claro;Dupla;Reta;Não;1;0;0;0;0;1;0;1;-22.96514512;-45.43013094;SPRF-SP;DEL08-SP;UOP01-DEL08-SP;95.0;-22.96514512;-45.43013094;2023-04-23;2023;4;2023-04;7;Manha;0;0;0;6
518681;2023-04-23;domingo;13:55:00;SP;116.0;100.9;PINDAMONHANGABA;Condutor deixou de manter distância do veículo da frente;Colisão traseira;Com Vítimas Feridas;Pleno dia;Crescente;Céu Claro;Dupla;Reta;Não;2;0;1;0;1;0;1;2;-22.986552;-45.47276;SPRF-SP;DEL08-SP;UOP01-DEL08-SP;100.9;-22.986552;-45.47276;2023-04-23;2023;4;2023-04;13;Tarde;0;0;1;6
518670;2023-04-23;domingo;14:40:00;SP;116.0;76;ROSEIRA;Condutor deixou de manter distância do veículo da frente;Colisão traseira;Com Vítimas Feridas;Pleno dia;Crescente;Céu Claro;Dupla;Reta;Não;4;0;0;2;1;1;2;3;-22.87747687;-45.27203908;SPRF-SP;DEL08-SP;UOP01-DEL08-SP;76.0;-22.87747687;-45.27203908;2023-04-23;2023;4;2023-04;14;Tarde;0;1;6;6
518609;2023-04-23;domingo;05:30:00;SP;153.0;57.5;SAO JOSE DO RIO PRETO;Reação tardia ou ineficiente do condutor;Saída de leito carroçável;Com Vítimas Fatais;Plena Noite;Decrescente;Céu Claro;Dupla;Reta;Não;2;1;0;0;1;0;0;2;-20.774595;-49.351774;SPRF-SP;DEL09-SP;UOP01-DEL09-SP;57.5;-20.774595;-49.351774;2023-04-23;2023;4;2023-04;5;Madrugada;1;1;5;6
518673;2023-04-23;domingo;14:30:00;SP;116.0;154;SAO JOSE DOS CAMPOS;Ausência de reação do condutor;Tombamento;Com Vítimas Feridas;Pleno dia;Decrescente;Céu Claro;Múltipla;Não Informado;Sim;4;0;3;0;1;0;3;2;-23.23903999;-45.92061901;SPRF-SP;DEL02-SP;UOP01-DEL02-SP;154.0;-23.23903999;-45.92061901;2023-04-23;2023;4;2023-04;14;Tarde;0;0;3;6
518663;2023-04-23;domingo;12:50:00;SP;116.0;308;SAO LOURENCO DA SERRA;Velocidade Incompatível;Colisão com objeto;Sem Vítimas;Pleno dia;Crescente;Céu Claro;Dupla;Não Informado;Não;4;0;0;0;4;0;0;1;-23.86213995;-46.94718508;SPRF-SP;DEL04-SP;UOP01-DEL04-SP;308.0;-23.86213995;-46.94718508;2023-04-23;2023;4;2023-04;12;Tarde;0;0;0;6
518598;2023-04-23;domingo;06:00:00;SP;381.0;83;SAO PAULO;Reação tardia ou ineficiente do condutor;Tombamento;Com Vítimas Feridas;Amanhecer;Crescente;Céu Claro;Dupla;Não Informado;Sim;1;0;1;0;0;0;1;1;-23.4309671;-46.56998022;SPRF-SP;DEL03-SP;UOP01-DEL03-SP;83.0;-23.4309671;-46.56998022;2023-04-23;2023;4;2023-04;6;Manha;0;0;1;6
519717;2023-04-23;domingo;16:05:00;SP;116.0;275;TABOAO DA SERRA;Manobra de mudança de faixa;Colisão lateral mesmo sentido;Com Vítimas Feridas;Pleno dia;Decrescente;Céu Claro;Dupla;Reta;Sim;4;0;1;0;1;2;1;2;-23.63638826;-46.83251584;SPRF-SP;DEL04-SP;UOP01-DEL04-SP;275.0;-23.63638826;-46.83251584;2023-04-23;2023;4;2023-04;16;Tarde;0;0;1;6
518676;2023-04-23;domingo;14:40:00;SP;116.0;103.8;TAUBATE;Ausência de reação do condutor;Colisão traseira;Com Vítimas Feridas;Pleno dia;Crescente;Céu Claro;Dupla;Reta;Não;2;0;1;0;1;0;1;2;-22.99919465;-45.49788917;SPRF-SP;DEL02-SP;UOP02-DEL02-SP;103.8;-22.99919465;-45.49788917;2023-04-23;2023;4;2023-04;14;Tarde;0;0;1;6
518799;2023-04-24;segunda-feira;04:00:00;SP;381.0;42;ATIBAIA;Ingestão de álcool pelo condutor;Colisão com objeto;Sem Vítimas;Plena Noite;Crescente;Céu Claro;Múltipla;Reta;Não;1;0;0;0;0;1;0;1;-23.147306;-46.57493202;SPRF-SP;DEL03-SP;UOP01-DEL03-SP;42.0;-23.147306;-46.57493202;2023-04-24;2023;4;2023-04;4;Madrugada;0;0;0;0
518802;2023-04-24;segunda-feira;05:20:00;SP;381.0;88;GUARULHOS;Ingestão de álcool pelo condutor;Colisão com objeto;Com Vítimas Feridas;Amanhecer;Crescente;Céu Claro;Múltipla;Reta;Sim;3;0;0;2;0;1;2;2;-23.47469314;-46.56112919;SPRF-SP;DEL03-SP;UOP01-DEL03-SP;88.0;-23.47469314;-46.56112919;2023-04-24;2023;4;2023-04;5;Madrugada;0;1;6;0
518810;2023-04-24;segunda-feira;05:30:00;SP;116.0;214;GUARULHOS;Reação tardia ou ineficiente do condutor;Colisão com objeto;Com Vítimas Feridas;Plena Noite;Crescente;Céu Claro;Dupla;Reta;Sim;4;0;4;0;0;0;4;1;-23.44333014;-46.44531294;SPRF-SP;DEL01-SP;UOP01-DEL01-SP;214.0;-23.44333014;-46.44531294;2023-04-24;2023;4;2023-04;5;Madrugada;0;0;4;0
518830;2023-04-24;segunda-feira;07:19:00;SP;381.0;90;GUARULHOS;Ausência de reação do condutor;Tombamento;Com Vítimas Feridas;Pleno dia;Crescente;Céu Claro;Dupla;Reta;Não;1;0;1;0;0;0;1;1;-23.49479479;-46.55959864;SPRF-SP;DEL03-SP;UOP01-DEL03-SP;90.0;-23.49479479;-46.55959864;2023-04-24;2023;4;2023-04;7;Manha;0;0;1;0
518843;2023-04-24;segunda-feira;08:00:00;SP;116.0;219;GUARULHOS;Trafegar com motocicleta (ou similar) entre as faixas;Colisão traseira;Com Vítimas Feridas;Pleno dia;Crescente;Céu Claro;Múltipla;Reta;Sim;2;0;1;0;1;0;1;2;-23.46143954;-46.48885316;SPRF-SP;DEL01-SP;UOP01-DEL01-SP;219.0;-23.46143954;-46.48885316;2023-04-24;2023;4;2023-04;8;Manha;0;0;1;0
518918;2023-04-24;segunda-feira;14:30:00;SP;381.0;88;GUARULHOS;Ausência de reação do condutor;Colisão traseira;Com Vítimas Feridas;Pleno dia;Crescente;Céu Claro;Múltipla;Reta;Sim;2;0;0;1;1;0;1;2;-23.47469314;-46.56112919;SPRF-SP;DEL03-SP;UOP01-DEL03-SP;88.0;-23.47469314;-46.56112919;2023-04-24;2023;4;2023-04;14;Tarde;0;1;3;0
529610;2023-04-24;segunda-feira;02:30:00;SP;116.0;206;GUARULHOS;Demais falhas mecânicas ou elétricas;Engavetamento;Com Vítimas Feridas;Plena Noite;Decrescente;Céu Claro;Múltipla;Reta;Não;3;0;2;0;1;0;2;3;-23.41722629;-46.37510292;SPRF-SP;DEL01-SP;UOP01-DEL01-SP;206.0;-23.41722629;-46.37510292;2023-04-24;2023;4;2023-04;2;Madrugada;0;0;2;0
518860;2023-04-24;segunda-feira;10:00:00;SP;116.0;138;SAO JOSE DOS CAMPOS;Reação tardia ou ineficiente do condutor;Engavetamento;Com Vítimas Feridas;Pleno dia;Crescente;Céu Claro;Dupla;Reta;Não;3;0;1;0;2;0;1;3;-23.1572739;-45.79554605;SPRF-SP;DEL02-SP;UOP01-DEL02-SP;138.0;-23.1572739;-45.79554605;2023-04-24;2023;4;2023-04;10;Manha;0;0;1;0
518800;2023-04-24;segunda-feira;01:00:00;SP;116.0;27.8;SILVEIRAS;Ausência de reação do condutor;Colisão com objeto;Com Vítimas Feridas;Plena Noite;Crescente;Céu Claro;Dupla;Não Informado;Sim;1;0;1;0;0;0;1;1;-22.61994629;-44.90836974;SPRF-SP;DEL08-SP;UOP02-DEL08-SP;27.8;-22.61994629;-44.90836974;2023-04-24;2023;4;2023-04;1;Madrugada;0;0;1;0
518986;2023-04-24;segunda-feira;20:50:00;SP;116.0;270.4;TABOAO DA SERRA;Manobra de mudança de faixa;Colisão lateral mesmo sentido;Com Vítimas Feridas;Plena Noite;Crescente;Céu Claro;Múltipla;Reta;Sim;2;0;1;0;1;0;1;2;-23.61799728;-46.79677694;SPRF-SP;DEL04-SP;UOP01-DEL04-SP;270.4;-23.61799728;-46.79677694;2023-04-24;2023;4;2023-04;20;Noite;0;0;1;0
519176;2023-04-25;terca-feira;18:00:00;SP;116.0;280;EMBU DAS ARTES;Ausência de reação do condutor;Saída de leito carroçável;Com Vítimas Feridas;Plena Noite;Decrescente;Céu Claro;Dupla;Reta;Sim;2;0;1;0;1;0;1;1;-23.66996108;-46.85590758;SPRF-SP;DEL04-SP;UOP01-DEL04-SP;280.0;-23.66996108;-46.85590758;2023-04-25;2023;4;2023-04;18;Noite;0;0;1;1
519022;2023-04-25;terca-feira;06:15:00;SP;116.0;5;GUARULHOS;Acessar a via sem observar a presença dos outros veículos;Colisão lateral mesmo sentido;Com Vítimas Feridas;Amanhecer;Crescente;Nublado;Dupla;Curva;Sim;2;0;1;0;1;0;1;2;-23.43211035;-46.492998;SPRF-SP;DEL01-SP;UOP01-DEL01-SP;5.0;-23.43211035;-46.492998;2023-04-25;2023;4;2023-04;6;Manha;0;0;1;1
519029;2023-04-25;terca-feira;07:00:00;SP;116.0;226;GUARULHOS;Ausência de reação do condutor;Engavetamento;Com Vítimas Feridas;Pleno dia;Crescente;Céu Claro;Dupla;Reta;Sim;3;0;1;0;1;1;1;3;-23.49102507;-46.54878195;SPRF-SP;DEL01-SP;UOP01-DEL01-SP;226.0;-23.49102507;-46.54878195;2023-04-25;2023;4;2023-04;7;Manha;0;0;1;1
519097;2023-04-25;terca-feira;12:15:00;SP;116.0;214;GUARULHOS;Acessar a via sem observar a presença dos outros veículos;Capotamento;Com Vítimas Feridas;Pleno dia;Decrescente;Céu Claro;Múltipla;Reta;Sim;2;0;1;0;1;0;1;2;-23.44333014;-46.44531294;SPRF-SP;DEL01-SP;UOP01-DEL01-SP;214.0;-23.44333014;-46.44531294;2023-04-25;2023;4;2023-04;12;Tarde;0;0;1;1
519112;2023-04-25;terca-feira;13:30:00;SP;116.0;214;GUARULHOS;Ausência de reação do condutor;Colisão frontal;Com Vítimas Feridas;Pleno dia;Decrescente;Céu Claro;Múltipla;Reta;Não;2;0;1;0;1;0;1;2;-23.44333014;-46.44531294;SPRF-SP;DEL01-SP;UOP01-DEL01-SP;214.0;-23.44333014;-46.44531294;2023-04-25;2023;4;2023-04;13;Tarde;0;0;1;1
519200;2023-04-25;terca-feira;20:20:00;SP;116.0;207;GUARULHOS;Manobra de mudança de faixa;Colisão traseira;Sem Vítimas;Plena Noite;Crescente;Nublado;Dupla;Reta;Sim;2;0;0;0;2;0;0;2;-23.41972188;-46.38419203;SPRF-SP;DEL01-SP;UOP01-DEL01-SP;207.0;-23.41972188;-46.38419203;2023-04-25;2023;4;2023-04;20;Noite;0;0;0;1
519139;2023-04-25;terca-feira;15:30:00;SP;381.0;54;MAIRIPORA;Ausência de reação do condutor;Colisão traseira;Sem Vítimas;Pleno dia;Crescente;Céu Claro;Dupla;Não Informado;Sim;3;0;0;0;3;0;0;2;-23.2449074;-46.59562343;SPRF-SP;DEL03-SP;UOP01-DEL03-SP;54.0;-23.2449074;-46.59562343;2023-04-25;2023;4;2023-04;15;Tarde;0;0;0;1
519183;2023-04-25;terca-feira;17:50:00;SP;381.0;55;MAIRIPORA;Ausência de reação do condutor;Colisão lateral mesmo sentido;Com Vítimas Feridas;Anoitecer;Crescente;Céu Claro;Dupla;Não Informado;Sim;2;0;1;0;1;0;1;2;-23.25207404;-46.59480386;SPRF-SP;DEL03-SP;UOP01-DEL03-SP;55.0;-23.25207404;-46.59480386;2023-04-25;2023;4;2023-04;17;Tarde;0;0;1;1
519072;2023-04-25;terca-feira;10:10:00;SP;116.0;432;REGISTRO;Ausência de reação do condutor;Colisão traseira;Com Vítimas Feridas;Pleno dia;Decrescente;Céu Claro;Dupla;Reta;Não;2;0;1;0;1;0;1;2;-24.416593;-47.76187;SPRF-SP;DEL05-SP;UOP01-DEL05-SP;432.0;-24.416593;-47.76187;2023-04-25;2023;4;2023-04;10;Manha;0;0;1;1
519191;2023-04-25;terca-feira;19:10:00;SP;153.0;64;SAO JOSE DO RIO PRETO;Frear bruscamente;Saída de leito carroçável;Com Vítimas Feridas;Plena Noite;Decrescente;Céu Claro;Dupla;Reta;Sim;1;0;1;0;0;0;1;1;-20.82919401;-49.36046325;SPRF-SP;DEL09-SP;UOP01-DEL09-SP;64.0;-20.82919401;-49.36046325;2023-04-25;2023;4;2023-04;19;Noite;0;0;1;1
519181;2023-04-25;terca-feira;18:55:00;SP;116.0;142.9;SAO JOSE DOS CAMPOS;Manobra de mudança de faixa;Colisão transversal;Com Vítimas Feridas;Plena Noite;Decrescente;Céu Claro;Dupla;Reta;Não;2;0;1;0;1;0;1;2;-23.17426078;-45.82940111;SPRF-SP;DEL02-SP;UOP01-DEL02-SP;142.9;-23.17426078;-45.82940111;2023-04-25;2023;4;2023-04;18;Noite;0;0;1;1
519194;2023-04-25;terca-feira;13:32:00;SP;116.0;155;SAO JOSE DOS CAMPOS;Avarias e/ou desgaste excessivo no pneu;Tombamento;Com Vítimas Feridas;Pleno dia;Decrescente;Céu Claro;Dupla;Não Informado;Não;1;0;1;0;0;0;1;1;-23.24524337;-45.92772774;SPRF-SP;DEL02-SP;UOP01-DEL02-SP;155.0;-23.24524337;-45.92772774;2023-04-25;2023;4;2023-04;13;Tarde;0;0;1;1
519036;2023-04-25;terca-feira;07:10:00;SP;381.0;83;SAO PAULO;Ausência de reação do condutor;Colisão lateral mesmo sentido;Com Vítimas Feridas;Pleno dia;Crescente;Céu Claro;Múltipla;Reta;Sim;2;0;1;0;1;0;1;2;-23.4309671;-46.56998022;SPRF-SP;DEL03-SP;UOP01-DEL03-SP;83.0;-23.4309671;-46.56998022;2023-04-25;2023;4;2023-04;7;Manha;0;0;1;1
519063;2023-04-25;terca-feira;08:00:00;SP;381.0;90;SAO PAULO;Acessar a via sem observar a presença dos outros veículos;Colisão transversal;Com Vítimas Feridas;Pleno dia;Crescente;Céu Claro;Simples;Curva;Sim;3;0;1;1;1;0;2;3;-23.49479479;-46.55959864;SPRF-SP;DEL03-SP;UOP01-DEL03-SP;90.0;-23.49479479;-46.55959864;2023-04-25;2023;4;2023-04;8;Manha;0;1;4;1
519201;2023-04-25;terca-feira;20:00:00;SP;116.0;269;TABOAO DA SERRA;Ausência de reação do condutor;Colisão transversal;Com Vítimas Feridas;Plena Noite;Crescente;Céu Claro;Dupla;Não Informado;Sim;2;0;1;0;1;0;1;2;-23.61593059;-46.78826044;SPRF-SP;DEL04-SP;UOP01-DEL04-SP;269.0;-23.61593059;-46.78826044;2023-04-25;2023;4;2023-04;20;Noite;0;0;1;1
519216;2023-04-25;terca-feira;20:00:00;SP;116.0;109;TAUBATE;Ingestão de álcool pelo condutor;Colisão traseira;Com Vítimas Feridas;Plena Noite;Crescente;Céu Claro;Dupla;Reta;Sim;6;0;4;2;0;0;6;2;-23.02871304;-45.54517097;SPRF-SP;DEL02-SP;UOP02-DEL02-SP;109.0;-23.02871304;-45.54517097;2023-04-25;2023;4;2023-04;20;Noite;0;1;10;1
519041;2023-04-25;terca-feira;08:20:00;SP;101.0;46.1;UBATUBA;Ausência de reação do condutor;Tombamento;Com Vítimas Feridas;Pleno dia;Crescente;Céu Claro;Simples;Reta;Não;2;0;2;0;0;0;2;1;-23.42403383;-45.07492113;SPRF-SP;DEL06-SP;UOP01-DEL06-SP;46.1;-23.42403383;-45.07492113;2023-04-25;2023;4;2023-04;8;Manha;0;0;2;1
519075;2023-04-25;terca-feira;10:05:00;SP;101.0;49.5;UBATUBA;Acessar a via sem observar a presença dos outros veículos;Colisão lateral mesmo sentido;Com Vítimas Feridas;Pleno dia;Decrescente;Sol;Simples;Não Informado;Sim;2;0;1;0;1;0;1;2;-23.44410908;-45.08375708;SPRF-SP;DEL06-SP;UOP01-DEL06-SP;49.5;-23.44410908;-45.08375708;2023-04-25;2023;4;2023-04;10;Manha;0;0;1;1
519116;2023-04-25;terca-feira;13:50:00;SP;101.0;50;UBATUBA;Reação tardia ou ineficiente do condutor;Colisão traseira;Com Vítimas Feridas;Pleno dia;Decrescente;Céu Claro;Dupla;Reta;Sim;2;0;1;0;1;0;1;2;-23.45018939;-45.07743735;SPRF-SP;DEL06-SP;UOP01-DEL06-SP;50.0;-23.45018939;-45.07743735;2023-04-25;2023;4;2023-04;13;Tarde;0;0;1;1
519127;2023-04-25;terca-feira;13:30:00;SP;101.0;48;UBATUBA;Transitar na contramão;Colisão frontal;Com Vítimas Feridas;Pleno dia;Crescente;Sol;Simples;Não Informado;Sim;2;0;1;0;0;1;1;2;-23.43696329;-45.08768768;SPRF-SP;DEL06-SP;UOP01-DEL06-SP;48.0;-23.43696329;-45.08768768;2023-04-25;2023;4;2023-04;13;Tarde;0;0;1;1
519301;2023-04-26;quarta-feira;12:15:00;SP;153.0;75;BADY BASSITT;Ausência de reação do condutor;Tombamento;Com Vítimas Feridas;Pleno dia;Crescente;Céu Claro;Dupla;Não Informado;Sim;1;0;1;0;0;0;1;1;-20.89418221;-49.43387582;SPRF-SP;DEL09-SP;UOP01-DEL09-SP;75.0;-20.89418221;-49.43387582;2023-04-26;2023;4;2023-04;12;Tarde;0;0;1;2
519312;2023-04-26;quarta-feira;13:30:00;SP;116.0;511;CAJATI;Pista Escorregadia;Capotamento;Sem Vítimas;Pleno dia;Decrescente;Chuva;Simples;Não Informado;Não;1;0;0;0;1;0;0;1;-24.83558399;-48.2223738;SPRF-SP;DEL05-SP;UOP02-DEL05-SP;511.0;-24.83558399;-48.2223738;2023-04-26;2023;4;2023-04;13;Tarde;0;0;0;2
519246;2023-04-26;quarta-feira;06:40:00;SP;116.0;226;GUARULHOS;Reação tardia ou ineficiente do condutor;Colisão traseira;Com Vítimas Feridas;Pleno dia;Crescente;Céu Claro;Múltipla;Reta;Sim;2;0;1;0;1;0;1;2;-23.49129228;-46.54999495;SPRF-SP;DEL01-SP;UOP01-DEL01-SP;226.0;-23.49129228;-46.54999495;2023-04-26;2023;4;2023-04;6;Manha;0;0;1;2
519254;2023-04-26;quarta-feira;06:30:00;SP;116.0;226;GUARULHOS;Ausência de reação do condutor;Colisão traseira;Com Vítimas Feridas;Pleno dia;Crescente;Nublado;Múltipla;Reta;Sim;2;0;1;0;1;0;1;2;-23.49102507;-46.54878195;SPRF-SP;DEL01-SP;UOP01-DEL01-SP;226.0;-23.49102507;-46.54878195;2023-04-26;2023;4;2023-04;6;Manha;0;0;1;2
519309;2023-04-26;quarta-feira;13:45:00;SP;116.0;226;GUARULHOS;Ausência de reação do condutor;Colisão lateral mesmo sentido;Com Vítimas Feridas;Pleno dia;Crescente;Garoa/Chuvisco;Dupla;Reta;Sim;4;0;1;0;3;0;1;3;-23.49102507;-46.54878195;SPRF-SP;DEL01-SP;UOP01-DEL01-SP;226.0;-23.49102507;-46.54878195;2023-04-26;2023;4;2023-04;13;Tarde;0;0;1;2
519269;2023-04-26;quarta-feira;07:30:00;SP;153.0;15;ICEM;Demais falhas mecânicas ou elétricas;Incêndio;Sem Vítimas;Pleno dia;Crescente;Chuva;Simples;Não Informado;Não;1;0;0;0;1;0;0;1;-20.41959884;-49.2683851;SPRF-SP;DEL09-SP;UOP01-DEL09-SP;15.0;-20.41959884;-49.2683851;2023-04-26;2023;4;2023-04;7;Manha;0;0;0;2
519244;2023-04-26;quarta-feira;06:00:00;SP;116.0;172.9;JACAREI;Reação tardia ou ineficiente do condutor;Tombamento;Com Vítimas Feridas;Pleno dia;Crescente;Céu Claro;Dupla;Curva;Não;1;0;1;0;0;0;1;1;-23.31527532;-46.07231796;SPRF-SP;DEL02-SP;UOP01-DEL02-SP;172.9;-23.31527532;-46.07231796;2023-04-26;2023;4;2023-04;6;Manha;0;0;1;2
519239;2023-04-26;quarta-feira;05:00:00;SP;116.0;472;JACUPIRANGA;Demais falhas mecânicas ou elétricas;Incêndio;Sem Vítimas;Plena Noite;Decrescente;Nublado;Dupla;Reta;Não;1;0;0;0;0;1;0;1;-24.6649709;-47.9738381;SPRF-SP;DEL05-SP;UOP01-DEL05-SP;472.0;-24.6649709;-47.9738381;2023-04-26;2023;4;2023-04;5;Madrugada;0;0;0;2
519260;2023-04-26;quarta-feira;07:45:00;SP;116.0;374;MIRACATU;Velocidade Incompatível;Colisão com objeto;Com Vítimas Feridas;Pleno dia;Decrescente;Céu Claro;Dupla;Reta;Não;2;0;1;0;1;0;1;2;-24.17774153;-47.3489432;SPRF-SP;DEL04-SP;UOP02-DEL04-SP;374.0;-24.17774153;-47.3489432;2023-04-26;2023;4;2023-04;7;Manha;0;0;1;2
519245;2023-04-26;quarta-feira;05:20:00;SP;116.0;434;REGISTRO;Condutor Dormindo;Saída de leito carroçável;Com Vítimas Feridas;Amanhecer;Decrescente;Céu Claro;Simples;Reta;Não;1;0;1;0;0;0;1;1;-24.42368904;-47.77892497;SPRF-SP;DEL05-SP;UOP01-DEL05-SP;434.0;-24.42368904;-47.77892497;2023-04-26;2023;4;2023-04;5;Madrugada;0;0;1;2
519243;2023-04-26;quarta-feira;06:30:00;SP;153.0;61.7;SAO JOSE DO RIO PRETO;Avarias e/ou desgaste excessivo no pneu;Tombamento;Com Vítimas Feridas;Pleno dia;Crescente;Nublado;Dupla;Reta;Não;2;0;2;0;0;0;2;1;-20.80502876;-49.35574909;SPRF-SP;DEL09-SP;UOP01-DEL09-SP;61.7;-20.80502876;-49.35574909;2023-04-26;2023;4;2023-04;6;Manha;0;0;2;2
519290;2023-04-26;quarta-feira;10:30:00;SP;116.0;227;SAO PAULO;Reação tardia ou ineficiente do condutor;Colisão traseira;Com Vítimas Feridas;Pleno dia;Crescente;Nublado;Múltipla;Desvio Temporário;Sim;2;0;1;0;1;0;1;2;-23.49659264;-46.55648754;SPRF-SP;DEL01-SP;UOP01-DEL01-SP;227.0;-23.49659264;-46.55648754;2023-04-26;2023;4;2023-04;10;Manha;0;0;1;2
519282;2023-04-26;quarta-feira;08:30:00;SP;116.0;269;TABOAO DA SERRA;Reação tardia ou ineficiente do condutor;Queda de ocupante de veículo;Com Vítimas Feridas;Pleno dia;Decrescente;Céu Claro;Dupla;Reta;Não;1;0;1;0;0;0;1;1;-23.61593059;-46.78826044;SPRF-SP;DEL04-SP;UOP01-DEL04-SP;269.0;-23.61593059;-46.78826044;2023-04-26;2023;4;2023-04;8;Manha;0;0;1;2
519416;2023-04-27;quinta-feira;01:45:00;SP;381.0;19;BRAGANCA PAULISTA;Reação tardia ou ineficiente do condutor;Colisão com objeto;Sem Vítimas;Plena Noite;Crescente;Céu Claro;Simples;Curva;Não;1;0;0;0;1;0;0;1;-22.982683;-46.496571;SPRF-SP;DEL03-SP;UOP02-DEL03-SP;19.0;-22.982683;-46.496571;2023-04-27;2023;4;2023-04;1;Madrugada;0;0;0;3
519423;2023-04-27;quinta-feira;06:00:00;SP;116.0;208;GUARULHOS;Reação tardia ou ineficiente do condutor;Colisão traseira;Com Vítimas Feridas;Amanhecer;Crescente;Céu Claro;Dupla;Reta;Sim;4;0;1;0;2;1;1;4;-23.42222263;-46.3932771;SPRF-SP;DEL01-SP;UOP01-DEL01-SP;208.0;-23.42222263;-46.3932771;2023-04-27;2023;4;2023-04;6;Manha;0;0;1;3
519427;2023-04-27;quinta-feira;06:50:00;SP;116.0;219.1;GUARULHOS;Manobra de mudança de faixa;Colisão traseira;Com Vítimas Feridas;Pleno dia;Crescente;Céu Claro;Múltipla;Reta;Sim;3;0;1;0;0;2;1;2;-23.46326823;-46.49509621;SPRF-SP;DEL01-SP;UOP01-DEL01-SP;219.1;-23.46326823;-46.49509621;2023-04-27;2023;4;2023-04;6;Manha;0;0;1;3
519458;2023-04-27;quinta-feira;09:00:00;SP;116.0;226;GUARULHOS;Ingestão de álcool pelo condutor;Colisão traseira;Sem Vítimas;Pleno dia;Decrescente;Nublado;Múltipla;Reta;Não;2;0;0;0;2;0;0;2;-23.49102507;-46.54878195;SPRF-SP;DEL01-SP;UOP01-DEL01-SP;226.0;-23.49102507;-46.54878195;2023-04-27;2023;4;2023-04;9;Manha;0;0;0;3
519563;2023-04-27;quinta-feira;18:50:00;SP;116.0;225;GUARULHOS;Reação tardia ou ineficiente do condutor;Colisão lateral mesmo sentido;Com Vítimas Feridas;Plena Noite;Decrescente;Garoa/Chuvisco;Múltipla;Reta;Sim;2;0;1;0;0;1;1;2;-23.48586772;-46.54075317;SPRF-SP;DEL01-SP;UOP01-DEL01-SP;225.0;-23.48586772;-46.54075317;2023-04-27;2023;4;2023-04;18;Noite;0;0;1;3
519474;2023-04-27;quinta-feira;10:00:00;SP;116.0;330;JUQUITIBA;Acessar a via sem observar a presença dos outros veículos;Colisão traseira;Com Vítimas Feridas;Pleno dia;Crescente;Céu Claro;Múltipla;Não Informado;Não;2;0;1;0;1;0;1;2;-23.9442931;-47.09668891;SPRF-SP;DEL04-SP;UOP03-DEL04-SP;330.0;-23.9442931;-47.09668891;2023-04-27;2023;4;2023-04;10;Manha;0;0;1;3
519445;2023-04-27;quinta-feira;08:30:00;SP;153.0;61.3;SAO JOSE DO RIO PRETO;Manobra de mudança de faixa;Colisão lateral mesmo sentido;Com Vítimas Feridas;Pleno dia;Crescente;Céu Claro;Dupla;Não Informado;Sim;3;0;1;1;1;0;2;2;-20.80502876;-49.35574909;SPRF-SP;DEL09-SP;UOP01-DEL09-SP;61.3;-20.80502876;-49.35574909;2023-04-27;2023;4;2023-04;8;Manha;0;1;4;3
519439;2023-04-27;quinta-feira;07:49:00;SP;116.0;138;SAO JOSE DOS CAMPOS;Condutor deixou de manter distância do veículo da frente;Colisão traseira;Com Vítimas Feridas;Pleno dia;Crescente;Céu Claro;Dupla;Reta;Não;2;0;1;0;1;0;1;2;-23.1572739;-45.79554605;SPRF-SP;DEL02-SP;UOP01-DEL02-SP;138.0;-23.1572739;-45.79554605;2023-04-27;2023;4;2023-04;7;Manha;0;0;1;3
519526;2023-04-27;quinta-feira;14:30:00;SP;116.0;270;TABOAO DA SERRA;Trafegar com motocicleta (ou similar) entre as faixas;Queda de ocupante de veículo;Com Vítimas Feridas;Pleno dia;Decrescente;Céu Claro;Dupla;Reta;Não;1;0;0;1;0;0;1;1;-23.61799728;-46.79677694;SPRF-SP;DEL04-SP;UOP01-DEL04-SP;270.0;-23.61799728;-46.79677694;2023-04-27;2023;4;2023-04;14;Tarde;0;1;3;3
519429;2023-04-27;quinta-feira;00:10:00;SP;101.0;47;UBATUBA;Ausência de reação do condutor;Colisão transversal;Com Vítimas Feridas;Plena Noite;Crescente;Céu Claro;Simples;Reta;Sim;2;0;0;1;0;1;1;2;-23.429897;-45.082436;SPRF-SP;DEL06-SP;UOP01-DEL06-SP;47.0;-23.429897;-45.082436;2023-04-27;2023;4;2023-04;0;Madrugada;0;1;3;3
522023;2023-04-27;quinta-feira;10:45:00;SP;101.0;46;UBATUBA;Acessar a via sem observar a presença dos outros veículos;Colisão transversal;Com Vítimas Feridas;Pleno dia;Decrescente;Céu Claro;Simples;Reta;Sim;4;0;1;0;2;1;1;2;-23.42403383;-45.07492113;SPRF-SP;DEL06-SP;UOP01-DEL06-SP;46.0;-23.42403383;-45.07492113;2023-04-27;2023;4;2023-04;10;Manha;0;0;1;3
519629;2023-04-28;sexta-feira;03:30:00;SP;116.0;520;CAJATI;Reação tardia ou ineficiente do condutor;Colisão traseira;Com Vítimas Feridas;Plena Noite;Decrescente;Céu Claro;Dupla;Não Informado;Não;50;0;8;0;42;0;8;2;-24.89364369;-48.24164206;SPRF-SP;DEL05-SP;UOP02-DEL05-SP;520.0;-24.89364369;-48.24164206;2023-04-28;2023;4;2023-04;3;Madrugada;0;0;8;4
519842;2023-04-28;sexta-feira;22:40:00;SP;153.0;175;GUAICARA;Demais falhas mecânicas ou elétricas;Tombamento;Com Vítimas Feridas;Plena Noite;Decrescente;Céu Claro;Simples;Reta;Não;2;0;2;0;0;0;2;1;-21.64098999;-49.78823613;SPRF-SP;DEL07-SP;UOP01-DEL07-SP;175.0;-21.64098999;-49.78823613;2023-04-28;2023;4;2023-04;22;Noite;0;0;2;4
519612;2023-04-28;sexta-feira;01:00:00;SP;381.0;87;GUARULHOS;Reação tardia ou ineficiente do condutor;Colisão com objeto;Com Vítimas Feridas;Plena Noite;Decrescente;Garoa/Chuvisco;Dupla;Curva;Sim;1;0;1;0;0;0;1;1;-23.47544951;-46.56065941;SPRF-SP;DEL03-SP;UOP01-DEL03-SP;87.0;-23.47544951;-46.56065941;2023-04-28;2023;4;2023-04;1;Madrugada;0;0;1;4
519657;2023-04-28;sexta-feira;07:20:00;SP;116.0;218;GUARULHOS;Trafegar com motocicleta (ou similar) entre as faixas;Colisão lateral mesmo sentido;Com Vítimas Feridas;Pleno dia;Crescente;Nublado;Múltipla;Reta;Sim;2;0;1;0;1;0;1;2;-23.457972;-46.479927;SPRF-SP;DEL01-SP;UOP01-DEL01-SP;218.0;-23.457972;-46.479927;2023-04-28;2023;4;2023-04;7;Manha;0;0;1;4
519680;2023-04-28;sexta-feira;09:30:00;SP;116.0;220;GUARULHOS;Trafegar com motocicleta (ou similar) entre as faixas;Colisão lateral mesmo sentido;Com Vítimas Feridas;Pleno dia;Crescente;Chuva;Múltipla;Reta;Sim;3;0;1;0;2;0;1;3;-23.46472809;-46.49793962;SPRF-SP;DEL01-SP;UOP01-DEL01-SP;220.0;-23.46472809;-46.49793962;2023-04-28;2023;4;2023-04;9;Manha;0;0;1;4
519700;2023-04-28;sexta-feira;12:00:00;SP;116.0;2;GUARULHOS;Demais falhas mecânicas ou elétricas;Incêndio;Sem Vítimas;Pleno dia;Decrescente;Céu Claro;Simples;Reta;Não;1;0;0;0;1;0;0;1;-23.463257;-46.53373;SPRF-SP;DEL01-SP;UOP01-DEL01-SP;2.0;-23.463257;-46.53373;2023-04-28;2023;4;2023-04;12;Tarde;0;0;0;4
519726;2023-04-28;sexta-feira;12:00:00;SP;116.0;219;GUARULHOS;Demais falhas mecânicas ou elétricas;Incêndio;Sem Vítimas;Pleno dia;Crescente;Céu Claro;Simples;Reta;Não;1;0;0;0;1;0;0;1;-23.46143954;-46.48885316;SPRF-SP;DEL01-SP;UOP01-DEL01-SP;219.0;-23.46143954;-46.48885316;2023-04-28;2023;4;2023-04;12;Tarde;0;0;0;4
519734;2023-04-28;sexta-feira;15:15:00;SP;116.0;220;GUARULHOS;Manobra de mudança de faixa;Colisão lateral mesmo sentido;Com Vítimas Feridas;Pleno dia;Crescente;Céu Claro;Múltipla;Reta;Sim;2;0;1;0;1;0;1;2;-23.46472809;-46.49793962;SPRF-SP;DEL01-SP;UOP01-DEL01-SP;220.0;-23.46472809;-46.49793962;2023-04-28;2023;4;2023-04;15;Tarde;0;0;1;4
519771;2023-04-28;sexta-feira;18:00:00;SP;116.0;215;GUARULHOS;Manobra de mudança de faixa;Colisão traseira;Com Vítimas Feridas;Anoitecer;Decrescente;Céu Claro;Dupla;Reta;Sim;2;0;1;0;1;0;1;2;-23.44695693;-46.45394103;SPRF-SP;DEL01-SP;UOP01-DEL01-SP;215.0;-23.44695693;-46.45394103;2023-04-28;2023;4;2023-04;18;Noite;0;0;1;4
519830;2023-04-28;sexta-feira;21:30:00;SP;116.0;214;GUARULHOS;Avarias e/ou desgaste excessivo no pneu;Tombamento;Com Vítimas Feridas;Plena Noite;Crescente;Céu Claro;Múltipla;Reta;Sim;2;0;2;0;0;0;2;1;-23.44333014;-46.44531294;SPRF-SP;DEL01-SP;UOP01-DEL01-SP;214.0;-23.44333014;-46.44531294;2023-04-28;2023;4;2023-04;21;Noite;0;0;2;4
519806;2023-04-28;sexta-feira;20:30:00;SP;153.0;260.6;MARILIA;Animais na Pista;Atropelamento de Animal;Com Vítimas Feridas;Plena Noite;Decrescente;Céu Claro;Simples;Não Informado;Não;1;0;1;0;0;0;1;1;-22.27491966;-49.92119908;SPRF-SP;DEL07-SP;UOP02-DEL07-SP;260.6;-22.27491966;-49.92119908;2023-04-28;2023;4;2023-04;20;Noite;0;0;1;4
519852;2023-04-28;sexta-feira;23:10:00;SP;153.0;72.4;SAO JOSE DO RIO PRETO;Reação tardia ou ineficiente do condutor;Colisão traseira;Com Vítimas Feridas;Plena Noite;Decrescente;Céu Claro;Dupla;Reta;Não;2;0;1;0;0;1;1;2;-20.86715501;-49.41334398;SPRF-SP;DEL09-SP;UOP01-DEL09-SP;72.4;-20.86715501;-49.41334398;2023-04-28;2023;4;2023-04;23;Noite;0;0;1;4
519637;2023-04-28;sexta-feira;06:40:00;SP;116.0;146.1;SAO JOSE DOS CAMPOS;Ausência de reação do condutor;Colisão traseira;Com Vítimas Feridas;Amanhecer;Crescente;Chuva;Dupla;Desvio Temporário;Sim;1;0;1;0;0;0;1;1;-23.19122919;-45.86327591;SPRF-SP;DEL02-SP;UOP01-DEL02-SP;146.1;-23.19122919;-45.86327591;2023-04-28;2023;4;2023-04;6;Manha;0;0;1;4
519779;2023-04-28;sexta-feira;18:30:00;SP;116.0;148;SAO JOSE DOS CAMPOS;Manobra de mudança de faixa;Colisão traseira;Sem Vítimas;Anoitecer;Decrescente;Céu Claro;Dupla;Reta;Sim;2;0;0;0;2;0;0;2;-23.20067421;-45.8795018;SPRF-SP;DEL02-SP;UOP01-DEL02-SP;148.0;-23.20067421;-45.8795018;2023-04-28;2023;4;2023-04;18;Noite;0;0;0;4
519789;2023-04-28;sexta-feira;14:25:00;SP;116.0;155;SAO JOSE DOS CAMPOS;Frear bruscamente;Colisão traseira;Sem Vítimas;Pleno dia;Decrescente;Céu Claro;Múltipla;Desvio Temporário;Sim;2;0;0;0;2;0;0;2;-23.24524337;-45.92772774;SPRF-SP;DEL02-SP;UOP01-DEL02-SP;155.0;-23.24524337;-45.92772774;2023-04-28;2023;4;2023-04;14;Tarde;0;0;0;4
519724;2023-04-28;sexta-feira;14:30:00;SP;116.0;229;SAO PAULO;Reação tardia ou ineficiente do condutor;Colisão traseira;Com Vítimas Feridas;Pleno dia;Crescente;Céu Claro;Múltipla;Reta;Não;2;0;1;0;1;0;1;2;-23.51291902;-46.57604698;SPRF-SP;DEL01-SP;UOP01-DEL01-SP;229.0;-23.51291902;-46.57604698;2023-04-28;2023;4;2023-04;14;Tarde;0;0;1;4
519877;2023-04-29;sabado;00:00:00;SP;116.0;132.4;CACAPAVA;Reação tardia ou ineficiente do condutor;Colisão traseira;Com Vítimas Feridas;Plena Noite;Decrescente;Céu Claro;Dupla;Reta;Não;2;0;1;0;1;0;1;2;-23.13169757;-45.74481322;SPRF-SP;DEL02-SP;UOP02-DEL02-SP;132.4;-23.13169757;-45.74481322;2023-04-29;2023;4;2023-04;0;Madrugada;0;0;1;5
519945;2023-04-29;sabado;09:23:00;SP;116.0;129;CACAPAVA;Reação tardia ou ineficiente do condutor;Engavetamento;Com Vítimas Feridas;Pleno dia;Decrescente;Céu Claro;Dupla;Reta;Não;5;0;1;0;4;0;1;4;-23.11885593;-45.71948203;SPRF-SP;DEL02-SP;UOP02-DEL02-SP;129.0;-23.11885593;-45.71948203;2023-04-29;2023;4;2023-04;9;Manha;0;0;1;5
520077;2023-04-29;sabado;21:10:00;SP;116.0;497;CAJATI;Ausência de reação do condutor;Capotamento;Com Vítimas Feridas;Plena Noite;Crescente;Céu Claro;Dupla;Reta;Não;1;0;1;0;0;0;1;1;-24.75898276;-48.12595011;SPRF-SP;DEL05-SP;UOP01-DEL05-SP;497.0;-24.75898276;-48.12595011;2023-04-29;2023;4;2023-04;21;Noite;0;0;1;5
519875;2023-04-29;sabado;01:30:00;SP;116.0;223;GUARULHOS;Reação tardia ou ineficiente do condutor;Queda de ocupante de veículo;Com Vítimas Feridas;Anoitecer;Decrescente;Céu Claro;Múltipla;Reta;Não;2;0;1;0;1;0;1;2;-23.47559815;-46.5246609;SPRF-SP;DEL01-SP;UOP01-DEL01-SP;223.0;-23.47559815;-46.5246609;2023-04-29;2023;4;2023-04;1;Madrugada;0;0;1;5
519883;2023-04-29;sabado;03:30:00;SP;116.0;321;JUQUITIBA;Ingestão de álcool pelo condutor;Saída de leito carroçável;Com Vítimas Feridas;Plena Noite;Decrescente;Nublado;Dupla;Reta;Não;1;0;0;1;0;0;1;1;-23.934612;-47.01729;SPRF-SP;DEL04-SP;UOP03-DEL04-SP;321.0;-23.934612;-47.01729;2023-04-29;2023;4;2023-04;3;Madrugada;0;1;3;5
519867;2023-04-29;sabado;00:20:00;SP;381.0;55;MAIRIPORA;Animais na Pista;Atropelamento de Animal;Com Vítimas Feridas;Plena Noite;Decrescente;Céu Claro;Dupla;Reta;Sim;2;0;2;0;0;0;2;1;-23.25207404;-46.59480386;SPRF-SP;DEL03-SP;UOP01-DEL03-SP;55.0;-23.25207404;-46.59480386;2023-04-29;2023;4;2023-04;0;Madrugada;0;0;2;5
519896;2023-04-29;sabado;04:40:00;SP;153.0;219.6;MARILIA;Afundamento ou ondulação no pavimento;Tombamento;Com Vítimas Feridas;Pleno dia;Decrescente;Nublado;Simples;Não Informado;Não;1;0;1;0;0;0;1;1;-21.9909;-49.914257;SPRF-SP;DEL07-SP;UOP02-DEL07-SP;219.6;-21.9909;-49.914257;2023-04-29;2023;4;2023-04;4;Madrugada;0;0;1;5
519985;2023-04-29;sabado;04:30:00;SP;459.0;5;PIQUETE;Ausência de reação do condutor;Capotamento;Com Vítimas Feridas;Plena Noite;Crescente;Céu Claro;Simples;Não Informado;Não;1;0;1;0;0;0;1;1;-22.574745;-45.194269;SPRF-SP;DEL08-SP;UOP02-DEL08-SP;5.0;-22.574745;-45.194269;2023-04-29;2023;4;2023-04;4;Madrugada;0;0;1;5
520025;2023-04-29;sabado;15:50:00;SP;153.0;137.5;PROMISSAO;Demais falhas mecânicas ou elétricas;Tombamento;Com Vítimas Feridas;Pleno dia;Decrescente;Céu Claro;Simples;Reta;Não;2;0;1;0;1;0;1;1;-21.30103796;-49.79359234;SPRF-SP;DEL07-SP;UOP01-DEL07-SP;137.5;-21.30103796;-49.79359234;2023-04-29;2023;4;2023-04;15;Tarde;0;0;1;5
519894;2023-04-29;sabado;05:15:00;SP;116.0;230;SAO PAULO;Reação tardia ou ineficiente do condutor;Colisão traseira;Com Vítimas Feridas;Amanhecer;Crescente;Céu Claro;Múltipla;Reta;Não;3;0;1;0;2;0;1;2;-23.52251783;-46.5855702;SPRF-SP;DEL01-SP;UOP01-DEL01-SP;230.0;-23.52251783;-46.5855702;2023-04-29;2023;4;2023-04;5;Madrugada;0;0;1;5
520076;2023-04-29;sabado;19:50:00;SP;116.0;270;TABOAO DA SERRA;Trafegar com motocicleta (ou similar) entre as faixas;Colisão traseira;Com Vítimas Feridas;Plena Noite;Crescente;Céu Claro;Múltipla;Reta;Sim;2;0;1;0;1;0;1;2;-23.61799728;-46.79677694;SPRF-SP;DEL04-SP;UOP01-DEL04-SP;270.0;-23.61799728;-46.79677694;2023-04-29;2023;4;2023-04;19;Noite;0;0;1;5
520051;2023-04-29;sabado;18:40:00;SP;381.0;1.5;VARGEM;Entrada inopinada do pedestre;Atropelamento de Pedestre;Com Vítimas Feridas;Plena Noite;Decrescente;Céu Claro;Simples;Não Informado;Não;3;0;3;0;0;0;3;1;-22.88146043;-46.38105397;SPRF-SP;DEL03-SP;UOP02-DEL03-SP;1.5;-22.88146043;-46.38105397;2023-04-29;2023;4;2023-04;18;Noite;0;0;3;5
520202;2023-04-30;domingo;14:40:00;SP;381.0;52;ATIBAIA;Ingestão de álcool pelo condutor;Tombamento;Com Vítimas Feridas;Pleno dia;Decrescente;Céu Claro;Dupla;Curva;Não;1;0;1;0;0;0;1;1;-23.2300622;-46.59963076;SPRF-SP;DEL03-SP;UOP01-DEL03-SP;52.0;-23.2300622;-46.59963076;2023-04-30;2023;4;2023-04;14;Tarde;0;0;1;6
520247;2023-04-30;domingo;18:20:00;SP;116.0;127;CACAPAVA;Manobra de mudança de faixa;Colisão lateral mesmo sentido;Com Vítimas Feridas;Anoitecer;Crescente;Céu Claro;Dupla;Reta;Sim;3;0;1;0;2;0;1;2;-23.10991026;-45.70246044;SPRF-SP;DEL02-SP;UOP02-DEL02-SP;127.0;-23.10991026;-45.70246044;2023-04-30;2023;4;2023-04;18;Noite;0;0;1;6
522332;2023-04-30;domingo;23:30:00;SP;116.0;43;CACHOEIRA PAULISTA;Demais falhas mecânicas ou elétricas;Incêndio;Sem Vítimas;Plena Noite;Decrescente;Céu Claro;Múltipla;Reta;Não;1;0;0;0;1;0;0;1;-22.6973511;-45.03013594;SPRF-SP;DEL08-SP;UOP02-DEL08-SP;43.0;-22.6973511;-45.03013594;2023-04-30;2023;4;2023-04;23;Noite;0;0;0;6
520146;2023-04-30;domingo;07:00:00;SP;116.0;278;EMBU DAS ARTES;Ingestão de álcool pelo condutor;Saída de leito carroçável;Com Vítimas Feridas;Pleno dia;Decrescente;Céu Claro;Dupla;Reta;Não;3;0;1;0;2;0;1;1;-23.65508497;-46.84918605;SPRF-SP;DEL04-SP;UOP01-DEL04-SP;278.0;-23.65508497;-46.84918605;2023-04-30;2023;4;2023-04;7;Manha;0;0;1;6
520176;2023-04-30;domingo;11:45:00;SP;116.0;209;GUARULHOS;Transitar na contramão;Colisão frontal;Com Vítimas Feridas;Pleno dia;Decrescente;Céu Claro;Dupla;Reta;Não;3;0;1;1;0;1;2;2;-23.42511799;-46.40221101;SPRF-SP;DEL01-SP;UOP01-DEL01-SP;209.0;-23.42511799;-46.40221101;2023-04-30;2023;4;2023-04;11;Manha;0;1;4;6
520228;2023-04-30;domingo;16:10:00;SP;381.0;88.5;GUARULHOS;Ausência de reação do condutor;Colisão frontal;Com Vítimas Feridas;Pleno dia;Decrescente;Céu Claro;Dupla;Reta;Sim;1;0;1;0;0;0;1;1;-23.47469314;-46.56112919;SPRF-SP;DEL03-SP;UOP01-DEL03-SP;88.5;-23.47469314;-46.56112919;2023-04-30;2023;4;2023-04;16;Tarde;0;0;1;6
520278;2023-04-30;domingo;21:00:00;SP;116.0;214;GUARULHOS;Ultrapassagem Indevida;Colisão traseira;Com Vítimas Feridas;Plena Noite;Decrescente;Céu Claro;Múltipla;Reta;Sim;6;0;3;0;2;1;3;3;-23.44333014;-46.44531294;SPRF-SP;DEL01-SP;UOP01-DEL01-SP;214.0;-23.44333014;-46.44531294;2023-04-30;2023;4;2023-04;21;Noite;0;0;3;6
520206;2023-04-30;domingo;14:30:00;SP;116.0;292;ITAPECERICA DA SERRA;Ingestão de álcool pelo condutor;Colisão com objeto;Com Vítimas Feridas;Pleno dia;Crescente;Céu Claro;Dupla;Reta;Não;4;0;1;0;3;0;1;1;-23.74581995;-46.90003027;SPRF-SP;DEL04-SP;UOP01-DEL04-SP;292.0;-23.74581995;-46.90003027;2023-04-30;2023;4;2023-04;14;Tarde;0;0;1;6
520255;2023-04-30;domingo;19:00:00;SP;116.0;173.4;JACAREI;Ausência de reação do condutor;Saída de leito carroçável;Com Vítimas Feridas;Plena Noite;Crescente;Nublado;Dupla;Reta;Não;3;0;2;0;0;1;2;1;-23.31710055;-46.08178719;SPRF-SP;DEL02-SP;UOP01-DEL02-SP;173.4;-23.31710055;-46.08178719;2023-04-30;2023;4;2023-04;19;Noite;0;0;2;6
520101;2023-04-30;domingo;00:15:00;SP;116.0;51;LORENA;Condutor deixou de manter distância do veículo da frente;Colisão traseira;Sem Vítimas;Plena Noite;Crescente;Céu Claro;Simples;Reta;Sim;1;0;0;0;0;1;0;1;-22.74157511;-45.09206392;SPRF-SP;DEL08-SP;UOP02-DEL08-SP;51.0;-22.74157511;-45.09206392;2023-04-30;2023;4;2023-04;0;Madrugada;0;0;0;6
520154;2023-04-30;domingo;08:15:00;SP;381.0;61;MAIRIPORA;Avarias e/ou desgaste excessivo no pneu;Colisão com objeto;Sem Vítimas;Pleno dia;Crescente;Céu Claro;Dupla;Não Informado;Não;1;0;0;0;1;0;0;1;-23.29011611;-46.5800681;SPRF-SP;DEL03-SP;UOP01-DEL03-SP;61.0;-23.29011611;-46.5800681;2023-04-30;2023;4;2023-04;8;Manha;0;0;0;6
520139;2023-04-30;domingo;06:30:00;SP;101.0;402;MIRACATU;Reação tardia ou ineficiente do condutor;Colisão lateral mesmo sentido;Com Vítimas Feridas;Amanhecer;Decrescente;Chuva;Dupla;Reta;Não;2;0;1;0;1;0;1;2;-24.31113164;-47.51170712;SPRF-SP;DEL04-SP;UOP02-DEL04-SP;402.0;-24.31113164;-47.51170712;2023-04-30;2023;4;2023-04;6;Manha;0;0;1;6
520236;2023-04-30;domingo;17:45:00;SP;153.0;42;ONDA VERDE;Acumulo de areia ou detritos sobre o pavimento;Tombamento;Com Vítimas Feridas;Anoitecer;Crescente;Céu Claro;Dupla;Não Informado;Não;2;0;1;0;1;0;1;1;-20.63661974;-49.33815122;SPRF-SP;DEL09-SP;UOP01-DEL09-SP;42.0;-20.63661974;-49.33815122;2023-04-30;2023;4;2023-04;17;Tarde;0;0;1;6
520169;2023-04-30;domingo;07:16:00;SP;459.0;9;PIQUETE;Ausência de reação do condutor;Saída de leito carroçável;Com Vítimas Feridas;Amanhecer;Crescente;Céu Claro;Simples;Curva;Não;2;0;0;2;0;0;2;1;-22.580744;-45.196285;SPRF-SP;DEL08-SP;UOP02-DEL08-SP;9.0;-22.580744;-45.196285;2023-04-30;2023;4;2023-04;7;Manha;0;1;6;6
520103;2023-04-30;domingo;00:15:00;SP;153.0;64;SAO JOSE DO RIO PRETO;Ingestão de álcool pelo condutor;Colisão traseira;Sem Vítimas;Plena Noite;Crescente;Céu Claro;Dupla;Reta;Sim;2;0;0;0;2;0;0;2;-20.82663951;-49.35877919;SPRF-SP;DEL09-SP;UOP01-DEL09-SP;64.0;-20.82663951;-49.35877919;2023-04-30;2023;4;2023-04;0;Madrugada;0;0;0;6
520127;2023-04-30;domingo;04:40:00;SP;153.0;49.2;SAO JOSE DO RIO PRETO;Conversão proibida;Colisão transversal;Com Vítimas Feridas;Plena Noite;Crescente;Nublado;Simples;Não Informado;Não;3;0;1;0;2;0;1;2;-20.70000401;-49.33945823;SPRF-SP;DEL09-SP;UOP01-DEL09-SP;49.2;-20.70000401;-49.33945823;2023-04-30;2023;4;2023-04;4;Madrugada;0;0;1;6
520174;2023-04-30;domingo;09:13:00;SP;116.0;133;SAO JOSE DOS CAMPOS;Reação tardia ou ineficiente do condutor;Colisão traseira;Com Vítimas Feridas;Pleno dia;Crescente;Céu Claro;Múltipla;Reta;Não;2;0;1;0;1;0;1;2;-23.1359564;-45.7532708;SPRF-SP;DEL02-SP;UOP02-DEL02-SP;133.0;-23.1359564;-45.7532708;2023-04-30;2023;4;2023-04;9;Manha;0;0;1;6
520284;2023-04-30;domingo;21:45:00;SP;116.0;230;SAO PAULO;Pedestre andava na pista;Atropelamento de Pedestre;Com Vítimas Feridas;Plena Noite;Decrescente;Nublado;Múltipla;Não Informado;Sim;2;0;0;1;0;1;1;1;-23.52792999;-46.58969164;SPRF-SP;DEL01-SP;UOP01-DEL01-SP;230.0;-23.52792999;-46.58969164;2023-04-30;2023;4;2023-04;21;Noite;0;1;3;6
520125;2023-04-30;domingo;04:00:00;SP;116.0;112.6;TAUBATE;Ausência de reação do condutor;Colisão com objeto;Sem Vítimas;Plena Noite;Decrescente;Nublado;Dupla;Reta;Sim;3;0;0;0;3;0;0;3;-23.04159343;-45.57065616;SPRF-SP;DEL02-SP;UOP02-DEL02-SP;112.6;-23.04159343;-45.57065616;2023-04-30;2023;4;2023-04;4;Madrugada;0;0;0;6
520152;2023-04-30;domingo;08:00:00;SP;116.0;112;TAUBATE;Reação tardia ou ineficiente do condutor;Engavetamento;Com Vítimas Feridas;Pleno dia;Decrescente;Céu Claro;Dupla;Reta;Não;4;0;1;0;3;0;1;3;-23.04159343;-45.57065616;SPRF-SP;DEL02-SP;UOP02-DEL02-SP;112.0;-23.04159343;-45.57065616;2023-04-30;2023;4;2023-04;8;Manha;0;0;1;6
520289;2023-04-30;domingo;22:00:00;SP;116.0;118;TAUBATE;Reação tardia ou ineficiente do condutor;Saída de leito carroçável;Com Vítimas Feridas;Plena Noite;Crescente;Céu Claro;Múltipla;Reta;Não;3;0;2;0;1;0;2;1;-23.06266296;-45.62665044;SPRF-SP;DEL02-SP;UOP02-DEL02-SP;118.0;-23.06266296;-45.62665044;2023-04-30;2023;4;2023-04;22;Noite;0;0;2;6
520429;2023-05-01;segunda-feira;17:20:00;SP;116.0;68.8;APARECIDA;Manobra de mudança de faixa;Colisão traseira;Com Vítimas Feridas;Anoitecer;Decrescente;Nublado;Dupla;Curva;Não;8;0;3;0;4;1;3;3;-22.83354783;-45.21713313;SPRF-SP;DEL08-SP;UOP01-DEL08-SP;68.8;-22.83354783;-45.21713313;2023-05-01;2023;5;2023-05;17;Tarde;0;0;3;0
520433;2023-05-01;segunda-feira;18:30:00;SP;116.0;208;GUARULHOS;Trafegar com motocicleta (ou similar) entre as faixas;Colisão lateral mesmo sentido;Com Vítimas Feridas;Plena Noite;Crescente;Céu Claro;Múltipla;Reta;Sim;2;0;1;0;1;0;1;2;-23.42222263;-46.3932771;SPRF-SP;DEL01-SP;UOP01-DEL01-SP;208.0;-23.42222263;-46.3932771;2023-05-01;2023;5;2023-05;18;Noite;0;0;1;0
520504;2023-05-01;segunda-feira;23:00:00;SP;116.0;219;GUARULHOS;Avarias e/ou desgaste excessivo no pneu;Colisão com objeto;Sem Vítimas;Plena Noite;Crescente;Céu Claro;Múltipla;Reta;Sim;1;0;0;0;1;0;0;1;-23.46143954;-46.48885316;SPRF-SP;DEL01-SP;UOP01-DEL01-SP;219.0;-23.46143954;-46.48885316;2023-05-01;2023;5;2023-05;23;Noite;0;0;0;0
520455;2023-05-01;segunda-feira;18:20:00;SP;116.0;55.3;LORENA;Demais falhas mecânicas ou elétricas;Incêndio;Sem Vítimas;Anoitecer;Crescente;Céu Claro;Dupla;Reta;Não;1;0;0;0;1;0;0;1;-22.76356421;-45.12272385;SPRF-SP;DEL08-SP;UOP02-DEL08-SP;55.3;-22.76356421;-45.12272385;2023-05-01;2023;5;2023-05;18;Noite;0;0;0;0
520432;2023-05-01;segunda-feira;16:30:00;SP;116.0;194;SANTA ISABEL;Ingestão de álcool pelo condutor;Colisão com objeto;Sem Vítimas;Pleno dia;Crescente;Céu Claro;Dupla;Reta;Sim;1;0;0;0;1;0;0;1;-23.38497189;-46.26686105;SPRF-SP;DEL01-SP;UOP01-DEL01-SP;194.0;-23.38497189;-46.26686105;2023-05-01;2023;5;2023-05;16;Tarde;0;0;0;0
520450;2023-05-01;segunda-feira;19:30:00;SP;116.0;186;SANTA ISABEL;Reação tardia ou ineficiente do condutor;Colisão traseira;Sem Vítimas;Plena Noite;Crescente;Céu Claro;Dupla;Reta;Não;2;0;0;0;2;0;0;2;-23.35220682;-46.19934905;SPRF-SP;DEL01-SP;UOP01-DEL01-SP;186.0;-23.35220682;-46.19934905;2023-05-01;2023;5;2023-05;19;Noite;0;0;0;0
520388;2023-05-01;segunda-feira;15:00:00;SP;153.0;47.6;SAO JOSE DO RIO PRETO;Acessar a via sem observar a presença dos outros veículos;Colisão transversal;Com Vítimas Feridas;Pleno dia;Crescente;Céu Claro;Simples;Reta;Não;3;0;2;1;0;0;3;2;-20.68797782;-49.33992147;SPRF-SP;DEL09-SP;UOP01-DEL09-SP;47.6;-20.68797782;-49.33992147;2023-05-01;2023;5;2023-05;15;Tarde;0;1;5;0
520371;2023-05-01;segunda-feira;14:14:00;SP;116.0;157.7;SAO JOSE DOS CAMPOS;Reação tardia ou ineficiente do condutor;Colisão transversal;Com Vítimas Feridas;Pleno dia;Decrescente;Céu Claro;Dupla;Desvio Temporário;Sim;2;0;1;0;1;0;1;2;-23.25558031;-45.9437828;SPRF-SP;DEL02-SP;UOP01-DEL02-SP;157.7;-23.25558031;-45.9437828;2023-05-01;2023;5;2023-05;14;Tarde;0;0;1;0
520389;2023-05-01;segunda-feira;14:30:00;SP;116.0;103;TAUBATE;Condutor deixou de manter distância do veículo da frente;Colisão traseira;Com Vítimas Feridas;Pleno dia;Crescente;Céu Claro;Dupla;Não Informado;Não;4;0;1;0;3;0;1;3;-22.99919465;-45.49788917;SPRF-SP;DEL02-SP;UOP02-DEL02-SP;103.0;-22.99919465;-45.49788917;2023-05-01;2023;5;2023-05;14;Tarde;0;0;1;0
520451;2023-05-01;segunda-feira;17:30:00;SP;116.0;105;TAUBATE;Velocidade Incompatível;Colisão traseira;Com Vítimas Feridas;Pleno dia;Crescente;Sol;Dupla;Reta;Não;2;0;1;0;1;0;1;2;-23.00757973;-45.51466613;SPRF-SP;DEL02-SP;UOP02-DEL02-SP;105.0;-23.00757973;-45.51466613;2023-05-01;2023;5;2023-05;17;Tarde;0;0;1;0
520677;2023-05-02;terca-feira;19:00:00;SP;116.0;199;ARUJA;Reação tardia ou ineficiente do condutor;Atropelamento de Pedestre;Com Vítimas Fatais;Plena Noite;Decrescente;Céu Claro;Dupla;Reta;Não;2;1;0;0;1;0;0;1;-23.40185327;-46.31154312;SPRF-SP;DEL01-SP;UOP01-DEL01-SP;199.0;-23.40185327;-46.31154312;2023-05-02;2023;5;2023-05;19;Noite;1;1;5;1
520574;2023-05-02;terca-feira;07:30:00;SP;381.0;38;ATIBAIA;Condutor deixou de manter distância do veículo da frente;Engavetamento;Com Vítimas Feridas;Pleno dia;Decrescente;Céu Claro;Dupla;Não Informado;Não;11;0;1;0;10;0;1;3;-23.1133221;-46.57174974;SPRF-SP;DEL03-SP;UOP01-DEL03-SP;38.0;-23.1133221;-46.57174974;2023-05-02;2023;5;2023-05;7;Manha;0;0;1;1
520585;2023-05-02;terca-feira;09:45:00;SP;381.0;47;ATIBAIA;Ausência de reação do condutor;Capotamento;Sem Vítimas;Pleno dia;Crescente;Céu Claro;Múltipla;Reta;Sim;2;0;0;0;2;0;0;1;-23.18904617;-46.58407757;SPRF-SP;DEL03-SP;UOP01-DEL03-SP;47.0;-23.18904617;-46.58407757;2023-05-02;2023;5;2023-05;9;Manha;0;0;0;1
520689;2023-05-02;terca-feira;19:40:00;SP;116.0;276.8;EMBU DAS ARTES;Reação tardia ou ineficiente do condutor;Colisão traseira;Com Vítimas Feridas;Plena Noite;Crescente;Nublado;Dupla;Curva;Sim;2;0;0;1;1;0;1;2;-23.64262417;-46.83811382;SPRF-SP;DEL04-SP;UOP01-DEL04-SP;276.8;-23.64262417;-46.83811382;2023-05-02;2023;5;2023-05;19;Noite;0;1;3;1
520648;2023-05-02;terca-feira;16:30:00;SP;116.0;215;GUARULHOS;Manobra de mudança de faixa;Colisão lateral mesmo sentido;Com Vítimas Feridas;Pleno dia;Crescente;Garoa/Chuvisco;Dupla;Reta;Sim;2;0;1;0;0;1;1;2;-23.44695693;-46.45394103;SPRF-SP;DEL01-SP;UOP01-DEL01-SP;215.0;-23.44695693;-46.45394103;2023-05-02;2023;5;2023-05;16;Tarde;0;0;1;1
520661;2023-05-02;terca-feira;18:15:00;SP;116.0;211;GUARULHOS;Reação tardia ou ineficiente do condutor;Colisão lateral mesmo sentido;Com Vítimas Feridas;Anoitecer;Decrescente;Céu Claro;Múltipla;Reta;Sim;2;0;1;0;0;1;1;2;-23.4324306;-46.4194352;SPRF-SP;DEL01-SP;UOP01-DEL01-SP;211.0;-23.4324306;-46.4194352;2023-05-02;2023;5;2023-05;18;Noite;0;0;1;1
520663;2023-05-02;terca-feira;18:20:00;SP;116.0;216;GUARULHOS;Condutor deixou de manter distância do veículo da frente;Queda de ocupante de veículo;Com Vítimas Feridas;Plena Noite;Decrescente;Nublado;Múltipla;Não Informado;Não;1;0;0;1;0;0;1;1;-23.45056589;-46.46258105;SPRF-SP;DEL01-SP;UOP01-DEL01-SP;216.0;-23.45056589;-46.46258105;2023-05-02;2023;5;2023-05;18;Noite;0;1;3;1
520583;2023-05-02;terca-feira;09:40:00;SP;116.0;161;JACAREI;Reação tardia ou ineficiente do condutor;Tombamento;Com Vítimas Feridas;Pleno dia;Decrescente;Sol;Simples;Curva;Sim;1;0;1;0;0;0;1;1;-23.27617003;-45.97592098;SPRF-SP;DEL02-SP;UOP01-DEL02-SP;161.0;-23.27617003;-45.97592098;2023-05-02;2023;5;2023-05;9;Manha;0;0;1;1
520602;2023-05-02;terca-feira;09:30:00;SP;158.0;2;PAULICEIA;Conversão proibida;Colisão transversal;Com Vítimas Feridas;Pleno dia;Decrescente;Céu Claro;Simples;Rotatória;Não;3;0;1;0;2;0;1;2;-21.26904882;-51.845562;SPRF-MS;DEL07-MS;UOP01-DEL07-MS;2.0;-21.26904882;-51.845562;2023-05-02;2023;5;2023-05;9;Manha;0;0;1;1
520710;2023-05-02;terca-feira;19:30:00;SP;116.0;441;REGISTRO;Reação tardia ou ineficiente do condutor;Colisão traseira;Com Vítimas Feridas;Plena Noite;Decrescente;Céu Claro;Dupla;Reta;Sim;2;0;1;0;0;1;1;2;-24.4688528;-47.82223728;SPRF-SP;DEL05-SP;UOP01-DEL05-SP;441.0;-24.4688528;-47.82223728;2023-05-02;2023;5;2023-05;19;Noite;0;0;1;1
520668;2023-05-02;terca-feira;18:00:00;SP;116.0;146;SAO JOSE DOS CAMPOS;Reação tardia ou ineficiente do condutor;Engavetamento;Com Vítimas Feridas;Plena Noite;Crescente;Céu Claro;Dupla;Reta;Não;4;0;1;0;3;0;1;3;-23.19122919;-45.86327591;SPRF-SP;DEL02-SP;UOP01-DEL02-SP;146.0;-23.19122919;-45.86327591;2023-05-02;2023;5;2023-05;18;Noite;0;0;1;1
520680;2023-05-02;terca-feira;19:40:00;SP;116.0;146;SAO JOSE DOS CAMPOS;Reação tardia ou ineficiente do condutor;Colisão traseira;Com Vítimas Feridas;Plena Noite;Decrescente;Céu Claro;Dupla;Não Informado;Sim;2;0;1;0;1;0;1;2;-23.1869844;-45.8548078;SPRF-SP;DEL02-SP;UOP01-DEL02-SP;146.0;-23.1869844;-45.8548078;2023-05-02;2023;5;2023-05;19;Noite;0;0;1;1
520787;2023-05-03;quarta-feira;12:30:00;SP;116.0;495;CAJATI;Ausência de reação do condutor;Colisão traseira;Sem Vítimas;Pleno dia;Decrescente;Céu Claro;Dupla;Reta;Não;3;0;0;0;3;0;0;2;-24.7531624;-48.1580848;SPRF-SP;DEL05-SP;UOP01-DEL05-SP;495.0;-24.7531624;-48.1580848;2023-05-03;2023;5;2023-05;12;Tarde;0;0;0;2
520735;2023-05-03;quarta-feira;07:20:00;SP;381.0;87;GUARULHOS;Pista esburacada;Colisão traseira;Com Vítimas Feridas;Pleno dia;Crescente;Céu Claro;Múltipla;Reta;Sim;2;0;1;0;1;0;1;2;-23.46885001;-46.56996601;SPRF-SP;DEL03-SP;UOP01-DEL03-SP;87.0;-23.46885001;-46.56996601;2023-05-03;2023;5;2023-05;7;Manha;0;0;1;2
520721;2023-05-03;quarta-feira;02:50:00;SP;116.0;169.3;JACAREI;Ausência de reação do condutor;Colisão traseira;Com Vítimas Feridas;Plena Noite;Decrescente;Céu Claro;Dupla;Não Informado;Não;2;0;1;0;1;0;1;2;-23.307652;-46.045128;SPRF-SP;DEL02-SP;UOP01-DEL02-SP;169.3;-23.307652;-46.045128;2023-05-03;2023;5;2023-05;2;Madrugada;0;0;1;2
520838;2023-05-03;quarta-feira;17:30:00;SP;116.0;476;JACUPIRANGA;Trafegar com motocicleta (ou similar) entre as faixas;Colisão lateral mesmo sentido;Com Vítimas Feridas;Pleno dia;Decrescente;Céu Claro;Simples;Não Informado;Sim;3;0;1;0;2;0;1;2;-24.6928255;-47.99567352;SPRF-SP;DEL05-SP;UOP01-DEL05-SP;476.0;-24.6928255;-47.99567352;2023-05-03;2023;5;2023-05;17;Tarde;0;0;1;2
520768;2023-05-03;quarta-feira;10:30:00;SP;153.0;103;JOSE BONIFACIO;Reação tardia ou ineficiente do condutor;Colisão traseira;Com Vítimas Feridas;Pleno dia;Decrescente;Céu Claro;Simples;Reta;Não;3;0;2;0;1;0;2;2;-21.03114091;-49.64641519;SPRF-SP;DEL09-SP;UOP01-DEL09-SP;103.0;-21.03114091;-49.64641519;2023-05-03;2023;5;2023-05;10;Manha;0;0;2;2
525364;2023-05-03;quarta-feira;19:10:00;SP;153.0;190.1;LINS;Ausência de reação do condutor;Saída de leito carroçável;Com Vítimas Feridas;Plena Noite;Decrescente;Céu Claro;Simples;Não Informado;Não;1;0;1;0;0;0;1;1;-21.74454132;-49.85787776;SPRF-SP;DEL07-SP;UOP01-DEL07-SP;190.1;-21.74454132;-49.85787776;2023-05-03;2023;5;2023-05;19;Noite;0;0;1;2
520875;2023-05-03;quarta-feira;20:00:00;SP;381.0;66;MAIRIPORA;Condutor deixou de manter distância do veículo da frente;Colisão traseira;Sem Vítimas;Plena Noite;Crescente;Céu Claro;Dupla;Reta;Não;2;0;0;0;2;0;0;2;-23.32451103;-46.58021504;SPRF-SP;DEL03-SP;UOP01-DEL03-SP;66.0;-23.32451103;-46.58021504;2023-05-03;2023;5;2023-05;20;Noite;0;0;0;2
520728;2023-05-03;quarta-feira;06:40:00;SP;116.0;82.7;PINDAMONHANGABA;Ultrapassagem Indevida;Colisão com objeto;Com Vítimas Feridas;Pleno dia;Crescente;Nublado;Dupla;Reta;Não;1;0;1;0;0;0;1;1;-22.90918532;-45.31883185;SPRF-SP;DEL08-SP;UOP01-DEL08-SP;82.7;-22.90918532;-45.31883185;2023-05-03;2023;5;2023-05;6;Manha;0;0;1;2
520851;2023-05-03;quarta-feira;18:30:00;SP;153.0;61.7;SAO JOSE DO RIO PRETO;Manobra de mudança de faixa;Colisão lateral mesmo sentido;Com Vítimas Feridas;Anoitecer;Crescente;Céu Claro;Dupla;Reta;Sim;2;0;1;0;1;0;1;2;-20.80502876;-49.35574909;SPRF-SP;DEL09-SP;UOP01-DEL09-SP;61.7;-20.80502876;-49.35574909;2023-05-03;2023;5;2023-05;18;Noite;0;0;1;2
520885;2023-05-03;quarta-feira;22:12:00;SP;153.0;73;SAO JOSE DO RIO PRETO;Ingestão de álcool pelo condutor;Colisão com objeto;Com Vítimas Feridas;Plena Noite;Decrescente;Céu Claro;Dupla;Reta;Não;1;0;0;1;0;0;1;1;-20.87627206;-49.42004692;SPRF-SP;DEL09-SP;UOP01-DEL09-SP;73.0;-20.87627206;-49.42004692;2023-05-03;2023;5;2023-05;22;Noite;0;1;3;2
520810;2023-05-03;quarta-feira;15:15:00;SP;116.0;151.6;SAO JOSE DOS CAMPOS;Manobra de mudança de faixa;Colisão lateral mesmo sentido;Com Vítimas Feridas;Pleno dia;Decrescente;Céu Claro;Dupla;Reta;Sim;4;0;1;0;3;0;1;2;-23.21980694;-45.89991605;SPRF-SP;DEL02-SP;UOP01-DEL02-SP;151.6;-23.21980694;-45.89991605;2023-05-03;2023;5;2023-05;15;Tarde;0;0;1;2
520858;2023-05-03;quarta-feira;19:10:00;SP;116.0;153.5;SAO JOSE DOS CAMPOS;Ausência de reação do condutor;Colisão traseira;Com Vítimas Feridas;Plena Noite;Crescente;Céu Claro;Múltipla;Reta;Sim;4;0;4;0;0;0;4;2;-23.23262274;-45.91372624;SPRF-SP;DEL02-SP;UOP01-DEL02-SP;153.5;-23.23262274;-45.91372624;2023-05-03;2023;5;2023-05;19;Noite;0;0;4;2
520864;2023-05-03;quarta-feira;19:00:00;SP;116.0;149;SAO JOSE DOS CAMPOS;Reação tardia ou ineficiente do condutor;Colisão lateral mesmo sentido;Com Vítimas Feridas;Plena Noite;Crescente;Céu Claro;Dupla;Reta;Sim;2;0;1;0;1;0;1;2;-23.20700047;-45.88626861;SPRF-SP;DEL02-SP;UOP01-DEL02-SP;149.0;-23.20700047;-45.88626861;2023-05-03;2023;5;2023-05;19;Noite;0;0;1;2
520778;2023-05-03;quarta-feira;12:20:00;SP;116.0;230.5;SAO PAULO;Manobra de mudança de faixa;Colisão lateral mesmo sentido;Com Vítimas Feridas;Pleno dia;Crescente;Céu Claro;Dupla;Reta;Sim;3;0;2;0;1;0;2;2;-23.52251783;-46.5855702;SPRF-SP;DEL01-SP;UOP01-DEL01-SP;230.5;-23.52251783;-46.5855702;2023-05-03;2023;5;2023-05;12;Tarde;0;0;2;2
520716;2023-05-03;quarta-feira;00:00:00;SP;116.0;275;TABOAO DA SERRA;Pedestre cruzava a pista fora da faixa;Atropelamento de Pedestre;Com Vítimas Feridas;Plena Noite;Crescente;Céu Claro;Dupla;Curva;Sim;2;0;0;1;1;0;1;1;-23.63638826;-46.83251584;SPRF-SP;DEL04-SP;UOP01-DEL04-SP;275.0;-23.63638826;-46.83251584;2023-05-03;2023;5;2023-05;0;Madrugada;0;1;3;2
520977;2023-05-04;quinta-feira;13:40:00;SP;116.0;283;EMBU DAS ARTES;Transitar na contramão;Colisão frontal;Com Vítimas Feridas;Pleno dia;Decrescente;Céu Claro;Dupla;Reta;Sim;2;0;1;0;1;0;1;2;-23.67558442;-46.85656255;SPRF-SP;DEL04-SP;UOP01-DEL04-SP;283.0;-23.67558442;-46.85656255;2023-05-04;2023;5;2023-05;13;Tarde;0;0;1;3
520906;2023-05-04;quinta-feira;04:00:00;SP;116.0;212;GUARULHOS;Entrada inopinada do pedestre;Atropelamento de Pedestre;Com Vítimas Fatais;Plena Noite;Decrescente;Céu Claro;Múltipla;Reta;Sim;2;1;0;0;0;1;0;1;-23.43608315;-46.42805094;SPRF-SP;DEL01-SP;UOP01-DEL01-SP;212.0;-23.43608315;-46.42805094;2023-05-04;2023;5;2023-05;4;Madrugada;1;1;5;3
521007;2023-05-04;quinta-feira;18:00:00;SP;116.0;209;GUARULHOS;Ausência de reação do condutor;Colisão lateral mesmo sentido;Com Vítimas Feridas;Pleno dia;Crescente;Céu Claro;Múltipla;Não Informado;Sim;2;0;1;0;1;0;1;2;-23.42511799;-46.40221101;SPRF-SP;DEL01-SP;UOP01-DEL01-SP;209.0;-23.42511799;-46.40221101;2023-05-04;2023;5;2023-05;18;Noite;0;0;1;3
521066;2023-05-04;quinta-feira;23:30:00;SP;116.0;220;GUARULHOS;Ingestão de álcool pelo condutor;Colisão com objeto;Sem Vítimas;Plena Noite;Decrescente;Céu Claro;Múltipla;Reta;Não;1;0;0;0;1;0;0;1;-23.46472809;-46.49793962;SPRF-SP;DEL01-SP;UOP01-DEL01-SP;220.0;-23.46472809;-46.49793962;2023-05-04;2023;5;2023-05;23;Noite;0;0;0;3
520957;2023-05-04;quinta-feira;11:50:00;SP;116.0;158;JACAREI;Reação tardia ou ineficiente do condutor;Colisão com objeto;Com Vítimas Feridas;Pleno dia;Decrescente;Céu Claro;Simples;Não Informado;Sim;1;0;0;1;0;0;1;1;-23.26072137;-45.95179176;SPRF-SP;DEL02-SP;UOP01-DEL02-SP;158.0;-23.26072137;-45.95179176;2023-05-04;2023;5;2023-05;11;Manha;0;1;3;3
521562;2023-05-04;quinta-feira;04:00:00;SP;116.0;472;JACUPIRANGA;Entrada inopinada do pedestre;Atropelamento de Pedestre;Com Vítimas Fatais;Plena Noite;Crescente;Nevoeiro/Neblina;Dupla;Reta;Não;4;1;0;0;3;0;0;2;-24.6649709;-47.9738381;SPRF-SP;DEL05-SP;UOP01-DEL05-SP;472.0;-24.6649709;-47.9738381;2023-05-04;2023;5;2023-05;4;Madrugada;1;1;5;3
520955;2023-05-04;quinta-feira;12:00:00;SP;153.0;158;PROMISSAO;Reação tardia ou ineficiente do condutor;Saída de leito carroçável;Com Vítimas Feridas;Pleno dia;Decrescente;Céu Claro;Simples;Reta;Não;2;0;2;0;0;0;2;1;-21.48929697;-49.77999964;SPRF-SP;DEL07-SP;UOP01-DEL07-SP;158.0;-21.48929697;-49.77999964;2023-05-04;2023;5;2023-05;12;Tarde;0;0;2;3
521028;2023-05-04;quinta-feira;19:50:00;SP;116.0;188;SANTA ISABEL;Entrada inopinada do pedestre;Atropelamento de Pedestre;Com Vítimas Fatais;Plena Noite;Decrescente;Céu Claro;Dupla;Reta;Não;2;1;0;0;1;0;0;1;-23.3594352;-46.21675791;SPRF-SP;DEL01-SP;UOP01-DEL01-SP;188.0;-23.3594352;-46.21675791;2023-05-04;2023;5;2023-05;19;Noite;1;1;5;3
520905;2023-05-04;quinta-feira;03:30:00;SP;116.0;145;SAO JOSE DOS CAMPOS;Manobra de mudança de faixa;Capotamento;Com Vítimas Feridas;Plena Noite;Decrescente;Céu Claro;Dupla;Não Informado;Sim;3;0;2;0;0;1;2;2;-23.1869844;-45.8548078;SPRF-SP;DEL02-SP;UOP01-DEL02-SP;145.0;-23.1869844;-45.8548078;2023-05-04;2023;5;2023-05;3;Madrugada;0;0;2;3
521060;2023-05-04;quinta-feira;22:10:00;SP;116.0;308;SAO LOURENCO DA SERRA;Ultrapassagem Indevida;Tombamento;Com Vítimas Fatais;Plena Noite;Decrescente;Nublado;Simples;Reta;Sim;4;1;0;0;1;2;0;2;-23.86213995;-46.94718508;SPRF-SP;DEL04-SP;UOP01-DEL04-SP;308.0;-23.86213995;-46.94718508;2023-05-04;2023;5;2023-05;22;Noite;1;1;5;3
520942;2023-05-04;quinta-feira;10:15:00;SP;116.0;227;SAO PAULO;Trafegar com motocicleta (ou similar) entre as faixas;Colisão traseira;Com Vítimas Feridas;Pleno dia;Crescente;Céu Claro;Múltipla;Não Informado;Sim;2;0;1;0;1;0;1;2;-23.49659264;-46.55648754;SPRF-SP;DEL01-SP;UOP01-DEL01-SP;227.0;-23.49659264;-46.55648754;2023-05-04;2023;5;2023-05;10;Manha;0;0;1;3
521086;2023-05-05;sexta-feira;06:45:00;SP;381.0;58;ATIBAIA;Condutor Dormindo;Colisão traseira;Com Vítimas Feridas;Pleno dia;Crescente;Céu Claro;Dupla;Não Informado;Não;2;0;1;0;1;0;1;2;-23.27438497;-46.58530615;SPRF-SP;DEL03-SP;UOP01-DEL03-SP;58.0;-23.27438497;-46.58530615;2023-05-05;2023;5;2023-05;6;Manha;0;0;1;4
521327;2023-05-05;sexta-feira;13:30:00;SP;116.0;132.6;CACAPAVA;Avarias e/ou desgaste excessivo no pneu;Queda de ocupante de veículo;Com Vítimas Feridas;Pleno dia;Crescente;Céu Claro;Dupla;Reta;Não;1;0;1;0;0;0;1;1;-23.13169757;-45.74481322;SPRF-SP;DEL02-SP;UOP02-DEL02-SP;132.6;-23.13169757;-45.74481322;2023-05-05;2023;5;2023-05;13;Tarde;0;0;1;4
521105;2023-05-05;sexta-feira;08:20:00;SP;116.0;206;GUARULHOS;Manobra de mudança de faixa;Colisão traseira;Com Vítimas Feridas;Pleno dia;Crescente;Céu Claro;Dupla;Reta;Sim;3;0;1;0;1;1;1;2;-23.41722629;-46.37510292;SPRF-SP;DEL01-SP;UOP01-DEL01-SP;206.0;-23.41722629;-46.37510292;2023-05-05;2023;5;2023-05;8;Manha;0;0;1;4
521236;2023-05-05;sexta-feira;20:40:00;SP;116.0;226;GUARULHOS;Manobra de mudança de faixa;Colisão com objeto;Com Vítimas Feridas;Anoitecer;Decrescente;Nublado;Múltipla;Não Informado;Sim;2;0;1;0;0;1;1;2;-23.49102507;-46.54878195;SPRF-SP;DEL01-SP;UOP01-DEL01-SP;226.0;-23.49102507;-46.54878195;2023-05-05;2023;5;2023-05;20;Noite;0;0;1;4
521240;2023-05-05;sexta-feira;18:19:00;SP;381.0;82;GUARULHOS;Manobra de mudança de faixa;Colisão traseira;Com Vítimas Feridas;Anoitecer;Decrescente;Céu Claro;Múltipla;Reta;Não;3;0;0;2;1;0;2;2;-23.42399;-46.575112;SPRF-SP;DEL03-SP;UOP01-DEL03-SP;82.0;-23.42399;-46.575112;2023-05-05;2023;5;2023-05;18;Noite;0;1;6;4
521101;2023-05-05;sexta-feira;07:00:00;SP;116.0;294;ITAPECERICA DA SERRA;Entrada inopinada do pedestre;Queda de ocupante de veículo;Com Vítimas Feridas;Pleno dia;Decrescente;Céu Claro;Dupla;Reta;Sim;1;0;1;0;0;0;1;1;-23.76154691;-46.90483412;SPRF-SP;DEL04-SP;UOP01-DEL04-SP;294.0;-23.76154691;-46.90483412;2023-05-05;2023;5;2023-05;7;Manha;0;0;1;4
521187;2023-05-05;sexta-feira;16:26:00;SP;116.0;426;JUQUIA;Acessar a via sem observar a presença dos outros veículos;Colisão lateral mesmo sentido;Sem Vítimas;Pleno dia;Crescente;Céu Claro;Dupla;Reta;Não;2;0;0;0;2;0;0;2;-24.38735659;-47.7169352;SPRF-SP;DEL05-SP;UOP01-DEL05-SP;426.0;-24.38735659;-47.7169352;2023-05-05;2023;5;2023-05;16;Tarde;0;0;0;4
521072;2023-05-05;sexta-feira;01:10:00;SP;153.0;40.3;ONDA VERDE;Reação tardia ou ineficiente do condutor;Tombamento;Com Vítimas Feridas;Plena Noite;Crescente;Céu Claro;Simples;Reta;Não;1;0;1;0;0;0;1;1;-20.61969606;-49.33411078;SPRF-SP;DEL09-SP;UOP01-DEL09-SP;40.3;-20.61969606;-49.33411078;2023-05-05;2023;5;2023-05;1;Madrugada;0;0;1;4
521167;2023-05-05;sexta-feira;14:15:00;SP;153.0;62.6;SAO JOSE DO RIO PRETO;Reação tardia ou ineficiente do condutor;Colisão traseira;Com Vítimas Feridas;Pleno dia;Crescente;Céu Claro;Múltipla;Não Informado;Sim;2;0;0;1;1;0;1;2;-20.81325404;-49.35675563;SPRF-SP;DEL09-SP;UOP01-DEL09-SP;62.6;-20.81325404;-49.35675563;2023-05-05;2023;5;2023-05;14;Tarde;0;1;3;4
521075;2023-05-05;sexta-feira;03:59:00;SP;116.0;156.6;SAO JOSE DOS CAMPOS;Ingestão de álcool e/ou substâncias psicoativas pelo pedestre;Atropelamento de Pedestre;Com Vítimas Feridas;Plena Noite;Crescente;Nublado;Múltipla;Reta;Não;2;0;0;1;0;1;1;1;-23.25044084;-45.93572909;SPRF-SP;DEL02-SP;UOP01-DEL02-SP;156.6;-23.25044084;-45.93572909;2023-05-05;2023;5;2023-05;3;Madrugada;0;1;3;4
521181;2023-05-05;sexta-feira;14:30:00;SP;116.0;311;SAO LOURENCO DA SERRA;Obras na pista;Colisão traseira;Com Vítimas Feridas;Pleno dia;Crescente;Céu Claro;Dupla;Não Informado;Não;3;0;0;1;2;0;1;3;-23.87213645;-46.96184278;SPRF-SP;DEL04-SP;UOP01-DEL04-SP;311.0;-23.87213645;-46.96184278;2023-05-05;2023;5;2023-05;14;Tarde;0;1;3;4
521122;2023-05-05;sexta-feira;09:00:00;SP;116.0;228.9;SAO PAULO;Condutor deixou de manter distância do veículo da frente;Colisão traseira;Com Vítimas Feridas;Pleno dia;Crescente;Sol;Múltipla;Reta;Sim;2;0;1;0;1;0;1;2;-23.50343484;-46.56638712;SPRF-SP;DEL01-SP;UOP01-DEL01-SP;228.9;-23.50343484;-46.56638712;2023-05-05;2023;5;2023-05;9;Manha;0;0;1;4
521130;2023-05-05;sexta-feira;10:20:00;SP;116.0;227.8;SAO PAULO;Reação tardia ou ineficiente do condutor;Engavetamento;Com Vítimas Feridas;Pleno dia;Crescente;Céu Claro;Múltipla;Reta;Sim;4;0;1;0;3;0;1;3;-23.50283075;-46.56603992;SPRF-SP;DEL01-SP;UOP01-DEL01-SP;227.8;-23.50283075;-46.56603992;2023-05-05;2023;5;2023-05;10;Manha;0;0;1;4
521220;2023-05-05;sexta-feira;19:00:00;SP;116.0;229;SAO PAULO;Reação tardia ou ineficiente do condutor;Colisão traseira;Com Vítimas Feridas;Plena Noite;Crescente;Nublado;Múltipla;Reta;Não;3;0;2;0;1;0;2;2;-23.51291902;-46.57604698;SPRF-SP;DEL01-SP;UOP01-DEL01-SP;229.0;-23.51291902;-46.57604698;2023-05-05;2023;5;2023-05;19;Noite;0;0;2;4
521131;2023-05-05;sexta-feira;07:40:00;SP;116.0;272;TABOAO DA SERRA;Ausência de reação do condutor;Colisão traseira;Com Vítimas Feridas;Pleno dia;Crescente;Céu Claro;Dupla;Reta;Não;2;0;1;0;1;0;1;2;-23.621691;-46.813288;SPRF-SP;DEL04-SP;UOP01-DEL04-SP;272.0;-23.621691;-46.813288;2023-05-05;2023;5;2023-05;7;Manha;0;0;1;4
521132;2023-05-05;sexta-feira;10:20:00;SP;116.0;272;TABOAO DA SERRA;Trafegar com motocicleta (ou similar) entre as faixas;Colisão traseira;Com Vítimas Feridas;Pleno dia;Decrescente;Céu Claro;Dupla;Reta;Sim;3;0;1;0;2;0;1;2;-23.621691;-46.813288;SPRF-SP;DEL04-SP;UOP01-DEL04-SP;272.0;-23.621691;-46.813288;2023-05-05;2023;5;2023-05;10;Manha;0;0;1;4
521135;2023-05-05;sexta-feira;10:45:00;SP;101.0;52;UBATUBA;Transitar na contramão;Colisão transversal;Com Vítimas Feridas;Pleno dia;Crescente;Céu Claro;Simples;Não Informado;Sim;2;0;2;0;0;0;2;2;-23.4623355;-45.06476561;SPRF-SP;DEL06-SP;UOP01-DEL06-SP;52.0;-23.4623355;-45.06476561;2023-05-05;2023;5;2023-05;10;Manha;0;0;2;4
521261;2023-05-05;sexta-feira;22:00:00;SP;381.0;10;VARGEM;Ausência de reação do condutor;Colisão traseira;Sem Vítimas;Plena Noite;Decrescente;Céu Claro;Dupla;Não Informado;Não;2;0;0;0;2;0;0;2;-22.92484012;-46.45148277;SPRF-SP;DEL03-SP;UOP02-DEL03-SP;10.0;-22.92484012;-46.45148277;2023-05-05;2023;5;2023-05;22;Noite;0;0;0;4
521322;2023-05-06;sabado;03:00:00;SP;116.0;125.9;CACAPAVA;Ingestão de álcool pelo condutor;Colisão traseira;Sem Vítimas;Amanhecer;Crescente;Céu Claro;Dupla;Não Informado;Não;3;0;0;0;3;0;0;3;-23.10037708;-45.68879054;SPRF-SP;DEL02-SP;UOP02-DEL02-SP;125.9;-23.10037708;-45.68879054;2023-05-06;2023;5;2023-05;3;Madrugada;0;0;0;5
521503;2023-05-06;sabado;23:40:00;SP;116.0;133.5;CACAPAVA;Ausência de reação do condutor;Saída de leito carroçável;Com Vítimas Feridas;Plena Noite;Decrescente;Céu Claro;Dupla;Reta;Não;1;0;1;0;0;0;1;1;-23.1359564;-45.7532708;SPRF-SP;DEL02-SP;UOP02-DEL02-SP;133.5;-23.1359564;-45.7532708;2023-05-06;2023;5;2023-05;23;Noite;0;0;1;5
521303;2023-05-06;sabado;02:40:00;SP;116.0;32.5;CRUZEIRO;Ingestão de álcool pelo condutor;Derramamento de carga;Sem Vítimas;Plena Noite;Crescente;Céu Claro;Dupla;Não Informado;Não;1;0;0;0;1;0;0;1;-22.6422031;-44.94731891;SPRF-SP;DEL08-SP;UOP02-DEL08-SP;32.5;-22.6422031;-44.94731891;2023-05-06;2023;5;2023-05;2;Madrugada;0;0;0;5
521351;2023-05-06;sabado;10:08:00;SP;116.0;283.7;EMBU DAS ARTES;Manobra de mudança de faixa;Queda de ocupante de veículo;Com Vítimas Feridas;Pleno dia;Decrescente;Nublado;Dupla;Reta;Sim;2;0;1;1;0;0;2;1;-23.674738;-46.856449;SPRF-SP;DEL04-SP;UOP01-DEL04-SP;283.7;-23.674738;-46.856449;2023-05-06;2023;5;2023-05;10;Manha;0;1;4;5
521373;2023-05-06;sabado;12:00:00;SP;381.0;90;GUARULHOS;Reação tardia ou ineficiente do condutor;Colisão traseira;Com Vítimas Feridas;Pleno dia;Crescente;Céu Claro;Dupla;Não Informado;Sim;2;0;1;0;1;0;1;2;-23.49479479;-46.55959864;SPRF-SP;DEL03-SP;UOP01-DEL03-SP;90.0;-23.49479479;-46.55959864;2023-05-06;2023;5;2023-05;12;Tarde;0;0;1;5
521425;2023-05-06;sabado;17:45:00;SP;116.0;215;GUARULHOS;Ausência de sinalização;Atropelamento de Pedestre;Com Vítimas Feridas;Anoitecer;Crescente;Nublado;Dupla;Não Informado;Sim;2;0;0;1;1;0;1;2;-23.44695693;-46.45394103;SPRF-SP;DEL01-SP;UOP01-DEL01-SP;215.0;-23.44695693;-46.45394103;2023-05-06;2023;5;2023-05;17;Tarde;0;1;3;5
521456;2023-05-06;sabado;19:30:00;SP;116.0;215;GUARULHOS;Pedestre cruzava a pista fora da faixa;Colisão com objeto;Com Vítimas Feridas;Plena Noite;Decrescente;Céu Claro;Dupla;Reta;Não;3;0;1;0;1;1;1;1;-23.44695693;-46.45394103;SPRF-SP;DEL01-SP;UOP01-DEL01-SP;215.0;-23.44695693;-46.45394103;2023-05-06;2023;5;2023-05;19;Noite;0;0;1;5
521500;2023-05-06;sabado;20:55:00;SP;116.0;215;GUARULHOS;Velocidade Incompatível;Queda de ocupante de veículo;Com Vítimas Feridas;Pleno dia;Crescente;Céu Claro;Múltipla;Reta;Não;1;0;0;1;0;0;1;1;-23.44695693;-46.45394103;SPRF-SP;DEL01-SP;UOP01-DEL01-SP;215.0;-23.44695693;-46.45394103;2023-05-06;2023;5;2023-05;20;Noite;0;1;3;5
521484;2023-05-06;sabado;22:25:00;SP;381.0;62;MAIRIPORA;Entrada inopinada do pedestre;Atropelamento de Pedestre;Com Vítimas Feridas;Plena Noite;Decrescente;Céu Claro;Múltipla;Não Informado;Sim;3;0;1;0;2;0;1;1;-23.29437896;-46.57254696;SPRF-SP;DEL03-SP;UOP01-DEL03-SP;62.0;-23.29437896;-46.57254696;2023-05-06;2023;5;2023-05;22;Noite;0;0;1;5
521419;2023-05-06;sabado;15:00:00;SP;153.0;256;MARILIA;Ingestão de álcool pelo condutor;Queda de ocupante de veículo;Com Vítimas Feridas;Pleno dia;Crescente;Céu Claro;Simples;Reta;Sim;1;0;1;0;0;0;1;1;-22.231552;-49.91968;SPRF-SP;DEL07-SP;UOP02-DEL07-SP;256.0;-22.231552;-49.91968;2023-05-06;2023;5;2023-05;15;Tarde;0;0;1;5
521408;2023-05-06;sabado;15:41:00;SP;116.0;341;MIRACATU;Condutor Dormindo;Capotamento;Com Vítimas Feridas;Pleno dia;Crescente;Céu Claro;Dupla;Curva;Não;1;0;1;0;0;0;1;1;-24.00990014;-47.16199395;SPRF-SP;DEL04-SP;UOP03-DEL04-SP;341.0;-24.00990014;-47.16199395;2023-05-06;2023;5;2023-05;15;Tarde;0;0;1;5
521522;2023-05-06;sabado;21:00:00;SP;116.0;455;REGISTRO;Pedestre andava na pista;Atropelamento de Pedestre;Com Vítimas Feridas;Plena Noite;Crescente;Céu Claro;Dupla;Reta;Não;2;0;0;1;0;1;1;1;-24.57253407;-47.88134891;SPRF-SP;DEL05-SP;UOP01-DEL05-SP;455.0;-24.57253407;-47.88134891;2023-05-06;2023;5;2023-05;21;Noite;0;1;3;5
521464;2023-05-06;sabado;20:30:00;SP;116.0;117.5;TAUBATE;Reação tardia ou ineficiente do condutor;Colisão traseira;Com Vítimas Feridas;Plena Noite;Crescente;Céu Claro;Simples;Reta;Não;2;0;1;0;1;0;1;2;-23.0582298;-45.6176951;SPRF-SP;DEL02-SP;UOP02-DEL02-SP;117.5;-23.0582298;-45.6176951;2023-05-06;2023;5;2023-05;20;Noite;0;0;1;5
521646;2023-05-07;domingo;19:20:00;SP;116.0;203;ARUJA;Reação tardia ou ineficiente do condutor;Engavetamento;Com Vítimas Feridas;Plena Noite;Crescente;Vento;Dupla;Reta;Não;8;0;2;0;6;0;2;3;-23.41060827;-46.34763895;SPRF-SP;DEL01-SP;UOP01-DEL01-SP;203.0;-23.41060827;-46.34763895;2023-05-07;2023;5;2023-05;19;Noite;0;0;2;6
521540;2023-05-07;domingo;05:10:00;SP;381.0;51;ATIBAIA;Ultrapassagem Indevida;Colisão com objeto;Com Vítimas Feridas;Plena Noite;Crescente;Céu Claro;Múltipla;Reta;Não;2;0;1;0;1;0;1;1;-23.221911;-46.59644;SPRF-SP;DEL03-SP;UOP01-DEL03-SP;51.0;-23.221911;-46.59644;2023-05-07;2023;5;2023-05;5;Madrugada;0;0;1;6
521518;2023-05-07;domingo;02:00:00;SP;116.0;207;GUARULHOS;Reação tardia ou ineficiente do condutor;Saída de leito carroçável;Com Vítimas Feridas;Plena Noite;Crescente;Céu Claro;Simples;Reta;Sim;5;0;5;0;0;0;5;1;-23.41972188;-46.38419203;SPRF-SP;DEL01-SP;UOP01-DEL01-SP;207.0;-23.41972188;-46.38419203;2023-05-07;2023;5;2023-05;2;Madrugada;0;0;5;6
521590;2023-05-07;domingo;13:25:00;SP;116.0;300;ITAPECERICA DA SERRA;Estacionar ou parar em local proibido;Colisão traseira;Com Vítimas Feridas;Pleno dia;Decrescente;Céu Claro;Dupla;Não Informado;Não;8;0;5;1;2;0;6;3;-23.80425272;-46.92143625;SPRF-SP;DEL04-SP;UOP01-DEL04-SP;300.0;-23.80425272;-46.92143625;2023-05-07;2023;5;2023-05;13;Tarde;0;1;8;6
521607;2023-05-07;domingo;16:00:00;SP;116.0;290;ITAPECERICA DA SERRA;Manobra de mudança de faixa;Colisão lateral mesmo sentido;Sem Vítimas;Pleno dia;Crescente;Céu Claro;Dupla;Reta;Não;7;0;0;0;6;1;0;2;-23.7303281;-46.89425963;SPRF-SP;DEL04-SP;UOP01-DEL04-SP;290.0;-23.7303281;-46.89425963;2023-05-07;2023;5;2023-05;16;Tarde;0;0;0;6
521582;2023-05-07;domingo;11:22:00;SP;153.0;183.1;LINS;Reação tardia ou ineficiente do condutor;Tombamento;Com Vítimas Feridas;Pleno dia;Decrescente;Céu Claro;Simples;Reta;Não;1;0;1;0;0;0;1;1;-21.70725279;-49.80257014;SPRF-SP;DEL07-SP;UOP01-DEL07-SP;183.1;-21.70725279;-49.80257014;2023-05-07;2023;5;2023-05;11;Manha;0;0;1;6
521674;2023-05-07;domingo;22:20:00;SP;381.0;58;MAIRIPORA;Ausência de reação do condutor;Colisão traseira;Com Vítimas Feridas;Plena Noite;Crescente;Céu Claro;Dupla;Não Informado;Não;2;0;1;0;0;1;1;2;-23.27438497;-46.58530615;SPRF-SP;DEL03-SP;UOP01-DEL03-SP;58.0;-23.27438497;-46.58530615;2023-05-07;2023;5;2023-05;22;Noite;0;0;1;6
521544;2023-05-07;domingo;05:30:00;SP;116.0;428;REGISTRO;Avarias e/ou desgaste excessivo no pneu;Colisão com objeto;Com Vítimas Feridas;Plena Noite;Decrescente;Nevoeiro/Neblina;Dupla;Reta;Não;3;0;1;0;2;0;1;1;-24.39812738;-47.73037075;SPRF-SP;DEL05-SP;UOP01-DEL05-SP;428.0;-24.39812738;-47.73037075;2023-05-07;2023;5;2023-05;5;Madrugada;0;0;1;6
521659;2023-05-07;domingo;21:30:00;SP;153.0;67.4;SAO JOSE DO RIO PRETO;Manobra de mudança de faixa;Colisão lateral mesmo sentido;Sem Vítimas;Plena Noite;Crescente;Céu Claro;Dupla;Reta;Sim;4;0;0;0;3;1;0;2;-20.85059051;-49.3832016;SPRF-SP;DEL09-SP;UOP01-DEL09-SP;67.4;-20.85059051;-49.3832016;2023-05-07;2023;5;2023-05;21;Noite;0;0;0;6
521614;2023-05-07;domingo;16:40:00;SP;116.0;144;SAO JOSE DOS CAMPOS;Demais falhas mecânicas ou elétricas;Tombamento;Com Vítimas Feridas;Pleno dia;Crescente;Céu Claro;Dupla;Não Informado;Não;1;0;1;0;0;0;1;1;-23.18274416;-45.84633592;SPRF-SP;DEL02-SP;UOP01-DEL02-SP;144.0;-23.18274416;-45.84633592;2023-05-07;2023;5;2023-05;16;Tarde;0;0;1;6
521572;2023-05-07;domingo;10:20:00;SP;116.0;107;TAUBATE;Avarias e/ou desgaste excessivo no pneu;Tombamento;Com Vítimas Feridas;Pleno dia;Crescente;Céu Claro;Dupla;Reta;Sim;2;0;2;0;0;0;2;1;-23.01791287;-45.53009409;SPRF-SP;DEL02-SP;UOP02-DEL02-SP;107.0;-23.01791287;-45.53009409;2023-05-07;2023;5;2023-05;10;Manha;0;0;2;6
521732;2023-05-08;segunda-feira;06:20:00;SP;116.0;128;CACAPAVA;Ausência de reação do condutor;Colisão traseira;Com Vítimas Feridas;Pleno dia;Decrescente;Céu Claro;Dupla;Reta;Sim;2;0;1;0;1;0;1;2;-23.11454664;-45.71105567;SPRF-SP;DEL02-SP;UOP02-DEL02-SP;128.0;-23.11454664;-45.71105567;2023-05-08;2023;5;2023-05;6;Manha;0;0;1;0
521850;2023-05-08;segunda-feira;18:00:00;SP;116.0;279;EMBU DAS ARTES;Reação tardia ou ineficiente do condutor;Colisão traseira;Com Vítimas Feridas;Plena Noite;Crescente;Céu Claro;Dupla;Reta;Sim;2;0;1;0;1;0;1;2;-23.63746447;-46.83393544;SPRF-SP;DEL04-SP;UOP01-DEL04-SP;279.0;-23.63746447;-46.83393544;2023-05-08;2023;5;2023-05;18;Noite;0;0;1;0
521722;2023-05-08;segunda-feira;06:50:00;SP;116.0;228;GUARULHOS;Manobra de mudança de faixa;Colisão traseira;Com Vítimas Feridas;Pleno dia;Crescente;Céu Claro;Múltipla;Reta;Sim;2;0;1;0;1;0;1;2;-23.50343484;-46.56638712;SPRF-SP;DEL01-SP;UOP01-DEL01-SP;228.0;-23.50343484;-46.56638712;2023-05-08;2023;5;2023-05;6;Manha;0;0;1;0
521725;2023-05-08;segunda-feira;07:00:00;SP;116.0;227;GUARULHOS;Ausência de reação do condutor;Colisão frontal;Com Vítimas Feridas;Pleno dia;Crescente;Nevoeiro/Neblina;Dupla;Reta;Sim;2;0;0;1;1;0;1;2;-23.49659264;-46.55648754;SPRF-SP;DEL01-SP;UOP01-DEL01-SP;227.0;-23.49659264;-46.55648754;2023-05-08;2023;5;2023-05;7;Manha;0;1;3;0
521741;2023-05-08;segunda-feira;07:00:00;SP;116.0;285.5;ITAPECERICA DA SERRA;Trafegar com motocicleta (ou similar) entre as faixas;Tombamento;Com Vítimas Feridas;Pleno dia;Decrescente;Céu Claro;Dupla;Reta;Sim;2;0;2;0;0;0;2;1;-23.68894822;-46.86185535;SPRF-SP;DEL04-SP;UOP01-DEL04-SP;285.5;-23.68894822;-46.86185535;2023-05-08;2023;5;2023-05;7;Manha;0;0;2;0
521872;2023-05-08;segunda-feira;19:00:00;SP;116.0;53;LORENA;Desrespeitar a preferência no cruzamento;Colisão transversal;Com Vítimas Feridas;Plena Noite;Decrescente;Céu Claro;Simples;Não Informado;Sim;2;0;1;0;1;0;1;2;-22.75255433;-45.10741076;SPRF-SP;DEL08-SP;UOP02-DEL08-SP;53.0;-22.75255433;-45.10741076;2023-05-08;2023;5;2023-05;19;Noite;0;0;1;0
521713;2023-05-08;segunda-feira;03:00:00;SP;116.0;405;MIRACATU;Condutor Dormindo;Colisão traseira;Com Vítimas Feridas;Plena Noite;Decrescente;Nublado;Dupla;Reta;Não;2;0;1;0;1;0;1;2;-24.32384668;-47.55013034;SPRF-SP;DEL04-SP;UOP02-DEL04-SP;405.0;-24.32384668;-47.55013034;2023-05-08;2023;5;2023-05;3;Madrugada;0;0;1;0
521911;2023-05-08;segunda-feira;23:10:00;SP;116.0;359;MIRACATU;Condutor deixou de manter distância do veículo da frente;Colisão traseira;Com Vítimas Feridas;Plena Noite;Crescente;Céu Claro;Dupla;Não Informado;Não;2;0;0;1;1;0;1;2;-24.10862227;-47.26589989;SPRF-SP;DEL04-SP;UOP03-DEL04-SP;359.0;-24.10862227;-47.26589989;2023-05-08;2023;5;2023-05;23;Noite;0;1;3;0
521861;2023-05-08;segunda-feira;18:49:00;SP;116.0;136;SAO JOSE DOS CAMPOS;Reação tardia ou ineficiente do condutor;Colisão traseira;Com Vítimas Feridas;Anoitecer;Crescente;Céu Claro;Dupla;Reta;Não;4;0;1;0;2;1;1;3;-23.14874471;-45.77863714;SPRF-SP;DEL02-SP;UOP01-DEL02-SP;136.0;-23.14874471;-45.77863714;2023-05-08;2023;5;2023-05;18;Noite;0;0;1;0
521783;2023-05-08;segunda-feira;12:20:00;SP;116.0;227;SAO PAULO;Ausência de reação do condutor;Capotamento;Com Vítimas Feridas;Pleno dia;Decrescente;Céu Claro;Múltipla;Reta;Sim;1;0;1;0;0;0;1;1;-23.49659264;-46.55648754;SPRF-SP;DEL01-SP;UOP01-DEL01-SP;227.0;-23.49659264;-46.55648754;2023-05-08;2023;5;2023-05;12;Tarde;0;0;1;0
521880;2023-05-08;segunda-feira;20:00:00;SP;116.0;113;TAUBATE;Demais falhas mecânicas ou elétricas;Tombamento;Com Vítimas Feridas;Anoitecer;Crescente;Céu Claro;Dupla;Reta;Sim;2;0;1;0;1;0;1;1;-23.0440828;-45.58041405;SPRF-SP;DEL02-SP;UOP02-DEL02-SP;113.0;-23.0440828;-45.58041405;2023-05-08;2023;5;2023-05;20;Noite;0;0;1;0
522077;2023-05-09;terca-feira;22:48:00;SP;116.0;514;CAJATI;Problema com o freio;Incêndio;Sem Vítimas;Plena Noite;Decrescente;Nublado;Dupla;Curva;Não;1;0;0;0;1;0;0;1;-24.85874304;-48.21731282;SPRF-SP;DEL05-SP;UOP02-DEL05-SP;514.0;-24.85874304;-48.21731282;2023-05-09;2023;5;2023-05;22;Noite;0;0;0;1
521932;2023-05-09;terca-feira;07:50:00;SP;116.0;208;GUARULHOS;Reação tardia ou ineficiente do condutor;Colisão traseira;Com Vítimas Feridas;Pleno dia;Crescente;Céu Claro;Múltipla;Reta;Sim;2;0;1;0;1;0;1;2;-23.42222263;-46.3932771;SPRF-SP;DEL01-SP;UOP01-DEL01-SP;208.0;-23.42222263;-46.3932771;2023-05-09;2023;5;2023-05;7;Manha;0;0;1;1
522016;2023-05-09;terca-feira;16:30:00;SP;116.0;214;GUARULHOS;Condutor deixou de manter distância do veículo da frente;Tombamento;Com Vítimas Feridas;Pleno dia;Decrescente;Céu Claro;Múltipla;Reta;Não;1;0;1;0;0;0;1;1;-23.44333014;-46.44531294;SPRF-SP;DEL01-SP;UOP01-DEL01-SP;214.0;-23.44333014;-46.44531294;2023-05-09;2023;5;2023-05;16;Tarde;0;0;1;1
522043;2023-05-09;terca-feira;19:30:00;SP;116.0;217;GUARULHOS;Reação tardia ou ineficiente do condutor;Colisão transversal;Com Vítimas Feridas;Plena Noite;Crescente;Céu Claro;Dupla;Reta;Sim;2;0;0;2;0;0;2;1;-23.45423824;-46.47119028;SPRF-SP;DEL01-SP;UOP01-DEL01-SP;217.0;-23.45423824;-46.47119028;2023-05-09;2023;5;2023-05;19;Noite;0;1;6;1
522051;2023-05-09;terca-feira;20:30:00;SP;116.0;221;GUARULHOS;Condutor deixou de manter distância do veículo da frente;Colisão traseira;Com Vítimas Feridas;Plena Noite;Decrescente;Céu Claro;Simples;Reta;Sim;2;0;1;0;1;0;1;2;-23.46802395;-46.50704901;SPRF-SP;DEL01-SP;UOP01-DEL01-SP;221.0;-23.46802395;-46.50704901;2023-05-09;2023;5;2023-05;20;Noite;0;0;1;1
522017;2023-05-09;terca-feira;16:10:00;SP;116.0;320;JUQUITIBA;Reação tardia ou ineficiente do condutor;Saída de leito carroçável;Com Vítimas Feridas;Pleno dia;Decrescente;Garoa/Chuvisco;Dupla;Reta;Não;1;0;1;0;0;0;1;1;-23.93226;-47.00835;SPRF-SP;DEL04-SP;UOP03-DEL04-SP;320.0;-23.93226;-47.00835;2023-05-09;2023;5;2023-05;16;Tarde;0;0;1;1
522061;2023-05-09;terca-feira;07:20:00;SP;116.0;442;REGISTRO;Reação tardia ou ineficiente do condutor;Saída de leito carroçável;Com Vítimas Feridas;Plena Noite;Crescente;Garoa/Chuvisco;Dupla;Reta;Sim;2;0;1;0;1;0;1;1;-24.47609886;-47.8273532;SPRF-SP;DEL05-SP;UOP01-DEL05-SP;442.0;-24.47609886;-47.8273532;2023-05-09;2023;5;2023-05;7;Manha;0;0;1;1
522010;2023-05-09;terca-feira;15:30:00;SP;153.0;61.6;SAO JOSE DO RIO PRETO;Ausência de reação do condutor;Colisão traseira;Com Vítimas Feridas;Pleno dia;Crescente;Céu Claro;Dupla;Não Informado;Não;2;0;1;0;1;0;1;2;-20.80502876;-49.35574909;SPRF-SP;DEL09-SP;UOP01-DEL09-SP;61.6;-20.80502876;-49.35574909;2023-05-09;2023;5;2023-05;15;Tarde;0;0;1;1
522024;2023-05-09;terca-feira;17:50:00;SP;116.0;149.5;SAO JOSE DOS CAMPOS;Trafegar com motocicleta (ou similar) entre as faixas;Colisão traseira;Com Vítimas Feridas;Plena Noite;Crescente;Céu Claro;Dupla;Desvio Temporário;Sim;4;0;1;1;2;0;2;4;-23.20700047;-45.88626861;SPRF-SP;DEL02-SP;UOP01-DEL02-SP;149.5;-23.20700047;-45.88626861;2023-05-09;2023;5;2023-05;17;Tarde;0;1;4;1
521986;2023-05-09;terca-feira;13:00:00;SP;116.0;230.5;SAO PAULO;Trafegar com motocicleta (ou similar) entre as faixas;Colisão lateral mesmo sentido;Com Vítimas Feridas;Pleno dia;Crescente;Céu Claro;Múltipla;Reta;Não;2;0;1;0;1;0;1;2;-23.5225178336;-46.5855701972;SPRF-SP;DEL01-SP;UOP01-DEL01-SP;230.5;-23.5225178336;-46.5855701972;2023-05-09;2023;5;2023-05;13;Tarde;0;0;1;1
522230;2023-05-10;quarta-feira;20:40:00;SP;153.0;75.7;BADY BASSITT;Acumulo de areia ou detritos sobre o pavimento;Tombamento;Com Vítimas Feridas;Plena Noite;Crescente;Céu Claro;Simples;Rotatória;Sim;1;0;1;0;0;0;1;1;-20.897977;-49.44051504;SPRF-SP;DEL09-SP;UOP01-DEL09-SP;75.7;-20.897977;-49.44051504;2023-05-10;2023;5;2023-05;20;Noite;0;0;1;2
522094;2023-05-10;quarta-feira;02:30:00;SP;116.0;514;CAJATI;Ausência de reação do condutor;Colisão traseira;Com Vítimas Feridas;Plena Noite;Decrescente;Nublado;Dupla;Curva;Não;3;0;0;1;2;0;1;2;-24.85874304;-48.21731282;SPRF-SP;DEL05-SP;UOP02-DEL05-SP;514.0;-24.85874304;-48.21731282;2023-05-10;2023;5;2023-05;2;Madrugada;0;1;3;2
522100;2023-05-10;quarta-feira;06:00:00;SP;116.0;513;CAJATI;Problema com o freio;Colisão lateral mesmo sentido;Com Vítimas Feridas;Amanhecer;Decrescente;Céu Claro;Dupla;Não Informado;Não;4;0;2;0;1;1;2;3;-24.85109616;-48.21802405;SPRF-SP;DEL05-SP;UOP02-DEL05-SP;513.0;-24.85109616;-48.21802405;2023-05-10;2023;5;2023-05;6;Manha;0;0;2;2
522239;2023-05-10;quarta-feira;19:30:00;SP;116.0;65.7;GUARATINGUETA;Demais falhas mecânicas ou elétricas;Colisão com objeto;Sem Vítimas;Plena Noite;Crescente;Chuva;Dupla;Curva;Não;1;0;0;0;1;0;0;1;-22.823273;-45.192806;SPRF-SP;DEL08-SP;UOP01-DEL08-SP;65.7;-22.823273;-45.192806;2023-05-10;2023;5;2023-05;19;Noite;0;0;0;2
522083;2023-05-10;quarta-feira;06:00:00;SP;116.0;210;GUARULHOS;Acesso irregular;Colisão transversal;Com Vítimas Feridas;Pleno dia;Decrescente;Céu Claro;Simples;Reta;Sim;3;0;0;1;1;1;1;3;-23.42870023;-46.41085991;SPRF-SP;DEL01-SP;UOP01-DEL01-SP;210.0;-23.42870023;-46.41085991;2023-05-10;2023;5;2023-05;6;Manha;0;1;3;2
522109;2023-05-10;quarta-feira;09:00:00;SP;116.0;227;GUARULHOS;Manobra de mudança de faixa;Colisão lateral mesmo sentido;Sem Vítimas;Pleno dia;Crescente;Garoa/Chuvisco;Múltipla;Reta;Sim;2;0;0;0;2;0;0;2;-23.49775803;-46.55901165;SPRF-SP;DEL01-SP;UOP01-DEL01-SP;227.0;-23.49775803;-46.55901165;2023-05-10;2023;5;2023-05;9;Manha;0;0;0;2
522172;2023-05-10;quarta-feira;14:30:00;SP;116.0;438.9;REGISTRO;Reação tardia ou ineficiente do condutor;Colisão traseira;Com Vítimas Feridas;Pleno dia;Crescente;Nublado;Dupla;Não Informado;Não;2;0;1;0;1;0;1;2;-24.44811308;-47.80555693;SPRF-SP;DEL05-SP;UOP01-DEL05-SP;438.9;-24.44811308;-47.80555693;2023-05-10;2023;5;2023-05;14;Tarde;0;0;1;2
522194;2023-05-10;quarta-feira;16:26:00;SP;116.0;157;SAO JOSE DOS CAMPOS;Ausência de reação do condutor;Queda de ocupante de veículo;Com Vítimas Feridas;Pleno dia;Crescente;Céu Claro;Dupla;Reta;Sim;1;0;1;0;0;0;1;1;-23.25558031;-45.9437828;SPRF-SP;DEL02-SP;UOP01-DEL02-SP;157.0;-23.25558031;-45.9437828;2023-05-10;2023;5;2023-05;16;Tarde;0;0;1;2
522117;2023-05-10;quarta-feira;07:15:00;SP;381.0;88;SAO PAULO;Manobra de mudança de faixa;Colisão lateral mesmo sentido;Com Vítimas Feridas;Pleno dia;Crescente;Garoa/Chuvisco;Múltipla;Reta;Sim;2;0;1;0;1;0;1;2;-23.47469314;-46.56112919;SPRF-SP;DEL03-SP;UOP01-DEL03-SP;88.0;-23.47469314;-46.56112919;2023-05-10;2023;5;2023-05;7;Manha;0;0;1;2
522215;2023-05-10;quarta-feira;18:00:00;SP;101.0;18.9;UBATUBA;Pedestre andava na pista;Atropelamento de Pedestre;Com Vítimas Feridas;Plena Noite;Decrescente;Chuva;Simples;Reta;Não;2;0;1;1;0;0;2;1;-23.31746811;-44.899601;SPRF-SP;DEL06-SP;UOP01-DEL06-SP;18.9;-23.31746811;-44.899601;2023-05-10;2023;5;2023-05;18;Noite;0;1;4;2
522289;2023-05-11;quinta-feira;09:20:00;SP;488.0;1;APARECIDA;Ausência de reação do condutor;Colisão lateral mesmo sentido;Com Vítimas Feridas;Pleno dia;Crescente;Céu Claro;Dupla;Reta;Sim;2;0;1;0;1;0;1;2;-22.850164;-45.231808;SPRF-SP;DEL08-SP;UOP01-DEL08-SP;1.0;-22.850164;-45.231808;2023-05-11;2023;5;2023-05;9;Manha;0;0;1;3
522397;2023-05-11;quinta-feira;17:00:00;SP;381.0;30.4;ATIBAIA;Animais na Pista;Engavetamento;Com Vítimas Feridas;Pleno dia;Decrescente;Céu Claro;Dupla;Não Informado;Não;4;0;1;0;3;0;1;4;-23.04885102;-46.56482797;SPRF-SP;DEL03-SP;UOP02-DEL03-SP;30.4;-23.04885102;-46.56482797;2023-05-11;2023;5;2023-05;17;Tarde;0;0;1;3
522358;2023-05-11;quinta-feira;11:12:00;SP;116.0;541;BARRA DO TURVO;Reação tardia ou ineficiente do condutor;Colisão traseira;Com Vítimas Feridas;Pleno dia;Crescente;Nublado;Dupla;Não Informado;Não;2;0;1;0;1;0;1;2;-24.97245688;-48.39976606;SPRF-SP;DEL05-SP;UOP02-DEL05-SP;541.0;-24.97245688;-48.39976606;2023-05-11;2023;5;2023-05;11;Manha;0;0;1;3
522416;2023-05-11;quinta-feira;17:52:00;SP;116.0;282;EMBU DAS ARTES;Condutor deixou de manter distância do veículo da frente;Colisão traseira;Com Vítimas Feridas;Amanhecer;Crescente;Céu Claro;Dupla;Reta;Sim;2;0;1;0;0;1;1;2;-23.68570216;-46.85970975;SPRF-SP;DEL04-SP;UOP01-DEL04-SP;282.0;-23.68570216;-46.85970975;2023-05-11;2023;5;2023-05;17;Tarde;0;0;1;3
522252;2023-05-11;quinta-feira;06:30:00;SP;116.0;206.5;GUARULHOS;Reação tardia ou ineficiente do condutor;Colisão traseira;Com Vítimas Feridas;Pleno dia;Crescente;Céu Claro;Múltipla;Reta;Não;5;0;2;0;2;1;2;4;-23.41722629;-46.37510292;SPRF-SP;DEL01-SP;UOP01-DEL01-SP;206.5;-23.41722629;-46.37510292;2023-05-11;2023;5;2023-05;6;Manha;0;0;2;3
522257;2023-05-11;quinta-feira;07:15:00;SP;116.0;219.7;GUARULHOS;Trafegar com motocicleta (ou similar) entre as faixas;Colisão traseira;Com Vítimas Feridas;Pleno dia;Crescente;Nublado;Múltipla;Reta;Sim;2;0;1;0;1;0;1;2;-23.46143954;-46.48885316;SPRF-SP;DEL01-SP;UOP01-DEL01-SP;219.7;-23.46143954;-46.48885316;2023-05-11;2023;5;2023-05;7;Manha;0;0;1;3
522333;2023-05-11;quinta-feira;10:28:00;SP;381.0;88;GUARULHOS;Reação tardia ou ineficiente do condutor;Colisão lateral mesmo sentido;Com Vítimas Feridas;Pleno dia;Crescente;Céu Claro;Múltipla;Reta;Sim;2;0;2;0;0;0;2;2;-23.47469314;-46.56112919;SPRF-SP;DEL03-SP;UOP01-DEL03-SP;88.0;-23.47469314;-46.56112919;2023-05-11;2023;5;2023-05;10;Manha;0;0;2;3
522388;2023-05-11;quinta-feira;17:25:00;SP;116.0;295;ITAPECERICA DA SERRA;Reação tardia ou ineficiente do condutor;Colisão traseira;Com Vítimas Feridas;Plena Noite;Crescente;Céu Claro;Dupla;Reta;Não;3;0;2;0;1;0;2;2;-23.76855719;-46.90957373;SPRF-SP;DEL04-SP;UOP01-DEL04-SP;295.0;-23.76855719;-46.90957373;2023-05-11;2023;5;2023-05;17;Tarde;0;0;2;3
522379;2023-05-11;quinta-feira;16:30:00;SP;116.0;167;JACAREI;Acesso irregular;Tombamento;Com Vítimas Feridas;Pleno dia;Decrescente;Céu Claro;Dupla;Não Informado;Não;1;0;1;0;0;0;1;1;-23.30254924;-46.02640493;SPRF-SP;DEL02-SP;UOP01-DEL02-SP;167.0;-23.30254924;-46.02640493;2023-05-11;2023;5;2023-05;16;Tarde;0;0;1;3
522263;2023-05-11;quinta-feira;07:15:00;SP;153.0;63;SAO JOSE DO RIO PRETO;Condutor deixou de manter distância do veículo da frente;Colisão traseira;Com Vítimas Feridas;Pleno dia;Crescente;Céu Claro;Dupla;Não Informado;Sim;2;0;1;0;1;0;1;2;-20.82149698;-49.35764818;SPRF-SP;DEL09-SP;UOP01-DEL09-SP;63.0;-20.82149698;-49.35764818;2023-05-11;2023;5;2023-05;7;Manha;0;0;1;3
522245;2023-05-11;quinta-feira;04:00:00;SP;116.0;146.6;SAO JOSE DOS CAMPOS;Ausência de reação do condutor;Colisão com objeto;Com Vítimas Fatais;Plena Noite;Decrescente;Céu Claro;Dupla;Reta;Não;3;1;0;1;0;1;1;2;-23.19122919;-45.86327591;SPRF-SP;DEL02-SP;UOP01-DEL02-SP;146.6;-23.19122919;-45.86327591;2023-05-11;2023;5;2023-05;4;Madrugada;1;1;8;3
522272;2023-05-11;quinta-feira;08:10:00;SP;116.0;152;SAO JOSE DOS CAMPOS;Ausência de reação do condutor;Colisão traseira;Com Vítimas Feridas;Pleno dia;Decrescente;Céu Claro;Dupla;Reta;Sim;1;0;1;0;0;0;1;1;-23.22620401;-45.90682999;SPRF-SP;DEL02-SP;UOP01-DEL02-SP;152.0;-23.22620401;-45.90682999;2023-05-11;2023;5;2023-05;8;Manha;0;0;1;3
522285;2023-05-11;quinta-feira;08:50:00;SP;116.0;144.8;SAO JOSE DOS CAMPOS;Reação tardia ou ineficiente do condutor;Colisão lateral mesmo sentido;Com Vítimas Feridas;Pleno dia;Crescente;Nublado;Dupla;Não Informado;Sim;2;0;1;0;1;0;1;2;-23.18274416;-45.84633592;SPRF-SP;DEL02-SP;UOP01-DEL02-SP;144.8;-23.18274416;-45.84633592;2023-05-11;2023;5;2023-05;8;Manha;0;0;1;3
522425;2023-05-11;quinta-feira;16:20:00;SP;381.0;82;SAO PAULO;Ausência de reação do condutor;Colisão com objeto;Com Vítimas Feridas;Anoitecer;Decrescente;Céu Claro;Dupla;Reta;Sim;1;0;0;1;0;0;1;1;-23.42399;-46.575112;SPRF-SP;DEL03-SP;UOP01-DEL03-SP;82.0;-23.42399;-46.575112;2023-05-11;2023;5;2023-05;16;Tarde;0;1;3;3
522391;2023-05-11;quinta-feira;14:00:00;SP;101.0;47;UBATUBA;Acessar a via sem observar a presença dos outros veículos;Colisão traseira;Com Vítimas Feridas;Pleno dia;Decrescente;Céu Claro;Dupla;Rotatória;Sim;2;0;1;0;0;1;1;2;-23.429897;-45.082436;SPRF-SP;DEL06-SP;UOP01-DEL06-SP;47.0;-23.429897;-45.082436;2023-05-11;2023;5;2023-05;14;Tarde;0;0;1;3
522526;2023-05-12;sexta-feira;11:45:00;SP;381.0;39;ATIBAIA;Ultrapassagem Indevida;Colisão lateral mesmo sentido;Com Vítimas Feridas;Pleno dia;Decrescente;Céu Claro;Dupla;Não Informado;Não;3;0;1;0;2;0;1;2;-23.1215761;-46.57471572;SPRF-SP;DEL03-SP;UOP01-DEL03-SP;39.0;-23.1215761;-46.57471572;2023-05-12;2023;5;2023-05;11;Manha;0;0;1;4
522659;2023-05-12;sexta-feira;22:25:00;SP;116.0;280.5;EMBU DAS ARTES;Acesso irregular;Saída de leito carroçável;Com Vítimas Fatais;Plena Noite;Decrescente;Céu Claro;Dupla;Reta;Sim;2;1;0;0;1;0;0;2;-23.66996108;-46.85590758;SPRF-SP;DEL04-SP;UOP01-DEL04-SP;280.5;-23.66996108;-46.85590758;2023-05-12;2023;5;2023-05;22;Noite;1;1;5;4
522673;2023-05-12;sexta-feira;23:30:00;SP;116.0;283.3;EMBU DAS ARTES;Velocidade Incompatível;Colisão traseira;Sem Vítimas;Plena Noite;Decrescente;Nublado;Dupla;Reta;Sim;3;0;0;0;2;1;0;2;-23.69297005;-46.86352786;SPRF-SP;DEL04-SP;UOP01-DEL04-SP;283.3;-23.69297005;-46.86352786;2023-05-12;2023;5;2023-05;23;Noite;0;0;0;4
522531;2023-05-12;sexta-feira;10:40:00;SP;153.0;107.7;JOSE BONIFACIO;Reação tardia ou ineficiente do condutor;Engavetamento;Sem Vítimas;Pleno dia;Decrescente;Céu Claro;Dupla;Reta;Não;3;0;0;0;3;0;0;3;-21.06388847;-49.66255104;SPRF-SP;DEL09-SP;UOP01-DEL09-SP;107.7;-21.06388847;-49.66255104;2023-05-12;2023;5;2023-05;10;Manha;0;0;0;4
522503;2023-05-12;sexta-feira;08:00:00;SP;153.0;15;NOVA GRANADA;Manobra de mudança de faixa;Colisão traseira;Sem Vítimas;Pleno dia;Crescente;Céu Claro;Simples;Ponte;Não;4;0;0;0;4;0;0;4;-20.41959884;-49.2683851;SPRF-SP;DEL09-SP;UOP01-DEL09-SP;15.0;-20.41959884;-49.2683851;2023-05-12;2023;5;2023-05;8;Manha;0;0;0;4
522590;2023-05-12;sexta-feira;17:10:00;SP;116.0;445;REGISTRO;Ausência de reação do condutor;Saída de leito carroçável;Com Vítimas Feridas;Pleno dia;Decrescente;Céu Claro;Múltipla;Curva;Sim;1;0;1;0;0;0;1;1;-24.49790715;-47.84208686;SPRF-SP;DEL05-SP;UOP01-DEL05-SP;445.0;-24.49790715;-47.84208686;2023-05-12;2023;5;2023-05;17;Tarde;0;0;1;4
522505;2023-05-12;sexta-feira;09:03:00;SP;116.0;156.1;SAO JOSE DOS CAMPOS;Condutor deixou de manter distância do veículo da frente;Engavetamento;Com Vítimas Feridas;Pleno dia;Decrescente;Céu Claro;Múltipla;Reta;Sim;3;0;1;0;2;0;1;3;-23.25044084;-45.93572909;SPRF-SP;DEL02-SP;UOP01-DEL02-SP;156.1;-23.25044084;-45.93572909;2023-05-12;2023;5;2023-05;9;Manha;0;0;1;4
522589;2023-05-12;sexta-feira;17:33:00;SP;116.0;147;SAO JOSE DOS CAMPOS;Manobra de mudança de faixa;Colisão lateral mesmo sentido;Com Vítimas Feridas;Anoitecer;Decrescente;Céu Claro;Dupla;Reta;Sim;2;0;1;0;1;0;1;2;-23.19542994;-45.87176303;SPRF-SP;DEL02-SP;UOP01-DEL02-SP;147.0;-23.19542994;-45.87176303;2023-05-12;2023;5;2023-05;17;Tarde;0;0;1;4
522622;2023-05-12;sexta-feira;19:46:00;SP;116.0;143.6;SAO JOSE DOS CAMPOS;Ausência de reação do condutor;Engavetamento;Sem Vítimas;Plena Noite;Decrescente;Céu Claro;Dupla;Reta;Sim;4;0;0;0;4;0;0;4;-23.17849879;-45.83787411;SPRF-SP;DEL02-SP;UOP01-DEL02-SP;143.6;-23.17849879;-45.83787411;2023-05-12;2023;5;2023-05;19;Noite;0;0;0;4
522520;2023-05-12;sexta-feira;11:20:00;SP;116.0;227;SAO PAULO;Ausência de reação do condutor;Colisão traseira;Com Vítimas Feridas;Pleno dia;Crescente;Céu Claro;Dupla;Reta;Sim;3;0;2;0;1;0;2;2;-23.49659264;-46.55648754;SPRF-SP;DEL01-SP;UOP01-DEL01-SP;227.0;-23.49659264;-46.55648754;2023-05-12;2023;5;2023-05;11;Manha;0;0;2;4
522558;2023-05-12;sexta-feira;13:20:00;SP;116.0;271;TABOAO DA SERRA;Manobra de mudança de faixa;Colisão lateral mesmo sentido;Com Vítimas Feridas;Pleno dia;Crescente;Céu Claro;Múltipla;Reta;Sim;2;0;1;0;1;0;1;2;-23.60743544;-46.76498674;SPRF-SP;DEL04-SP;UOP01-DEL04-SP;271.0;-23.60743544;-46.76498674;2023-05-12;2023;5;2023-05;13;Tarde;0;0;1;4
522522;2023-05-12;sexta-feira;11:20:00;SP;101.0;38;UBATUBA;Acessar a via sem observar a presença dos outros veículos;Colisão transversal;Com Vítimas Feridas;Pleno dia;Crescente;Sol;Simples;Não Informado;Não;2;0;1;0;1;0;1;2;-23.41072042;-45.01967669;SPRF-SP;DEL06-SP;UOP01-DEL06-SP;38.0;-23.41072042;-45.01967669;2023-05-12;2023;5;2023-05;11;Manha;0;0;1;4
522796;2023-05-13;sabado;14:30:00;SP;116.0;72.2;APARECIDA;Condutor usando celular;Colisão com objeto;Com Vítimas Feridas;Pleno dia;Crescente;Céu Claro;Dupla;Não Informado;Não;3;0;1;1;0;1;2;2;-22.86354218;-45.23746093;SPRF-SP;DEL08-SP;UOP01-DEL08-SP;72.2;-22.86354218;-45.23746093;2023-05-13;2023;5;2023-05;14;Tarde;0;1;4;5
522860;2023-05-13;sabado;18:30:00;SP;116.0;274.3;EMBU DAS ARTES;Trafegar com motocicleta (ou similar) entre as faixas;Tombamento;Com Vítimas Feridas;Plena Noite;Decrescente;Nublado;Dupla;Reta;Sim;2;0;0;1;0;1;1;2;-23.63445084;-46.82418514;SPRF-SP;DEL04-SP;UOP01-DEL04-SP;274.3;-23.63445084;-46.82418514;2023-05-13;2023;5;2023-05;18;Noite;0;1;3;5
522674;2023-05-13;sabado;02:30:00;SP;116.0;218;GUARULHOS;Velocidade Incompatível;Colisão traseira;Com Vítimas Feridas;Plena Noite;Decrescente;Garoa/Chuvisco;Múltipla;Reta;Não;2;0;1;0;1;0;1;2;-23.457972;-46.479927;SPRF-SP;DEL01-SP;UOP01-DEL01-SP;218.0;-23.457972;-46.479927;2023-05-13;2023;5;2023-05;2;Madrugada;0;0;1;5
522835;2023-05-13;sabado;18:10:00;SP;116.0;219;GUARULHOS;Ausência de reação do condutor;Colisão com objeto;Com Vítimas Feridas;Plena Noite;Crescente;Nublado;Múltipla;Curva;Não;1;0;1;0;0;0;1;1;-23.46143954;-46.48885316;SPRF-SP;DEL01-SP;UOP01-DEL01-SP;219.0;-23.46143954;-46.48885316;2023-05-13;2023;5;2023-05;18;Noite;0;0;1;5
523390;2023-05-13;sabado;08:10:00;SP;116.0;290;ITAPECERICA DA SERRA;Ausência de reação do condutor;Saída de leito carroçável;Sem Vítimas;Pleno dia;Crescente;Céu Claro;Dupla;Reta;Não;1;0;0;0;0;1;0;1;-23.7303281;-46.89425963;SPRF-SP;DEL04-SP;UOP01-DEL04-SP;290.0;-23.7303281;-46.89425963;2023-05-13;2023;5;2023-05;8;Manha;0;0;0;5
522896;2023-05-13;sabado;22:30:00;SP;116.0;474;JACUPIRANGA;Mal súbito do condutor;Colisão traseira;Com Vítimas Feridas;Plena Noite;Crescente;Nevoeiro/Neblina;Dupla;Reta;Não;5;0;2;0;3;0;2;2;-24.68015127;-47.98251273;SPRF-SP;DEL05-SP;UOP01-DEL05-SP;474.0;-24.68015127;-47.98251273;2023-05-13;2023;5;2023-05;22;Noite;0;0;2;5
523242;2023-05-13;sabado;22:05:00;SP;116.0;317;JUQUITIBA;Manobra de mudança de faixa;Colisão lateral mesmo sentido;Sem Vítimas;Pleno dia;Crescente;Céu Claro;Múltipla;Reta;Não;2;0;0;0;2;0;0;2;-23.91799802;-46.98973192;SPRF-SP;DEL04-SP;UOP03-DEL04-SP;317.0;-23.91799802;-46.98973192;2023-05-13;2023;5;2023-05;22;Noite;0;0;0;5
522683;2023-05-13;sabado;02:20:00;SP;116.0;375.5;MIRACATU;Ausência de reação do condutor;Saída de leito carroçável;Com Vítimas Feridas;Plena Noite;Crescente;Nevoeiro/Neblina;Dupla;Reta;Não;2;0;1;0;1;0;1;1;-24.18239098;-47.35448801;SPRF-SP;DEL04-SP;UOP02-DEL04-SP;375.5;-24.18239098;-47.35448801;2023-05-13;2023;5;2023-05;2;Madrugada;0;0;1;5
522878;2023-05-13;sabado;21:55:00;SP;153.0;27.3;NOVA GRANADA;Ingestão de álcool pelo condutor;Colisão frontal;Com Vítimas Feridas;Pleno dia;Crescente;Céu Claro;Simples;Curva;Não;2;0;1;0;1;0;1;2;-20.51309795;-49.32308726;SPRF-SP;DEL09-SP;UOP01-DEL09-SP;27.3;-20.51309795;-49.32308726;2023-05-13;2023;5;2023-05;21;Noite;0;0;1;5
522676;2023-05-13;sabado;01:50:00;SP;116.0;101;PINDAMONHANGABA;Ausência de reação do condutor;Saída de leito carroçável;Com Vítimas Feridas;Plena Noite;Decrescente;Céu Claro;Múltipla;Não Informado;Não;1;0;1;0;0;0;1;1;-22.99074204;-45.48115098;SPRF-SP;DEL08-SP;UOP01-DEL08-SP;101.0;-22.99074204;-45.48115098;2023-05-13;2023;5;2023-05;1;Madrugada;0;0;1;5
522909;2023-05-13;sabado;22:10:00;SP;116.0;90.1;PINDAMONHANGABA;Animais na Pista;Atropelamento de Animal;Com Vítimas Feridas;Plena Noite;Crescente;Céu Claro;Dupla;Reta;Sim;1;0;0;1;0;0;1;1;-22.94361839;-45.3873088;SPRF-SP;DEL08-SP;UOP01-DEL08-SP;90.1;-22.94361839;-45.3873088;2023-05-13;2023;5;2023-05;22;Noite;0;1;3;5
522802;2023-05-13;sabado;15:45:00;SP;116.0;446;REGISTRO;Reação tardia ou ineficiente do condutor;Queda de ocupante de veículo;Com Vítimas Feridas;Pleno dia;Decrescente;Céu Claro;Dupla;Reta;Sim;1;0;1;0;0;0;1;1;-24.50467087;-47.84772743;SPRF-SP;DEL05-SP;UOP01-DEL05-SP;446.0;-24.50467087;-47.84772743;2023-05-13;2023;5;2023-05;15;Tarde;0;0;1;5
522666;2023-05-13;sabado;00:41:00;SP;116.0;147.5;SAO JOSE DOS CAMPOS;Ausência de reação do condutor;Saída de leito carroçável;Com Vítimas Feridas;Plena Noite;Crescente;Nublado;Dupla;Reta;Não;2;0;0;2;0;0;2;2;-23.19542994;-45.87176303;SPRF-SP;DEL02-SP;UOP01-DEL02-SP;147.5;-23.19542994;-45.87176303;2023-05-13;2023;5;2023-05;0;Madrugada;0;1;6;5
522853;2023-05-13;sabado;19:15:00;SP;116.0;230;SAO PAULO;Manobra de mudança de faixa;Engavetamento;Com Vítimas Feridas;Plena Noite;Crescente;Céu Claro;Múltipla;Reta;Sim;6;0;4;0;2;0;4;3;-23.52251783;-46.5855702;SPRF-SP;DEL01-SP;UOP01-DEL01-SP;230.0;-23.52251783;-46.5855702;2023-05-13;2023;5;2023-05;19;Noite;0;0;4;5
531033;2023-05-13;sabado;21:30:00;SP;116.0;269;TABOAO DA SERRA;Reação tardia ou ineficiente do condutor;Colisão traseira;Com Vítimas Feridas;Plena Noite;Decrescente;Céu Claro;Múltipla;Reta;Sim;3;0;3;0;0;0;3;2;-23.61593059;-46.78826044;SPRF-SP;DEL04-SP;UOP01-DEL04-SP;269.0;-23.61593059;-46.78826044;2023-05-13;2023;5;2023-05;21;Noite;0;0;3;5
523025;2023-05-14;domingo;13:30:00;SP;381.0;45;ATIBAIA;Reação tardia ou ineficiente do condutor;Colisão com objeto;Com Vítimas Feridas;Pleno dia;Crescente;Céu Claro;Múltipla;Reta;Não;1;0;1;0;0;0;1;1;-23.17274184;-46.57748439;SPRF-SP;DEL03-SP;UOP01-DEL03-SP;45.0;-23.17274184;-46.57748439;2023-05-14;2023;5;2023-05;13;Tarde;0;0;1;6
523023;2023-05-14;domingo;12:45:00;SP;116.0;225.4;GUARULHOS;Ausência de reação do condutor;Colisão traseira;Com Vítimas Feridas;Pleno dia;Crescente;Céu Claro;Múltipla;Reta;Sim;3;0;2;0;1;0;2;2;-23.48586772;-46.54075317;SPRF-SP;DEL01-SP;UOP01-DEL01-SP;225.4;-23.48586772;-46.54075317;2023-05-14;2023;5;2023-05;12;Tarde;0;0;2;6
523041;2023-05-14;domingo;15:20:00;SP;381.0;86;GUARULHOS;Ausência de reação do condutor;Colisão com objeto;Com Vítimas Feridas;Pleno dia;Decrescente;Céu Claro;Múltipla;Curva;Não;2;0;1;0;0;1;1;2;-23.45930499;-46.57161179;SPRF-SP;DEL03-SP;UOP01-DEL03-SP;86.0;-23.45930499;-46.57161179;2023-05-14;2023;5;2023-05;15;Tarde;0;0;1;6
523094;2023-05-14;domingo;19:25:00;SP;116.0;208;GUARULHOS;Manobra de mudança de faixa;Colisão lateral mesmo sentido;Com Vítimas Feridas;Plena Noite;Crescente;Céu Claro;Múltipla;Reta;Não;2;0;1;0;1;0;1;2;-23.42222263;-46.3932771;SPRF-SP;DEL01-SP;UOP01-DEL01-SP;208.0;-23.42222263;-46.3932771;2023-05-14;2023;5;2023-05;19;Noite;0;0;1;6
523139;2023-05-14;domingo;21:40:00;SP;116.0;208;GUARULHOS;Reação tardia ou ineficiente do condutor;Engavetamento;Com Vítimas Feridas;Plena Noite;Crescente;Céu Claro;Múltipla;Reta;Sim;10;0;2;0;8;0;2;3;-23.42222263;-46.3932771;SPRF-SP;DEL01-SP;UOP01-DEL01-SP;208.0;-23.42222263;-46.3932771;2023-05-14;2023;5;2023-05;21;Noite;0;0;2;6
533626;2023-05-14;domingo;01:20:00;SP;116.0;223;GUARULHOS;Reação tardia ou ineficiente do condutor;Colisão transversal;Com Vítimas Feridas;Plena Noite;Crescente;Nublado;Múltipla;Reta;Sim;4;0;2;0;2;0;2;2;-23.48128644;-46.53419003;SPRF-SP;DEL01-SP;UOP01-DEL01-SP;223.0;-23.48128644;-46.53419003;2023-05-14;2023;5;2023-05;1;Madrugada;0;0;2;6
522966;2023-05-14;domingo;05:55:00;SP;116.0;55;LORENA;Avarias e/ou desgaste excessivo no pneu;Queda de ocupante de veículo;Com Vítimas Feridas;Amanhecer;Crescente;Nublado;Dupla;Reta;Não;2;0;1;0;1;0;1;1;-22.76356421;-45.12272385;SPRF-SP;DEL08-SP;UOP02-DEL08-SP;55.0;-22.76356421;-45.12272385;2023-05-14;2023;5;2023-05;5;Madrugada;0;0;1;6
523053;2023-05-14;domingo;16:00:00;SP;116.0;443;REGISTRO;Demais falhas mecânicas ou elétricas;Tombamento;Com Vítimas Feridas;Pleno dia;Decrescente;Sol;Dupla;Não Informado;Não;1;0;1;0;0;0;1;1;-24.48336513;-47.8324358;SPRF-SP;DEL05-SP;UOP01-DEL05-SP;443.0;-24.48336513;-47.8324358;2023-05-14;2023;5;2023-05;16;Tarde;0;0;1;6
523102;2023-05-14;domingo;19:25:00;SP;153.0;65.1;SAO JOSE DO RIO PRETO;Reação tardia ou ineficiente do condutor;Colisão traseira;Com Vítimas Feridas;Plena Noite;Crescente;Céu Claro;Dupla;Não Informado;Não;3;0;1;0;2;0;1;2;-20.8355877;-49.36570039;SPRF-SP;DEL09-SP;UOP01-DEL09-SP;65.1;-20.8355877;-49.36570039;2023-05-14;2023;5;2023-05;19;Noite;0;0;1;6
523051;2023-05-14;domingo;16:40:00;SP;116.0;108;TAUBATE;Manobra de mudança de faixa;Colisão lateral mesmo sentido;Com Vítimas Feridas;Pleno dia;Crescente;Céu Claro;Dupla;Reta;Não;3;0;0;1;2;0;1;2;-23.0233097;-45.53763622;SPRF-SP;DEL02-SP;UOP02-DEL02-SP;108.0;-23.0233097;-45.53763622;2023-05-14;2023;5;2023-05;16;Tarde;0;1;3;6
523223;2023-05-15;segunda-feira;07:50:00;SP;381.0;39.8;ATIBAIA;Reação tardia ou ineficiente do condutor;Engavetamento;Com Vítimas Feridas;Pleno dia;Decrescente;Nublado;Dupla;Não Informado;Sim;9;0;1;0;8;0;1;4;-23.1215761;-46.57471572;SPRF-SP;DEL03-SP;UOP01-DEL03-SP;39.8;-23.1215761;-46.57471572;2023-05-15;2023;5;2023-05;7;Manha;0;0;1;0
523331;2023-05-15;segunda-feira;20:20:00;SP;116.0;129.4;CACAPAVA;Reação tardia ou ineficiente do condutor;Tombamento;Com Vítimas Feridas;Plena Noite;Crescente;Céu Claro;Dupla;Reta;Não;2;0;1;0;0;1;1;1;-23.11885593;-45.71948203;SPRF-SP;DEL02-SP;UOP02-DEL02-SP;129.4;-23.11885593;-45.71948203;2023-05-15;2023;5;2023-05;20;Noite;0;0;1;0
523255;2023-05-15;segunda-feira;11:03:00;SP;116.0;521;CAJATI;Demais falhas mecânicas ou elétricas;Incêndio;Sem Vítimas;Pleno dia;Crescente;Céu Claro;Simples;Reta;Não;1;0;0;0;1;0;0;1;-24.8997218;-48.24745938;SPRF-SP;DEL05-SP;UOP02-DEL05-SP;521.0;-24.8997218;-48.24745938;2023-05-15;2023;5;2023-05;11;Manha;0;0;0;0
523188;2023-05-15;segunda-feira;05:26:00;SP;116.0;282;EMBU DAS ARTES;Acessar a via sem observar a presença dos outros veículos;Colisão lateral mesmo sentido;Sem Vítimas;Amanhecer;Decrescente;Nevoeiro/Neblina;Dupla;Reta;Sim;4;0;0;0;4;0;0;2;-23.68570216;-46.85970975;SPRF-SP;DEL04-SP;UOP01-DEL04-SP;282.0;-23.68570216;-46.85970975;2023-05-15;2023;5;2023-05;5;Madrugada;0;0;0;0
523265;2023-05-15;segunda-feira;11:20:00;SP;116.0;279;EMBU DAS ARTES;Manobra de mudança de faixa;Colisão lateral mesmo sentido;Com Vítimas Feridas;Pleno dia;Decrescente;Céu Claro;Dupla;Reta;Não;2;0;1;0;1;0;1;2;-23.66233697;-46.85292907;SPRF-SP;DEL04-SP;UOP01-DEL04-SP;279.0;-23.66233697;-46.85292907;2023-05-15;2023;5;2023-05;11;Manha;0;0;1;0
523304;2023-05-15;segunda-feira;16:56:00;SP;381.0;89;GUARULHOS;Ausência de reação do condutor;Queda de ocupante de veículo;Com Vítimas Feridas;Anoitecer;Crescente;Céu Claro;Dupla;Reta;Sim;3;0;1;0;2;0;1;2;-23.48469299;-46.55983288;SPRF-SP;DEL03-SP;UOP01-DEL03-SP;89.0;-23.48469299;-46.55983288;2023-05-15;2023;5;2023-05;16;Tarde;0;0;1;0
523206;2023-05-15;segunda-feira;06:35:00;SP;153.0;111;JOSE BONIFACIO;Ausência de reação do condutor;Capotamento;Com Vítimas Feridas;Amanhecer;Crescente;Céu Claro;Simples;Desvio Temporário;Não;1;0;1;0;0;0;1;1;-21.0966259;-49.67870622;SPRF-SP;DEL09-SP;UOP01-DEL09-SP;111.0;-21.0966259;-49.67870622;2023-05-15;2023;5;2023-05;6;Manha;0;0;1;0
523209;2023-05-15;segunda-feira;00:56:00;SP;381.0;66;MAIRIPORA;Reação tardia ou ineficiente do condutor;Queda de ocupante de veículo;Com Vítimas Feridas;Plena Noite;Decrescente;Céu Claro;Dupla;Reta;Não;1;0;1;0;0;0;1;1;-23.32451103;-46.58021504;SPRF-SP;DEL03-SP;UOP01-DEL03-SP;66.0;-23.32451103;-46.58021504;2023-05-15;2023;5;2023-05;0;Madrugada;0;0;1;0
523365;2023-05-15;segunda-feira;21:45:00;SP;116.0;99.3;PINDAMONHANGABA;Curva acentuada;Queda de ocupante de veículo;Com Vítimas Feridas;Plena Noite;Decrescente;Chuva;Simples;Curva;Não;2;0;2;0;0;0;2;1;-22.98236971;-45.46436617;SPRF-SP;DEL08-SP;UOP01-DEL08-SP;99.3;-22.98236971;-45.46436617;2023-05-15;2023;5;2023-05;21;Noite;0;0;2;0
523232;2023-05-15;segunda-feira;08:20:00;SP;116.0;219.8;SAO PAULO;Trafegar com motocicleta (ou similar) entre as faixas;Colisão lateral mesmo sentido;Com Vítimas Feridas;Pleno dia;Crescente;Céu Claro;Múltipla;Reta;Sim;2;0;1;0;1;0;1;2;-23.46143954;-46.48885316;SPRF-SP;DEL01-SP;UOP01-DEL01-SP;219.8;-23.46143954;-46.48885316;2023-05-15;2023;5;2023-05;8;Manha;0;0;1;0
523374;2023-05-15;segunda-feira;17:15:00;SP;116.0;230;SAO PAULO;Velocidade Incompatível;Colisão com objeto;Com Vítimas Feridas;Anoitecer;Crescente;Céu Claro;Múltipla;Reta;Sim;2;0;1;0;1;0;1;1;-23.52251783;-46.5855702;SPRF-SP;DEL01-SP;UOP01-DEL01-SP;230.0;-23.52251783;-46.5855702;2023-05-15;2023;5;2023-05;17;Tarde;0;0;1;0
536023;2023-05-15;segunda-feira;02:00:00;SP;116.0;228;SAO PAULO;Ausência de reação do condutor;Colisão traseira;Com Vítimas Feridas;Plena Noite;Crescente;Nublado;Múltipla;Reta;Sim;3;0;0;1;2;0;1;3;-23.50343484;-46.56638712;SPRF-SP;DEL01-SP;UOP01-DEL01-SP;228.0;-23.50343484;-46.56638712;2023-05-15;2023;5;2023-05;2;Madrugada;0;1;3;0
529831;2023-05-15;segunda-feira;19:00:00;SP;116.0;104.2;TAUBATE;Entrada inopinada do pedestre;Atropelamento de Pedestre;Com Vítimas Feridas;Plena Noite;Crescente;Céu Claro;Dupla;Não Informado;Não;2;0;0;1;0;1;1;1;-23.00340176;-45.50626912;SPRF-SP;DEL02-SP;UOP02-DEL02-SP;104.2;-23.00340176;-45.50626912;2023-05-15;2023;5;2023-05;19;Noite;0;1;3;0
523396;2023-05-16;terca-feira;09:20:00;SP;116.0;282;EMBU DAS ARTES;Ultrapassagem Indevida;Colisão lateral mesmo sentido;Com Vítimas Feridas;Pleno dia;Decrescente;Céu Claro;Dupla;Reta;Não;2;0;1;0;1;0;1;2;-23.68570216;-46.85970975;SPRF-SP;DEL04-SP;UOP01-DEL04-SP;282.0;-23.68570216;-46.85970975;2023-05-16;2023;5;2023-05;9;Manha;0;0;1;1
523403;2023-05-16;terca-feira;09:30:00;SP;116.0;357;MIRACATU;Ausência de reação do condutor;Colisão traseira;Sem Vítimas;Pleno dia;Decrescente;Sol;Dupla;Não Informado;Não;2;0;0;0;2;0;0;2;-24.09799899;-47.2538542;SPRF-SP;DEL04-SP;UOP03-DEL04-SP;357.0;-24.09799899;-47.2538542;2023-05-16;2023;5;2023-05;9;Manha;0;0;0;1
523383;2023-05-16;terca-feira;06:15:00;SP;116.0;447;REGISTRO;Condutor Dormindo;Tombamento;Com Vítimas Feridas;Pleno dia;Decrescente;Céu Claro;Dupla;Reta;Sim;1;0;1;0;0;0;1;1;-24.51285376;-47.85054871;SPRF-SP;DEL05-SP;UOP01-DEL05-SP;447.0;-24.51285376;-47.85054871;2023-05-16;2023;5;2023-05;6;Manha;0;0;1;1
523368;2023-05-16;terca-feira;06:05:00;SP;116.0;230;SAO PAULO;Ausência de reação do condutor;Queda de ocupante de veículo;Com Vítimas Feridas;Pleno dia;Crescente;Céu Claro;Múltipla;Reta;Sim;2;0;1;0;1;0;1;2;-23.52251783;-46.5855702;SPRF-SP;DEL01-SP;UOP01-DEL01-SP;230.0;-23.52251783;-46.5855702;2023-05-16;2023;5;2023-05;6;Manha;0;0;1;1
523520;2023-05-16;terca-feira;18:00:00;SP;381.0;74.4;SAO PAULO;Velocidade Incompatível;Tombamento;Com Vítimas Fatais;Anoitecer;Decrescente;Céu Claro;Dupla;Curva;Não;2;1;0;0;0;1;0;1;-23.37707;-46.56435;SPRF-SP;DEL03-SP;UOP01-DEL03-SP;74.4;-23.37707;-46.56435;2023-05-16;2023;5;2023-05;18;Noite;1;1;5;1
523602;2023-05-17;quarta-feira;08:45:00;SP;381.0;41;ATIBAIA;Reação tardia ou ineficiente do condutor;Queda de ocupante de veículo;Com Vítimas Feridas;Pleno dia;Crescente;Céu Claro;Múltipla;Não Informado;Não;1;0;1;0;0;0;1;1;-23.13863999;-46.57584088;SPRF-SP;DEL03-SP;UOP01-DEL03-SP;41.0;-23.13863999;-46.57584088;2023-05-17;2023;5;2023-05;8;Manha;0;0;1;2
523627;2023-05-17;quarta-feira;12:10:00;SP;381.0;87;GUARULHOS;Ausência de reação do condutor;Atropelamento de Pedestre;Com Vítimas Fatais;Pleno dia;Crescente;Céu Claro;Múltipla;Reta;Sim;4;1;0;0;1;2;0;3;-23.46885001;-46.56996601;SPRF-SP;DEL03-SP;UOP01-DEL03-SP;87.0;-23.46885001;-46.56996601;2023-05-17;2023;5;2023-05;12;Tarde;1;1;5;2
523559;2023-05-17;quarta-feira;07:30:00;SP;153.0;256;MARILIA;Condutor deixou de manter distância do veículo da frente;Colisão traseira;Com Vítimas Feridas;Pleno dia;Decrescente;Céu Claro;Dupla;Reta;Sim;2;0;1;0;1;0;1;2;-22.231552;-49.91968;SPRF-SP;DEL07-SP;UOP02-DEL07-SP;256.0;-22.231552;-49.91968;2023-05-17;2023;5;2023-05;7;Manha;0;0;1;2
523544;2023-05-17;quarta-feira;05:40:00;SP;116.0;145.6;SAO JOSE DOS CAMPOS;Ausência de reação do condutor;Colisão lateral mesmo sentido;Com Vítimas Feridas;Amanhecer;Decrescente;Céu Claro;Dupla;Reta;Sim;2;0;1;0;0;1;1;2;-23.1869844;-45.8548078;SPRF-SP;DEL02-SP;UOP01-DEL02-SP;145.6;-23.1869844;-45.8548078;2023-05-17;2023;5;2023-05;5;Madrugada;0;0;1;2
523652;2023-05-17;quarta-feira;16:10:00;SP;101.0;51;UBATUBA;Acessar a via sem observar a presença dos outros veículos;Colisão transversal;Com Vítimas Feridas;Pleno dia;Decrescente;Céu Claro;Simples;Reta;Sim;3;0;1;0;2;0;1;2;-23.45627795;-45.07111896;SPRF-SP;DEL06-SP;UOP01-DEL06-SP;51.0;-23.45627795;-45.07111896;2023-05-17;2023;5;2023-05;16;Tarde;0;0;1;2
523714;2023-05-18;quinta-feira;03:50:00;SP;116.0;29.5;CRUZEIRO;Condutor Dormindo;Colisão traseira;Com Vítimas Feridas;Plena Noite;Decrescente;Céu Claro;Dupla;Não Informado;Não;2;0;1;0;1;0;1;2;-22.62900466;-44.92459774;SPRF-SP;DEL08-SP;UOP02-DEL08-SP;29.5;-22.62900466;-44.92459774;2023-05-18;2023;5;2023-05;3;Madrugada;0;0;1;3
523781;2023-05-18;quinta-feira;11:00:00;SP;116.0;279;EMBU DAS ARTES;Ausência de reação do condutor;Queda de ocupante de veículo;Com Vítimas Feridas;Pleno dia;Crescente;Céu Claro;Múltipla;Reta;Não;2;0;1;0;1;0;1;2;-23.66233697;-46.85292907;SPRF-SP;DEL04-SP;UOP01-DEL04-SP;279.0;-23.66233697;-46.85292907;2023-05-18;2023;5;2023-05;11;Manha;0;0;1;3
523772;2023-05-18;quinta-feira;10:00:00;SP;116.0;284;ITAPECERICA DA SERRA;Reação tardia ou ineficiente do condutor;Colisão com objeto;Com Vítimas Feridas;Pleno dia;Crescente;Céu Claro;Dupla;Não Informado;Sim;2;0;1;1;0;0;2;1;-23.68163008;-46.86029434;SPRF-SP;DEL04-SP;UOP01-DEL04-SP;284.0;-23.68163008;-46.86029434;2023-05-18;2023;5;2023-05;10;Manha;0;1;4;3
523887;2023-05-18;quinta-feira;21:50:00;SP;116.0;296;ITAPECERICA DA SERRA;Ingestão de álcool pelo condutor;Colisão traseira;Com Vítimas Feridas;Plena Noite;Decrescente;Céu Claro;Dupla;Reta;Sim;2;0;1;0;1;0;1;2;-23.775485;-46.914416;SPRF-SP;DEL04-SP;UOP01-DEL04-SP;296.0;-23.775485;-46.914416;2023-05-18;2023;5;2023-05;21;Noite;0;0;1;3
523892;2023-05-18;quinta-feira;22:30:00;SP;116.0;157.5;JACAREI;Pedestre andava na pista;Atropelamento de Pedestre;Com Vítimas Feridas;Plena Noite;Decrescente;Céu Claro;Simples;Curva;Sim;2;0;1;0;0;1;1;1;-23.2582982;-45.94772637;SPRF-SP;DEL02-SP;UOP01-DEL02-SP;157.5;-23.2582982;-45.94772637;2023-05-18;2023;5;2023-05;22;Noite;0;0;1;3
523826;2023-05-18;quinta-feira;14:20:00;SP;116.0;326;JUQUITIBA;Acessar a via sem observar a presença dos outros veículos;Colisão frontal;Com Vítimas Feridas;Pleno dia;Decrescente;Céu Claro;Simples;Reta;Sim;3;0;1;1;0;1;2;2;-23.93693746;-47.06608415;SPRF-SP;DEL04-SP;UOP03-DEL04-SP;326.0;-23.93693746;-47.06608415;2023-05-18;2023;5;2023-05;14;Tarde;0;1;4;3
523806;2023-05-18;quinta-feira;13:30:00;SP;116.0;135;SAO JOSE DOS CAMPOS;Manobra de mudança de faixa;Colisão lateral mesmo sentido;Com Vítimas Feridas;Pleno dia;Crescente;Céu Claro;Dupla;Reta;Não;4;0;1;0;3;0;1;2;-23.1402216;-45.7617252;SPRF-SP;DEL02-SP;UOP01-DEL02-SP;135.0;-23.1402216;-45.7617252;2023-05-18;2023;5;2023-05;13;Tarde;0;0;1;3
523733;2023-05-18;quinta-feira;07:00:00;SP;116.0;230;SAO PAULO;Acessar a via sem observar a presença dos outros veículos;Colisão lateral mesmo sentido;Com Vítimas Feridas;Pleno dia;Crescente;Céu Claro;Múltipla;Reta;Sim;3;0;2;0;1;0;2;2;-23.52251783;-46.5855702;SPRF-SP;DEL01-SP;UOP01-DEL01-SP;230.0;-23.52251783;-46.5855702;2023-05-18;2023;5;2023-05;7;Manha;0;0;2;3
523786;2023-05-18;quinta-feira;11:30:00;SP;116.0;228;SAO PAULO;Manobra de mudança de faixa;Colisão lateral mesmo sentido;Com Vítimas Feridas;Pleno dia;Decrescente;Céu Claro;Múltipla;Reta;Sim;2;0;1;0;1;0;1;2;-23.50343484;-46.56638712;SPRF-SP;DEL01-SP;UOP01-DEL01-SP;228.0;-23.50343484;-46.56638712;2023-05-18;2023;5;2023-05;11;Manha;0;0;1;3
523863;2023-05-18;quinta-feira;18:20:00;SP;116.0;229;SAO PAULO;Condutor deixou de manter distância do veículo da frente;Engavetamento;Com Vítimas Feridas;Anoitecer;Decrescente;Céu Claro;Dupla;Reta;Não;16;0;11;0;4;1;11;4;-23.51291902;-46.57604698;SPRF-SP;DEL01-SP;UOP01-DEL01-SP;229.0;-23.51291902;-46.57604698;2023-05-18;2023;5;2023-05;18;Noite;0;0;11;3
523824;2023-05-18;quinta-feira;15:30:00;SP;101.0;50;UBATUBA;Retorno proibido;Colisão transversal;Com Vítimas Feridas;Pleno dia;Crescente;Sol;Simples;Interseção de vias;Sim;3;0;0;1;1;1;1;2;-23.45018939;-45.07743735;SPRF-SP;DEL06-SP;UOP01-DEL06-SP;50.0;-23.45018939;-45.07743735;2023-05-18;2023;5;2023-05;15;Tarde;0;1;3;3
524111;2023-05-19;sexta-feira;21:50:00;SP;116.0;205;ARUJA;Condutor Dormindo;Colisão traseira;Com Vítimas Feridas;Plena Noite;Decrescente;Céu Claro;Múltipla;Reta;Sim;2;0;1;0;1;0;1;2;-23.41475243;-46.36600788;SPRF-SP;DEL01-SP;UOP01-DEL01-SP;205.0;-23.41475243;-46.36600788;2023-05-19;2023;5;2023-05;21;Noite;0;0;1;4
524047;2023-05-19;sexta-feira;18:05:00;SP;116.0;176;GUARAREMA;Pedestre cruzava a pista fora da faixa;Atropelamento de Pedestre;Com Vítimas Feridas;Plena Noite;Crescente;Ignorado;Dupla;Não Informado;Não;2;0;1;0;1;0;1;1;-23.32188281;-46.110083;SPRF-SP;DEL01-SP;UOP01-DEL01-SP;176.0;-23.32188281;-46.110083;2023-05-19;2023;5;2023-05;18;Noite;0;0;1;4
524051;2023-05-19;sexta-feira;18:25:00;SP;116.0;176;GUARAREMA;Ingestão de álcool pelo condutor;Colisão traseira;Com Vítimas Feridas;Plena Noite;Crescente;Nublado;Dupla;Reta;Sim;2;0;1;0;1;0;1;2;-23.32188281;-46.110083;SPRF-SP;DEL01-SP;UOP01-DEL01-SP;176.0;-23.32188281;-46.110083;2023-05-19;2023;5;2023-05;18;Noite;0;0;1;4
524105;2023-05-19;sexta-feira;21:50:00;SP;116.0;219;GUARULHOS;Demais falhas mecânicas ou elétricas;Eventos atípicos;Sem Vítimas;Plena Noite;Decrescente;Céu Claro;Múltipla;Reta;Não;1;0;0;0;1;0;0;1;-23.46143954;-46.48885316;SPRF-SP;DEL01-SP;UOP01-DEL01-SP;219.0;-23.46143954;-46.48885316;2023-05-19;2023;5;2023-05;21;Noite;0;0;0;4
524107;2023-05-19;sexta-feira;21:50:00;SP;116.0;219;GUARULHOS;Ausência de reação do condutor;Queda de ocupante de veículo;Com Vítimas Feridas;Plena Noite;Decrescente;Céu Claro;Simples;Curva;Sim;1;0;1;0;0;0;1;1;-23.46143954;-46.48885316;SPRF-SP;DEL01-SP;UOP01-DEL01-SP;219.0;-23.46143954;-46.48885316;2023-05-19;2023;5;2023-05;21;Noite;0;0;1;4
523996;2023-05-19;sexta-feira;12:55:00;SP;381.0;71;MAIRIPORA;Manobra de mudança de faixa;Colisão traseira;Com Vítimas Feridas;Pleno dia;Crescente;Céu Claro;Simples;Não Informado;Sim;3;0;0;1;2;0;1;2;-23.35047979;-46.55267274;SPRF-SP;DEL03-SP;UOP01-DEL03-SP;71.0;-23.35047979;-46.55267274;2023-05-19;2023;5;2023-05;12;Tarde;0;1;3;4
524044;2023-05-19;sexta-feira;16:00:00;SP;153.0;271.7;OCAUCU;Ausência de reação do condutor;Colisão traseira;Sem Vítimas;Pleno dia;Crescente;Céu Claro;Simples;Não Informado;Não;3;0;0;0;3;0;0;2;-22.3632977;-49.885583;SPRF-SP;DEL07-SP;UOP02-DEL07-SP;271.7;-22.3632977;-49.885583;2023-05-19;2023;5;2023-05;16;Tarde;0;0;0;4
523910;2023-05-19;sexta-feira;01:45:00;SP;116.0;300;SAO LOURENCO DA SERRA;Reação tardia ou ineficiente do condutor;Tombamento;Com Vítimas Feridas;Plena Noite;Crescente;Céu Claro;Dupla;Não Informado;Não;1;0;1;0;0;0;1;1;-23.80396738;-46.92110538;SPRF-SP;DEL04-SP;UOP01-DEL04-SP;300.0;-23.80396738;-46.92110538;2023-05-19;2023;5;2023-05;1;Madrugada;0;0;1;4
523979;2023-05-19;sexta-feira;08:30:00;SP;381.0;83;SAO PAULO;Velocidade Incompatível;Colisão frontal;Com Vítimas Feridas;Pleno dia;Crescente;Sol;Múltipla;Não Informado;Não;4;0;1;0;3;0;1;3;-23.4309671;-46.56998022;SPRF-SP;DEL03-SP;UOP01-DEL03-SP;83.0;-23.4309671;-46.56998022;2023-05-19;2023;5;2023-05;8;Manha;0;0;1;4
523980;2023-05-19;sexta-feira;11:30:00;SP;381.0;86;SAO PAULO;Ausência de reação do condutor;Colisão lateral mesmo sentido;Com Vítimas Feridas;Pleno dia;Crescente;Céu Claro;Múltipla;Reta;Sim;2;0;1;1;0;0;2;2;-23.45930499;-46.57161179;SPRF-SP;DEL03-SP;UOP01-DEL03-SP;86.0;-23.45930499;-46.57161179;2023-05-19;2023;5;2023-05;11;Manha;0;1;4;4
523905;2023-05-19;sexta-feira;00:20:00;SP;116.0;269;TABOAO DA SERRA;Reação tardia ou ineficiente do condutor;Colisão transversal;Com Vítimas Feridas;Plena Noite;Decrescente;Nublado;Múltipla;Interseção de vias;Sim;2;0;1;0;1;0;1;2;-23.61593059;-46.78826044;SPRF-SP;DEL04-SP;UOP01-DEL04-SP;269.0;-23.61593059;-46.78826044;2023-05-19;2023;5;2023-05;0;Madrugada;0;0;1;4
524100;2023-05-19;sexta-feira;21:15:00;SP;116.0;271;TABOAO DA SERRA;Ausência de reação do condutor;Colisão traseira;Com Vítimas Feridas;Plena Noite;Crescente;Céu Claro;Dupla;Reta;Sim;2;0;1;0;1;0;1;2;-23.61809286;-46.80556302;SPRF-SP;DEL04-SP;UOP01-DEL04-SP;271.0;-23.61809286;-46.80556302;2023-05-19;2023;5;2023-05;21;Noite;0;0;1;4
524063;2023-05-19;sexta-feira;18:28:00;SP;116.0;105;TAUBATE;Ausência de reação do condutor;Queda de ocupante de veículo;Com Vítimas Feridas;Anoitecer;Crescente;Céu Claro;Dupla;Reta;Sim;2;0;1;0;1;0;1;2;-23.00757973;-45.51466613;SPRF-SP;DEL02-SP;UOP02-DEL02-SP;105.0;-23.00757973;-45.51466613;2023-05-19;2023;5;2023-05;18;Noite;0;0;1;4
524017;2023-05-19;sexta-feira;15:25:00;SP;101.0;43;UBATUBA;Demais falhas na via;Colisão com objeto;Com Vítimas Feridas;Pleno dia;Decrescente;Céu Claro;Simples;Rotatória;Sim;2;0;1;0;1;0;1;1;-23.41217537;-45.05739148;SPRF-SP;DEL06-SP;UOP01-DEL06-SP;43.0;-23.41217537;-45.05739148;2023-05-19;2023;5;2023-05;15;Tarde;0;0;1;4
524139;2023-05-20;sabado;02:30:00;SP;381.0;13.9;BRAGANCA PAULISTA;Condutor Dormindo;Colisão traseira;Com Vítimas Feridas;Plena Noite;Crescente;Céu Claro;Dupla;Reta;Não;2;0;0;1;1;0;1;2;-22.94112083;-46.47449533;SPRF-SP;DEL03-SP;UOP02-DEL03-SP;13.9;-22.94112083;-46.47449533;2023-05-20;2023;5;2023-05;2;Madrugada;0;1;3;5
524296;2023-05-20;sabado;19:30:00;SP;116.0;223;GUARULHOS;Reação tardia ou ineficiente do condutor;Engavetamento;Com Vítimas Feridas;Plena Noite;Crescente;Céu Claro;Múltipla;Reta;Sim;5;0;2;0;3;0;2;3;-23.48040627;-46.5327698;SPRF-SP;DEL01-SP;UOP01-DEL01-SP;223.0;-23.48040627;-46.5327698;2023-05-20;2023;5;2023-05;19;Noite;0;0;2;5
524329;2023-05-20;sabado;20:00:00;SP;116.0;320;JUQUITIBA;Avarias e/ou desgaste excessivo no pneu;Saída de leito carroçável;Com Vítimas Feridas;Plena Noite;Decrescente;Nublado;Dupla;Reta;Não;1;0;0;1;0;0;1;1;-23.93226;-47.00835;SPRF-SP;DEL04-SP;UOP03-DEL04-SP;320.0;-23.93226;-47.00835;2023-05-20;2023;5;2023-05;20;Noite;0;1;3;5
524346;2023-05-20;sabado;21:40:00;SP;116.0;338.5;JUQUITIBA;Iluminação deficiente;Atropelamento de Pedestre;Com Vítimas Feridas;Plena Noite;Decrescente;Céu Claro;Dupla;Reta;Não;2;0;1;0;1;0;1;1;-23.990126;-47.147995;SPRF-SP;DEL04-SP;UOP03-DEL04-SP;338.5;-23.990126;-47.147995;2023-05-20;2023;5;2023-05;21;Noite;0;0;1;5
524179;2023-05-20;sabado;07:20:00;SP;116.0;87;PINDAMONHANGABA;Condutor deixou de manter distância do veículo da frente;Colisão traseira;Com Vítimas Feridas;Pleno dia;Decrescente;Céu Claro;Dupla;Reta;Não;3;0;1;0;2;0;1;2;-22.93065267;-45.36166116;SPRF-SP;DEL08-SP;UOP01-DEL08-SP;87.0;-22.93065267;-45.36166116;2023-05-20;2023;5;2023-05;7;Manha;0;0;1;5
524164;2023-05-20;sabado;07:05:00;SP;116.0;457;REGISTRO;Ultrapassagem Indevida;Colisão traseira;Com Vítimas Feridas;Pleno dia;Decrescente;Céu Claro;Dupla;Não Informado;Não;4;0;2;1;1;0;3;2;-24.58829794;-47.88151189;SPRF-SP;DEL05-SP;UOP01-DEL05-SP;457.0;-24.58829794;-47.88151189;2023-05-20;2023;5;2023-05;7;Manha;0;1;5;5
524263;2023-05-20;sabado;16:40:00;SP;153.0;60.8;SAO JOSE DO RIO PRETO;Ingestão de álcool pelo condutor;Colisão traseira;Sem Vítimas;Pleno dia;Crescente;Céu Claro;Dupla;Reta;Sim;2;0;0;0;2;0;0;2;-20.79627979;-49.35480206;SPRF-SP;DEL09-SP;UOP01-DEL09-SP;60.8;-20.79627979;-49.35480206;2023-05-20;2023;5;2023-05;16;Tarde;0;0;0;5
524275;2023-05-20;sabado;18:00:00;SP;116.0;147;SAO JOSE DOS CAMPOS;Ausência de reação do condutor;Colisão traseira;Sem Vítimas;Anoitecer;Decrescente;Nublado;Múltipla;Reta;Sim;2;0;0;0;2;0;0;2;-23.19542994;-45.87176303;SPRF-SP;DEL02-SP;UOP01-DEL02-SP;147.0;-23.19542994;-45.87176303;2023-05-20;2023;5;2023-05;18;Noite;0;0;0;5
524190;2023-05-20;sabado;09:00:00;SP;116.0;309.1;SAO LOURENCO DA SERRA;Ausência de reação do condutor;Colisão lateral mesmo sentido;Com Vítimas Fatais;Pleno dia;Crescente;Céu Claro;Dupla;Reta;Não;2;1;0;0;1;0;0;2;-23.8717102;-46.96137189;SPRF-SP;DEL04-SP;UOP01-DEL04-SP;309.1;-23.8717102;-46.96137189;2023-05-20;2023;5;2023-05;9;Manha;1;1;5;5
524226;2023-05-20;sabado;12:35:00;SP;116.0;230;SAO PAULO;Reação tardia ou ineficiente do condutor;Colisão traseira;Com Vítimas Feridas;Pleno dia;Crescente;Céu Claro;Múltipla;Reta;Sim;3;0;1;0;2;0;1;2;-23.51395102;-46.57768607;SPRF-SP;DEL01-SP;UOP01-DEL01-SP;230.0;-23.51395102;-46.57768607;2023-05-20;2023;5;2023-05;12;Tarde;0;0;1;5
524273;2023-05-20;sabado;17:50:00;SP;116.0;230;SAO PAULO;Manobra de mudança de faixa;Colisão com objeto;Com Vítimas Feridas;Plena Noite;Decrescente;Céu Claro;Múltipla;Reta;Sim;5;0;1;0;4;0;1;2;-23.52251783;-46.5855702;SPRF-SP;DEL01-SP;UOP01-DEL01-SP;230.0;-23.52251783;-46.5855702;2023-05-20;2023;5;2023-05;17;Tarde;0;0;1;5
524156;2023-05-20;sabado;05:00:00;SP;116.0;269.9;TABOAO DA SERRA;Velocidade Incompatível;Colisão transversal;Com Vítimas Feridas;Amanhecer;Crescente;Céu Claro;Dupla;Reta;Sim;3;0;1;0;2;0;1;2;-23.61593059;-46.78826044;SPRF-SP;DEL04-SP;UOP01-DEL04-SP;269.9;-23.61593059;-46.78826044;2023-05-20;2023;5;2023-05;5;Madrugada;0;0;1;5
524238;2023-05-20;sabado;13:45:00;SP;116.0;112;TAUBATE;Acessar a via sem observar a presença dos outros veículos;Colisão lateral mesmo sentido;Com Vítimas Feridas;Pleno dia;Crescente;Céu Claro;Múltipla;Reta;Sim;6;0;2;0;4;0;2;4;-23.04159343;-45.57065616;SPRF-SP;DEL02-SP;UOP02-DEL02-SP;112.0;-23.04159343;-45.57065616;2023-05-20;2023;5;2023-05;13;Tarde;0;0;2;5
524244;2023-05-20;sabado;14:22:00;SP;116.0;115;TAUBATE;Condutor deixou de manter distância do veículo da frente;Colisão lateral mesmo sentido;Com Vítimas Feridas;Pleno dia;Crescente;Céu Claro;Dupla;Reta;Sim;2;0;1;0;1;0;1;2;-23.0496047;-45.59973712;SPRF-SP;DEL02-SP;UOP02-DEL02-SP;115.0;-23.0496047;-45.59973712;2023-05-20;2023;5;2023-05;14;Tarde;0;0;1;5
524282;2023-05-20;sabado;18:15:00;SP;153.0;119;UBARANA;Reação tardia ou ineficiente do condutor;Colisão traseira;Com Vítimas Feridas;Plena Noite;Crescente;Céu Claro;Simples;Reta;Não;2;0;1;0;1;0;1;2;-21.16208007;-49.71112986;SPRF-SP;DEL09-SP;UOP01-DEL09-SP;119.0;-21.16208007;-49.71112986;2023-05-20;2023;5;2023-05;18;Noite;0;0;1;5
524478;2023-05-21;domingo;16:30:00;SP;116.0;205;ARUJA;Trafegar com motocicleta (ou similar) entre as faixas;Colisão traseira;Com Vítimas Feridas;Pleno dia;Crescente;Céu Claro;Múltipla;Reta;Sim;4;0;2;0;2;0;2;3;-23.41475243;-46.36600788;SPRF-SP;DEL01-SP;UOP01-DEL01-SP;205.0;-23.41475243;-46.36600788;2023-05-21;2023;5;2023-05;16;Tarde;0;0;2;6
524374;2023-05-21;domingo;03:00:00;SP;116.0;208;GUARULHOS;Ingestão de álcool pelo condutor;Capotamento;Sem Vítimas;Plena Noite;Decrescente;Céu Claro;Múltipla;Reta;Sim;2;0;0;0;2;0;0;1;-23.42222263;-46.3932771;SPRF-SP;DEL01-SP;UOP01-DEL01-SP;208.0;-23.42222263;-46.3932771;2023-05-21;2023;5;2023-05;3;Madrugada;0;0;0;6
524449;2023-05-21;domingo;13:30:00;SP;116.0;214;GUARULHOS;Deficiência do Sistema de Iluminação/Sinalização;Queda de ocupante de veículo;Com Vítimas Feridas;Pleno dia;Crescente;Sol;Múltipla;Reta;Não;2;0;2;0;0;0;2;1;-23.44333014;-46.44531294;SPRF-SP;DEL01-SP;UOP01-DEL01-SP;214.0;-23.44333014;-46.44531294;2023-05-21;2023;5;2023-05;13;Tarde;0;0;2;6
524563;2023-05-21;domingo;23:16:00;SP;116.0;209;GUARULHOS;Ingestão de álcool pelo condutor;Colisão com objeto;Com Vítimas Feridas;Plena Noite;Crescente;Nublado;Dupla;Não Informado;Não;3;0;1;0;2;0;1;1;-23.42511799;-46.40221101;SPRF-SP;DEL01-SP;UOP01-DEL01-SP;209.0;-23.42511799;-46.40221101;2023-05-21;2023;5;2023-05;23;Noite;0;0;1;6
524496;2023-05-21;domingo;17:40:00;SP;116.0;284;ITAPECERICA DA SERRA;Manobra de mudança de faixa;Colisão frontal;Com Vítimas Feridas;Plena Noite;Decrescente;Céu Claro;Dupla;Reta;Não;3;0;1;0;2;0;1;3;-23.69998;-46.867767;SPRF-SP;DEL04-SP;UOP01-DEL04-SP;284.0;-23.69998;-46.867767;2023-05-21;2023;5;2023-05;17;Tarde;0;0;1;6
524585;2023-05-21;domingo;23:37:00;SP;116.0;49.9;LORENA;Ausência de reação do condutor;Tombamento;Com Vítimas Feridas;Plena Noite;Crescente;Céu Claro;Dupla;Reta;Não;3;0;1;1;1;0;2;2;-22.73051614;-45.0765859;SPRF-SP;DEL08-SP;UOP02-DEL08-SP;49.9;-22.73051614;-45.0765859;2023-05-21;2023;5;2023-05;23;Noite;0;1;4;6
524389;2023-05-21;domingo;05:00:00;SP;381.0;56;MAIRIPORA;Velocidade Incompatível;Colisão com objeto;Sem Vítimas;Plena Noite;Decrescente;Nublado;Dupla;Reta;Não;1;0;0;0;0;1;0;1;-23.25907163;-46.58982662;SPRF-SP;DEL03-SP;UOP01-DEL03-SP;56.0;-23.25907163;-46.58982662;2023-05-21;2023;5;2023-05;5;Madrugada;0;0;0;6
524483;2023-05-21;domingo;15:50:00;SP;116.0;347;MIRACATU;Velocidade Incompatível;Tombamento;Com Vítimas Feridas;Pleno dia;Crescente;Céu Claro;Dupla;Não Informado;Não;1;0;1;0;0;0;1;1;-24.04699491;-47.19706111;SPRF-SP;DEL04-SP;UOP03-DEL04-SP;347.0;-24.04699491;-47.19706111;2023-05-21;2023;5;2023-05;15;Tarde;0;0;1;6
524456;2023-05-21;domingo;13:50:00;SP;153.0;27.8;NOVA GRANADA;Reação tardia ou ineficiente do condutor;Colisão transversal;Com Vítimas Feridas;Pleno dia;Decrescente;Sol;Simples;Interseção de vias;Não;2;0;1;0;1;0;1;2;-20.52032747;-49.32573795;SPRF-SP;DEL09-SP;UOP01-DEL09-SP;27.8;-20.52032747;-49.32573795;2023-05-21;2023;5;2023-05;13;Tarde;0;0;1;6
524410;2023-05-21;domingo;03:00:00;SP;116.0;431;REGISTRO;Ausência de reação do condutor;Saída de leito carroçável;Sem Vítimas;Plena Noite;Decrescente;Nevoeiro/Neblina;Dupla;Reta;Não;1;0;0;0;0;1;0;1;-24.41182744;-47.75350213;SPRF-SP;DEL05-SP;UOP01-DEL05-SP;431.0;-24.41182744;-47.75350213;2023-05-21;2023;5;2023-05;3;Madrugada;0;0;0;6
524553;2023-05-21;domingo;22:15:00;SP;116.0;148;SAO JOSE DOS CAMPOS;Ausência de reação do condutor;Colisão com objeto;Com Vítimas Feridas;Plena Noite;Decrescente;Céu Claro;Dupla;Reta;Não;3;0;1;1;1;0;2;1;-23.20067421;-45.8795018;SPRF-SP;DEL02-SP;UOP01-DEL02-SP;148.0;-23.20067421;-45.8795018;2023-05-21;2023;5;2023-05;22;Noite;0;1;4;6
524621;2023-05-21;domingo;19:40:00;SP;116.0;271;TABOAO DA SERRA;Avarias e/ou desgaste excessivo no pneu;Queda de ocupante de veículo;Com Vítimas Feridas;Plena Noite;Crescente;Céu Claro;Dupla;Reta;Não;1;0;1;0;0;0;1;1;-23.57144511;-46.77647248;SPRF-SP;DEL04-SP;UOP01-DEL04-SP;271.0;-23.57144511;-46.77647248;2023-05-21;2023;5;2023-05;19;Noite;0;0;1;6
524387;2023-05-21;domingo;04:00:00;SP;116.0;113;TAUBATE;Reação tardia ou ineficiente do condutor;Saída de leito carroçável;Com Vítimas Fatais;Plena Noite;Decrescente;Céu Claro;Dupla;Reta;Sim;1;1;0;0;0;0;0;1;-23.0440828;-45.58041405;SPRF-SP;DEL02-SP;UOP02-DEL02-SP;113.0;-23.0440828;-45.58041405;2023-05-21;2023;5;2023-05;4;Madrugada;1;1;5;6
524427;2023-05-21;domingo;09:00:00;SP;116.0;103.7;TAUBATE;Condutor deixou de manter distância do veículo da frente;Colisão traseira;Com Vítimas Feridas;Pleno dia;Decrescente;Sol;Dupla;Reta;Não;3;0;1;1;0;1;2;2;-22.99919465;-45.49788917;SPRF-SP;DEL02-SP;UOP02-DEL02-SP;103.7;-22.99919465;-45.49788917;2023-05-21;2023;5;2023-05;9;Manha;0;1;4;6
524564;2023-05-21;domingo;23:00:00;SP;101.0;48;UBATUBA;Acessar a via sem observar a presença dos outros veículos;Colisão transversal;Com Vítimas Feridas;Plena Noite;Decrescente;Céu Claro;Simples;Rotatória;Sim;2;0;1;0;1;0;1;2;-23.43696329;-45.08768768;SPRF-SP;DEL06-SP;UOP01-DEL06-SP;48.0;-23.43696329;-45.08768768;2023-05-21;2023;5;2023-05;23;Noite;0;0;1;6
524731;2023-05-22;segunda-feira;19:30:00;SP;381.0;39;ATIBAIA;Reação tardia ou ineficiente do condutor;Colisão lateral mesmo sentido;Sem Vítimas;Plena Noite;Decrescente;Céu Claro;Dupla;Reta;Sim;2;0;0;0;2;0;0;2;-23.1215761;-46.57471572;SPRF-SP;DEL03-SP;UOP01-DEL03-SP;39.0;-23.1215761;-46.57471572;2023-05-22;2023;5;2023-05;19;Noite;0;0;0;0
524771;2023-05-22;segunda-feira;23:09:00;SP;116.0;39.8;CACHOEIRA PAULISTA;Ausência de reação do condutor;Colisão traseira;Com Vítimas Feridas;Plena Noite;Crescente;Céu Claro;Dupla;Desvio Temporário;Sim;2;0;1;0;1;0;1;2;-22.67527958;-44.99918431;SPRF-SP;DEL08-SP;UOP02-DEL08-SP;39.8;-22.67527958;-44.99918431;2023-05-22;2023;5;2023-05;23;Noite;0;0;1;0
524660;2023-05-22;segunda-feira;12:00:00;SP;116.0;219;GUARULHOS;Ausência de reação do condutor;Queda de ocupante de veículo;Com Vítimas Feridas;Pleno dia;Decrescente;Céu Claro;Múltipla;Reta;Sim;1;0;0;1;0;0;1;1;-23.46143954;-46.48885316;SPRF-SP;DEL01-SP;UOP01-DEL01-SP;219.0;-23.46143954;-46.48885316;2023-05-22;2023;5;2023-05;12;Tarde;0;1;3;0
524716;2023-05-22;segunda-feira;18:00:00;SP;116.0;222;GUARULHOS;Trafegar com motocicleta (ou similar) entre as faixas;Colisão lateral mesmo sentido;Com Vítimas Feridas;Anoitecer;Decrescente;Ignorado;Múltipla;Reta;Sim;2;0;1;0;1;0;1;2;-23.4730004;-46.52061315;SPRF-SP;DEL01-SP;UOP01-DEL01-SP;222.0;-23.4730004;-46.52061315;2023-05-22;2023;5;2023-05;18;Noite;0;0;1;0
524665;2023-05-22;segunda-feira;12:20:00;SP;381.0;60;MAIRIPORA;Condutor deixou de manter distância do veículo da frente;Colisão lateral mesmo sentido;Com Vítimas Feridas;Pleno dia;Crescente;Céu Claro;Dupla;Não Informado;Não;2;0;0;1;1;0;1;2;-23.28957673;-46.58729853;SPRF-SP;DEL03-SP;UOP01-DEL03-SP;60.0;-23.28957673;-46.58729853;2023-05-22;2023;5;2023-05;12;Tarde;0;1;3;0
524672;2023-05-22;segunda-feira;12:40:00;SP;381.0;69;MAIRIPORA;Reação tardia ou ineficiente do condutor;Saída de leito carroçável;Sem Vítimas;Pleno dia;Decrescente;Céu Claro;Múltipla;Curva;Não;1;0;0;0;1;0;0;1;-23.34553108;-46.56787903;SPRF-SP;DEL03-SP;UOP01-DEL03-SP;69.0;-23.34553108;-46.56787903;2023-05-22;2023;5;2023-05;12;Tarde;0;0;0;0
524714;2023-05-22;segunda-feira;17:20:00;SP;116.0;105;TAUBATE;Avarias e/ou desgaste excessivo no pneu;Tombamento;Com Vítimas Feridas;Anoitecer;Decrescente;Céu Claro;Dupla;Reta;Não;2;0;2;0;0;0;2;1;-23.00757973;-45.51466613;SPRF-SP;DEL02-SP;UOP02-DEL02-SP;105.0;-23.00757973;-45.51466613;2023-05-22;2023;5;2023-05;17;Tarde;0;0;2;0
524817;2023-05-23;terca-feira;08:10:00;SP;116.0;201;ARUJA;Reação tardia ou ineficiente do condutor;Tombamento;Com Vítimas Feridas;Pleno dia;Decrescente;Céu Claro;Dupla;Reta;Não;2;0;1;0;1;0;1;1;-23.40362877;-46.33050107;SPRF-SP;DEL01-SP;UOP01-DEL01-SP;201.0;-23.40362877;-46.33050107;2023-05-23;2023;5;2023-05;8;Manha;0;0;1;1
524927;2023-05-23;terca-feira;20:25:00;SP;116.0;511;CAJATI;Reação tardia ou ineficiente do condutor;Colisão com objeto;Com Vítimas Feridas;Plena Noite;Crescente;Nevoeiro/Neblina;Simples;Não Informado;Não;1;0;1;0;0;0;1;1;-24.83558399;-48.2223738;SPRF-SP;DEL05-SP;UOP02-DEL05-SP;511.0;-24.83558399;-48.2223738;2023-05-23;2023;5;2023-05;20;Noite;0;0;1;1
524889;2023-05-23;terca-feira;17:18:00;SP;116.0;284;ITAPECERICA DA SERRA;Ausência de reação do condutor;Queda de ocupante de veículo;Com Vítimas Feridas;Anoitecer;Crescente;Céu Claro;Dupla;Retorno Regulamentado;Sim;1;0;1;0;0;0;1;1;-23.69998;-46.867767;SPRF-SP;DEL04-SP;UOP01-DEL04-SP;284.0;-23.69998;-46.867767;2023-05-23;2023;5;2023-05;17;Tarde;0;0;1;1
524926;2023-05-23;terca-feira;19:35:00;SP;116.0;400.2;MIRACATU;Acessar a via sem observar a presença dos outros veículos;Atropelamento de Pedestre;Com Vítimas Fatais;Plena Noite;Crescente;Céu Claro;Dupla;Reta;Não;3;1;0;0;2;0;0;2;-24.30807105;-47.50100998;SPRF-SP;DEL04-SP;UOP02-DEL04-SP;400.2;-24.30807105;-47.50100998;2023-05-23;2023;5;2023-05;19;Noite;1;1;5;1
524949;2023-05-23;terca-feira;21:30:00;SP;153.0;275.5;OCAUCU;Ingestão de álcool pelo condutor;Colisão frontal;Com Vítimas Feridas;Plena Noite;Crescente;Céu Claro;Simples;Não Informado;Não;2;0;1;0;1;0;1;2;-22.36978805;-49.86406266;SPRF-SP;DEL07-SP;UOP02-DEL07-SP;275.5;-22.36978805;-49.86406266;2023-05-23;2023;5;2023-05;21;Noite;0;0;1;1
524840;2023-05-23;terca-feira;11:00:00;SP;116.0;145.8;SAO JOSE DOS CAMPOS;Condutor Dormindo;Colisão traseira;Com Vítimas Feridas;Pleno dia;Crescente;Céu Claro;Dupla;Não Informado;Sim;3;0;1;0;2;0;1;2;-23.19122919;-45.86327591;SPRF-SP;DEL02-SP;UOP01-DEL02-SP;145.8;-23.19122919;-45.86327591;2023-05-23;2023;5;2023-05;11;Manha;0;0;1;1
524882;2023-05-23;terca-feira;15:30:00;SP;116.0;153;SAO JOSE DOS CAMPOS;Manobra de mudança de faixa;Colisão lateral mesmo sentido;Sem Vítimas;Pleno dia;Decrescente;Céu Claro;Dupla;Reta;Sim;2;0;0;0;2;0;0;2;-23.23262274;-45.91372624;SPRF-SP;DEL02-SP;UOP01-DEL02-SP;153.0;-23.23262274;-45.91372624;2023-05-23;2023;5;2023-05;15;Tarde;0;0;0;1
524865;2023-05-23;terca-feira;14:10:00;SP;116.0;230;SAO PAULO;Ausência de reação do condutor;Colisão lateral mesmo sentido;Com Vítimas Feridas;Pleno dia;Crescente;Sol;Múltipla;Reta;Não;2;0;1;0;0;1;1;2;-23.52251783;-46.5855702;SPRF-SP;DEL01-SP;UOP01-DEL01-SP;230.0;-23.52251783;-46.5855702;2023-05-23;2023;5;2023-05;14;Tarde;0;0;1;1
524936;2023-05-23;terca-feira;20:40:00;SP;381.0;86.3;SAO PAULO;Velocidade Incompatível;Colisão lateral mesmo sentido;Com Vítimas Feridas;Plena Noite;Decrescente;Céu Claro;Múltipla;Reta;Não;2;0;1;0;1;0;1;2;-23.45930499;-46.57161179;SPRF-SP;DEL03-SP;UOP01-DEL03-SP;86.3;-23.45930499;-46.57161179;2023-05-23;2023;5;2023-05;20;Noite;0;0;1;1
524908;2023-05-23;terca-feira;18:00:00;SP;116.0;270.3;TABOAO DA SERRA;Manobra de mudança de faixa;Colisão lateral mesmo sentido;Com Vítimas Feridas;Pleno dia;Crescente;Céu Claro;Múltipla;Reta;Sim;2;0;1;0;1;0;1;2;-23.61799728;-46.79677694;SPRF-SP;DEL04-SP;UOP01-DEL04-SP;270.3;-23.61799728;-46.79677694;2023-05-23;2023;5;2023-05;18;Noite;0;0;1;1
527323;2023-05-23;terca-feira;22:35:00;SP;116.0;269;TABOAO DA SERRA;Condutor desrespeitou a iluminação vermelha do semáforo;Colisão transversal;Com Vítimas Feridas;Plena Noite;Crescente;Céu Claro;Múltipla;Reta;Não;4;0;1;0;3;0;1;2;-23.61593059;-46.78826044;SPRF-SP;DEL04-SP;UOP01-DEL04-SP;269.0;-23.61593059;-46.78826044;2023-05-23;2023;5;2023-05;22;Noite;0;0;1;1
524946;2023-05-23;terca-feira;21:40:00;SP;101.0;48;UBATUBA;Retorno proibido;Colisão transversal;Com Vítimas Feridas;Pleno dia;Decrescente;Céu Claro;Dupla;Reta;Sim;3;0;2;0;1;0;2;2;-23.43696329;-45.08768768;SPRF-SP;DEL06-SP;UOP01-DEL06-SP;48.0;-23.43696329;-45.08768768;2023-05-23;2023;5;2023-05;21;Noite;0;0;2;1
525019;2023-05-24;quarta-feira;13:45:00;SP;381.0;51;ATIBAIA;Trafegar com motocicleta (ou similar) entre as faixas;Colisão traseira;Com Vítimas Feridas;Pleno dia;Decrescente;Céu Claro;Dupla;Reta;Não;1;0;1;0;0;0;1;1;-23.221911;-46.59644;SPRF-SP;DEL03-SP;UOP01-DEL03-SP;51.0;-23.221911;-46.59644;2023-05-24;2023;5;2023-05;13;Tarde;0;0;1;2
524964;2023-05-24;quarta-feira;07:00:00;SP;116.0;123;CACAPAVA;Reação tardia ou ineficiente do condutor;Colisão traseira;Com Vítimas Feridas;Pleno dia;Decrescente;Sol;Dupla;Reta;Não;2;0;1;0;1;0;1;2;-23.08754228;-45.66969781;SPRF-SP;DEL02-SP;UOP02-DEL02-SP;123.0;-23.08754228;-45.66969781;2023-05-24;2023;5;2023-05;7;Manha;0;0;1;2
525111;2023-05-24;quarta-feira;20:23:00;SP;116.0;39.3;CACHOEIRA PAULISTA;Reação tardia ou ineficiente do condutor;Capotamento;Com Vítimas Feridas;Plena Noite;Crescente;Céu Claro;Dupla;Não Informado;Não;1;0;1;0;0;0;1;1;-22.67527958;-44.99918431;SPRF-SP;DEL08-SP;UOP02-DEL08-SP;39.3;-22.67527958;-44.99918431;2023-05-24;2023;5;2023-05;20;Noite;0;0;1;2
524979;2023-05-24;quarta-feira;08:20:00;SP;116.0;276;EMBU DAS ARTES;Reação tardia ou ineficiente do condutor;Engavetamento;Com Vítimas Feridas;Pleno dia;Crescente;Céu Claro;Dupla;Reta;Sim;5;0;0;1;3;1;1;4;-23.64262417;-46.83811382;SPRF-SP;DEL04-SP;UOP01-DEL04-SP;276.0;-23.64262417;-46.83811382;2023-05-24;2023;5;2023-05;8;Manha;0;1;3;2
525028;2023-05-24;quarta-feira;14:10:00;SP;116.0;413.8;JUQUIA;Reação tardia ou ineficiente do condutor;Colisão traseira;Com Vítimas Feridas;Pleno dia;Decrescente;Céu Claro;Múltipla;Reta;Sim;2;0;1;0;1;0;1;2;-24.33005991;-47.62299901;SPRF-SP;DEL05-SP;UOP01-DEL05-SP;413.8;-24.33005991;-47.62299901;2023-05-24;2023;5;2023-05;14;Tarde;0;0;1;2
525126;2023-05-24;quarta-feira;22:40:00;SP;116.0;52;LORENA;Acessar a via sem observar a presença dos outros veículos;Colisão traseira;Com Vítimas Feridas;Plena Noite;Crescente;Céu Claro;Dupla;Reta;Não;2;0;1;0;1;0;1;2;-22.74708138;-45.09973038;SPRF-SP;DEL08-SP;UOP02-DEL08-SP;52.0;-22.74708138;-45.09973038;2023-05-24;2023;5;2023-05;22;Noite;0;0;1;2
524954;2023-05-24;quarta-feira;04:20:00;SP;116.0;400.8;MIRACATU;Reação tardia ou ineficiente do condutor;Colisão frontal;Com Vítimas Fatais;Plena Noite;Decrescente;Nevoeiro/Neblina;Dupla;Reta;Não;34;1;7;0;26;0;7;2;-24.31051469;-47.50995275;SPRF-SP;DEL04-SP;UOP02-DEL04-SP;400.8;-24.31051469;-47.50995275;2023-05-24;2023;5;2023-05;4;Madrugada;1;1;12;2
525046;2023-05-24;quarta-feira;16:45:00;SP;153.0;31.4;NOVA GRANADA;Desrespeitar a preferência no cruzamento;Colisão transversal;Sem Vítimas;Pleno dia;Decrescente;Sol;Simples;Interseção de vias;Sim;2;0;0;0;2;0;0;2;-20.54746171;-49.32959617;SPRF-SP;DEL09-SP;UOP01-DEL09-SP;31.4;-20.54746171;-49.32959617;2023-05-24;2023;5;2023-05;16;Tarde;0;0;0;2
525110;2023-05-24;quarta-feira;21:05:00;SP;116.0;145;SAO JOSE DOS CAMPOS;Manobra de mudança de faixa;Colisão lateral mesmo sentido;Com Vítimas Feridas;Plena Noite;Decrescente;Céu Claro;Múltipla;Reta;Não;3;0;1;0;2;0;1;2;-23.1869844;-45.8548078;SPRF-SP;DEL02-SP;UOP01-DEL02-SP;145.0;-23.1869844;-45.8548078;2023-05-24;2023;5;2023-05;21;Noite;0;0;1;2
524955;2023-05-24;quarta-feira;06:01:00;SP;116.0;230;SAO PAULO;Objeto estático sobre o leito carroçável;Queda de ocupante de veículo;Com Vítimas Feridas;Amanhecer;Crescente;Céu Claro;Dupla;Reta;Sim;1;0;1;0;0;0;1;1;-23.52251783;-46.5855702;SPRF-SP;DEL01-SP;UOP01-DEL01-SP;230.0;-23.52251783;-46.5855702;2023-05-24;2023;5;2023-05;6;Manha;0;0;1;2
525080;2023-05-24;quarta-feira;17:30:00;SP;116.0;273;TABOAO DA SERRA;Trafegar com motocicleta (ou similar) entre as faixas;Colisão traseira;Com Vítimas Feridas;Plena Noite;Crescente;Céu Claro;Dupla;Reta;Sim;2;0;1;0;1;0;1;2;-23.62809795;-46.81870306;SPRF-SP;DEL04-SP;UOP01-DEL04-SP;273.0;-23.62809795;-46.81870306;2023-05-24;2023;5;2023-05;17;Tarde;0;0;1;2
525313;2023-05-25;quinta-feira;22:00:00;SP;381.0;30;ATIBAIA;Ingestão de álcool pelo condutor;Colisão transversal;Sem Vítimas;Plena Noite;Crescente;Céu Claro;Dupla;Reta;Não;2;0;0;0;2;0;0;2;-23.04885102;-46.56482797;SPRF-SP;DEL03-SP;UOP02-DEL03-SP;30.0;-23.04885102;-46.56482797;2023-05-25;2023;5;2023-05;22;Noite;0;0;0;3
525140;2023-05-25;quinta-feira;06:50:00;SP;116.0;223;GUARULHOS;Reação tardia ou ineficiente do condutor;Colisão traseira;Com Vítimas Feridas;Pleno dia;Crescente;Céu Claro;Múltipla;Reta;Sim;3;0;2;0;1;0;2;2;-23.47559815;-46.5246609;SPRF-SP;DEL01-SP;UOP01-DEL01-SP;223.0;-23.47559815;-46.5246609;2023-05-25;2023;5;2023-05;6;Manha;0;0;2;3
525142;2023-05-25;quinta-feira;05:50:00;SP;116.0;210;GUARULHOS;Reação tardia ou ineficiente do condutor;Colisão lateral mesmo sentido;Com Vítimas Feridas;Pleno dia;Crescente;Nublado;Múltipla;Reta;Sim;2;0;1;0;1;0;1;2;-23.42870023;-46.41085991;SPRF-SP;DEL01-SP;UOP01-DEL01-SP;210.0;-23.42870023;-46.41085991;2023-05-25;2023;5;2023-05;5;Madrugada;0;0;1;3
525264;2023-05-25;quinta-feira;18:00:00;SP;116.0;220;GUARULHOS;Reação tardia ou ineficiente do condutor;Queda de ocupante de veículo;Com Vítimas Feridas;Anoitecer;Decrescente;Céu Claro;Múltipla;Reta;Sim;2;0;2;0;0;0;2;1;-23.46472809;-46.49793962;SPRF-SP;DEL01-SP;UOP01-DEL01-SP;220.0;-23.46472809;-46.49793962;2023-05-25;2023;5;2023-05;18;Noite;0;0;2;3
525277;2023-05-25;quinta-feira;19:15:00;SP;116.0;227;GUARULHOS;Ausência de reação do condutor;Colisão traseira;Com Vítimas Feridas;Plena Noite;Decrescente;Nublado;Múltipla;Reta;Sim;3;0;1;0;2;0;1;3;-23.49659264;-46.55648754;SPRF-SP;DEL01-SP;UOP01-DEL01-SP;227.0;-23.49659264;-46.55648754;2023-05-25;2023;5;2023-05;19;Noite;0;0;1;3
525293;2023-05-25;quinta-feira;20:45:00;SP;116.0;219;GUARULHOS;Ausência de reação do condutor;Atropelamento de Pedestre;Com Vítimas Feridas;Plena Noite;Crescente;Céu Claro;Simples;Reta;Sim;3;0;2;0;0;1;2;1;-23.46143954;-46.48885316;SPRF-SP;DEL01-SP;UOP01-DEL01-SP;219.0;-23.46143954;-46.48885316;2023-05-25;2023;5;2023-05;20;Noite;0;0;2;3
525247;2023-05-25;quinta-feira;16:40:00;SP;153.0;25.9;NOVA GRANADA;Ausência de reação do condutor;Saída de leito carroçável;Sem Vítimas;Pleno dia;Crescente;Céu Claro;Simples;Reta;Não;2;0;0;0;2;0;0;1;-20.496851;-49.315945;SPRF-SP;DEL09-SP;UOP01-DEL09-SP;25.9;-20.496851;-49.315945;2023-05-25;2023;5;2023-05;16;Tarde;0;0;0;3
525183;2023-05-25;quinta-feira;11:00:00;SP;116.0;188;SANTA ISABEL;Manobra de mudança de faixa;Colisão traseira;Com Vítimas Feridas;Pleno dia;Crescente;Céu Claro;Dupla;Reta;Não;2;0;1;0;1;0;1;2;-23.3594352;-46.21675791;SPRF-SP;DEL01-SP;UOP01-DEL01-SP;188.0;-23.3594352;-46.21675791;2023-05-25;2023;5;2023-05;11;Manha;0;0;1;3
525146;2023-05-25;quinta-feira;07:15:00;SP;153.0;58.1;SAO JOSE DO RIO PRETO;Manobra de mudança de faixa;Colisão traseira;Com Vítimas Feridas;Pleno dia;Crescente;Céu Claro;Dupla;Não Informado;Sim;2;0;1;0;1;0;1;2;-20.77838195;-49.35300538;SPRF-SP;DEL09-SP;UOP01-DEL09-SP;58.1;-20.77838195;-49.35300538;2023-05-25;2023;5;2023-05;7;Manha;0;0;1;3
525149;2023-05-25;quinta-feira;07:25:00;SP;153.0;58;SAO JOSE DO RIO PRETO;Ausência de reação do condutor;Colisão traseira;Com Vítimas Feridas;Pleno dia;Crescente;Sol;Dupla;Reta;Sim;3;0;2;0;1;0;2;2;-20.77838195;-49.35300538;SPRF-SP;DEL09-SP;UOP01-DEL09-SP;58.0;-20.77838195;-49.35300538;2023-05-25;2023;5;2023-05;7;Manha;0;0;2;3
525151;2023-05-25;quinta-feira;07:30:00;SP;153.0;53.2;SAO JOSE DO RIO PRETO;Acessar a via sem observar a presença dos outros veículos;Colisão traseira;Com Vítimas Feridas;Pleno dia;Decrescente;Céu Claro;Dupla;Retorno Regulamentado;Não;3;0;1;0;2;0;1;2;-20.73603199;-49.33803779;SPRF-SP;DEL09-SP;UOP01-DEL09-SP;53.2;-20.73603199;-49.33803779;2023-05-25;2023;5;2023-05;7;Manha;0;0;1;3
525144;2023-05-25;quinta-feira;05:30:00;SP;116.0;145;SAO JOSE DOS CAMPOS;Ausência de sinalização;Atropelamento de Pedestre;Com Vítimas Feridas;Amanhecer;Decrescente;Nevoeiro/Neblina;Dupla;Reta;Sim;2;0;0;1;1;0;1;2;-23.1869844;-45.8548078;SPRF-SP;DEL02-SP;UOP01-DEL02-SP;145.0;-23.1869844;-45.8548078;2023-05-25;2023;5;2023-05;5;Madrugada;0;1;3;3
525152;2023-05-25;quinta-feira;07:20:00;SP;116.0;138.2;SAO JOSE DOS CAMPOS;Velocidade Incompatível;Colisão traseira;Com Vítimas Feridas;Pleno dia;Crescente;Sol;Dupla;Reta;Sim;2;0;1;0;1;0;1;2;-23.1572739;-45.79554605;SPRF-SP;DEL02-SP;UOP01-DEL02-SP;138.2;-23.1572739;-45.79554605;2023-05-25;2023;5;2023-05;7;Manha;0;0;1;3
525155;2023-05-25;quinta-feira;05:20:00;SP;116.0;142.9;SAO JOSE DOS CAMPOS;Frear bruscamente;Tombamento;Com Vítimas Feridas;Plena Noite;Decrescente;Nevoeiro/Neblina;Múltipla;Reta;Sim;1;0;1;0;0;0;1;1;-23.17426078;-45.82940111;SPRF-SP;DEL02-SP;UOP01-DEL02-SP;142.9;-23.17426078;-45.82940111;2023-05-25;2023;5;2023-05;5;Madrugada;0;0;1;3
525163;2023-05-25;quinta-feira;08:00:00;SP;116.0;147;SAO JOSE DOS CAMPOS;Ausência de reação do condutor;Colisão traseira;Com Vítimas Feridas;Pleno dia;Decrescente;Céu Claro;Múltipla;Reta;Não;2;0;1;0;1;0;1;2;-23.19542994;-45.87176303;SPRF-SP;DEL02-SP;UOP01-DEL02-SP;147.0;-23.19542994;-45.87176303;2023-05-25;2023;5;2023-05;8;Manha;0;0;1;3
525251;2023-05-25;quinta-feira;16:00:00;SP;116.0;149;SAO JOSE DOS CAMPOS;Falta de acostamento;Colisão lateral mesmo sentido;Com Vítimas Feridas;Pleno dia;Decrescente;Céu Claro;Múltipla;Reta;Sim;2;0;0;1;1;0;1;2;-23.20700047;-45.88626861;SPRF-SP;DEL02-SP;UOP01-DEL02-SP;149.0;-23.20700047;-45.88626861;2023-05-25;2023;5;2023-05;16;Tarde;0;1;3;3
525275;2023-05-25;quinta-feira;18:20:00;SP;116.0;156.2;SAO JOSE DOS CAMPOS;Ausência de reação do condutor;Colisão lateral mesmo sentido;Com Vítimas Fatais;Plena Noite;Decrescente;Céu Claro;Múltipla;Reta;Sim;3;1;0;0;2;0;0;3;-23.25044084;-45.93572909;SPRF-SP;DEL02-SP;UOP01-DEL02-SP;156.2;-23.25044084;-45.93572909;2023-05-25;2023;5;2023-05;18;Noite;1;1;5;3
525315;2023-05-25;quinta-feira;18:35:00;SP;116.0;155.6;SAO JOSE DOS CAMPOS;Reação tardia ou ineficiente do condutor;Tombamento;Com Vítimas Feridas;Plena Noite;Crescente;Céu Claro;Dupla;Não Informado;Sim;1;0;1;0;0;0;1;1;-23.24524337;-45.92772774;SPRF-SP;DEL02-SP;UOP01-DEL02-SP;155.6;-23.24524337;-45.92772774;2023-05-25;2023;5;2023-05;18;Noite;0;0;1;3
530454;2023-05-26;sexta-feira;17:00:00;SP;116.0;74.7;APARECIDA;Demais falhas na via;Colisão com objeto;Com Vítimas Feridas;Pleno dia;Crescente;Céu Claro;Dupla;Reta;Não;1;0;1;0;0;0;1;1;-22.87353809;-45.25320023;SPRF-SP;DEL08-SP;UOP01-DEL08-SP;74.7;-22.87353809;-45.25320023;2023-05-26;2023;5;2023-05;17;Tarde;0;0;1;4
525483;2023-05-26;sexta-feira;18:40:00;SP;381.0;43;ATIBAIA;Reação tardia ou ineficiente do condutor;Engavetamento;Com Vítimas Feridas;Plena Noite;Crescente;Céu Claro;Múltipla;Não Informado;Não;7;0;1;0;5;1;1;4;-23.15597105;-46.5740155;SPRF-SP;DEL03-SP;UOP01-DEL03-SP;43.0;-23.15597105;-46.5740155;2023-05-26;2023;5;2023-05;18;Noite;0;0;1;4
525511;2023-05-26;sexta-feira;19:45:00;SP;381.0;28;ATIBAIA;Ausência de reação do condutor;Tombamento;Com Vítimas Feridas;Plena Noite;Crescente;Céu Claro;Dupla;Reta;Não;1;0;0;1;0;0;1;1;-23.03614495;-46.55183601;SPRF-SP;DEL03-SP;UOP02-DEL03-SP;28.0;-23.03614495;-46.55183601;2023-05-26;2023;5;2023-05;19;Noite;0;1;3;4
525342;2023-05-26;sexta-feira;05:33:00;SP;116.0;280.8;EMBU DAS ARTES;Trafegar com motocicleta (ou similar) entre as faixas;Colisão lateral mesmo sentido;Com Vítimas Fatais;Amanhecer;Crescente;Céu Claro;Múltipla;Reta;Sim;2;1;0;0;0;1;0;2;-23.66996108;-46.85590758;SPRF-SP;DEL04-SP;UOP01-DEL04-SP;280.8;-23.66996108;-46.85590758;2023-05-26;2023;5;2023-05;5;Madrugada;1;1;5;4
525391;2023-05-26;sexta-feira;11:20:00;SP;116.0;276;EMBU DAS ARTES;Acumulo de areia ou detritos sobre o pavimento;Queda de ocupante de veículo;Com Vítimas Feridas;Pleno dia;Decrescente;Céu Claro;Dupla;Não Informado;Sim;1;0;1;0;0;0;1;1;-23.64262417;-46.83811382;SPRF-SP;DEL04-SP;UOP01-DEL04-SP;276.0;-23.64262417;-46.83811382;2023-05-26;2023;5;2023-05;11;Manha;0;0;1;4
525347;2023-05-26;sexta-feira;07:30:00;SP;116.0;223;GUARULHOS;Reação tardia ou ineficiente do condutor;Colisão traseira;Com Vítimas Feridas;Pleno dia;Crescente;Céu Claro;Múltipla;Reta;Não;2;0;1;0;1;0;1;2;-23.47559815;-46.5246609;SPRF-SP;DEL01-SP;UOP01-DEL01-SP;223.0;-23.47559815;-46.5246609;2023-05-26;2023;5;2023-05;7;Manha;0;0;1;4
525470;2023-05-26;sexta-feira;18:45:00;SP;116.0;216;GUARULHOS;Demais falhas mecânicas ou elétricas;Queda de ocupante de veículo;Com Vítimas Feridas;Plena Noite;Crescente;Nublado;Múltipla;Reta;Sim;2;0;2;0;0;0;2;1;-23.45056589;-46.46258105;SPRF-SP;DEL01-SP;UOP01-DEL01-SP;216.0;-23.45056589;-46.46258105;2023-05-26;2023;5;2023-05;18;Noite;0;0;2;4
525480;2023-05-26;sexta-feira;18:55:00;SP;116.0;285;ITAPECERICA DA SERRA;Conversão proibida;Colisão transversal;Com Vítimas Feridas;Plena Noite;Crescente;Nublado;Simples;Não Informado;Sim;3;0;2;0;1;0;2;2;-23.6840078;-46.8576014;SPRF-SP;DEL04-SP;UOP01-DEL04-SP;285.0;-23.6840078;-46.8576014;2023-05-26;2023;5;2023-05;18;Noite;0;0;2;4
525536;2023-05-26;sexta-feira;23:30:00;SP;116.0;283;ITAPECERICA DA SERRA;Acesso irregular;Colisão transversal;Com Vítimas Fatais;Plena Noite;Crescente;Céu Claro;Dupla;Reta;Sim;2;1;0;0;1;0;0;2;-23.69297005;-46.86352786;SPRF-SP;DEL04-SP;UOP01-DEL04-SP;283.0;-23.69297005;-46.86352786;2023-05-26;2023;5;2023-05;23;Noite;1;1;5;4
525388;2023-05-26;sexta-feira;11:15:00;SP;116.0;189;SANTA ISABEL;Condutor deixou de manter distância do veículo da frente;Colisão traseira;Com Vítimas Feridas;Pleno dia;Crescente;Céu Claro;Dupla;Reta;Não;2;0;1;0;1;0;1;2;-23.36435234;-46.22488684;SPRF-SP;DEL01-SP;UOP01-DEL01-SP;189.0;-23.36435234;-46.22488684;2023-05-26;2023;5;2023-05;11;Manha;0;0;1;4
525362;2023-05-26;sexta-feira;07:50:00;SP;153.0;60;SAO JOSE DO RIO PRETO;Manobra de mudança de faixa;Colisão traseira;Com Vítimas Feridas;Pleno dia;Crescente;Sol;Dupla;Reta;Sim;2;0;1;0;1;0;1;2;-20.79627979;-49.35480206;SPRF-SP;DEL09-SP;UOP01-DEL09-SP;60.0;-20.79627979;-49.35480206;2023-05-26;2023;5;2023-05;7;Manha;0;0;1;4
525360;2023-05-26;sexta-feira;08:00:00;SP;116.0;230;SAO PAULO;Trafegar com motocicleta (ou similar) entre as faixas;Colisão transversal;Com Vítimas Feridas;Pleno dia;Crescente;Céu Claro;Dupla;Reta;Sim;2;0;1;0;1;0;1;2;-23.52251783;-46.5855702;SPRF-SP;DEL01-SP;UOP01-DEL01-SP;230.0;-23.52251783;-46.5855702;2023-05-26;2023;5;2023-05;8;Manha;0;0;1;4
525507;2023-05-26;sexta-feira;19:50:00;SP;116.0;271;TABOAO DA SERRA;Condutor deixou de manter distância do veículo da frente;Colisão traseira;Com Vítimas Feridas;Plena Noite;Crescente;Céu Claro;Dupla;Reta;Não;2;0;0;1;1;0;1;2;-23.61809286;-46.80556302;SPRF-SP;DEL04-SP;UOP01-DEL04-SP;271.0;-23.61809286;-46.80556302;2023-05-26;2023;5;2023-05;19;Noite;0;1;3;4
525512;2023-05-26;sexta-feira;20:00:00;SP;153.0;128.8;UBARANA;Reação tardia ou ineficiente do condutor;Colisão com objeto;Sem Vítimas;Plena Noite;Decrescente;Céu Claro;Simples;Reta;Não;1;0;0;0;1;0;0;1;-21.23566912;-49.74777875;SPRF-SP;DEL09-SP;UOP01-DEL09-SP;128.8;-21.23566912;-49.74777875;2023-05-26;2023;5;2023-05;20;Noite;0;0;0;4
525335;2023-05-26;sexta-feira;05:30:00;SP;101.0;49.7;UBATUBA;Condutor deixou de manter distância do veículo da frente;Colisão lateral mesmo sentido;Com Vítimas Feridas;Amanhecer;Crescente;Nublado;Simples;Reta;Sim;4;0;1;2;0;1;3;2;-23.44730177;-45.08057356;SPRF-SP;DEL06-SP;UOP01-DEL06-SP;49.7;-23.44730177;-45.08057356;2023-05-26;2023;5;2023-05;5;Madrugada;0;1;7;4
525664;2023-05-27;sabado;15:30:00;SP;116.0;205;ARUJA;Manobra de mudança de faixa;Colisão lateral mesmo sentido;Sem Vítimas;Pleno dia;Decrescente;Céu Claro;Dupla;Reta;Sim;2;0;0;0;2;0;0;2;-23.41475243;-46.36600788;SPRF-SP;DEL01-SP;UOP01-DEL01-SP;205.0;-23.41475243;-46.36600788;2023-05-27;2023;5;2023-05;15;Tarde;0;0;0;5
525668;2023-05-27;sabado;16:15:00;SP;116.0;204;ARUJA;Manobra de mudança de faixa;Colisão lateral mesmo sentido;Com Vítimas Feridas;Pleno dia;Decrescente;Céu Claro;Dupla;Não Informado;Sim;2;0;0;1;1;0;1;2;-23.41236123;-46.35692496;SPRF-SP;DEL01-SP;UOP01-DEL01-SP;204.0;-23.41236123;-46.35692496;2023-05-27;2023;5;2023-05;16;Tarde;0;1;3;5
525571;2023-05-27;sabado;04:00:00;SP;116.0;29.4;CRUZEIRO;Reação tardia ou ineficiente do condutor;Colisão traseira;Com Vítimas Feridas;Plena Noite;Decrescente;Nublado;Dupla;Não Informado;Não;2;0;0;1;1;0;1;2;-22.62913624;-44.92451055;SPRF-SP;DEL08-SP;UOP02-DEL08-SP;29.4;-22.62913624;-44.92451055;2023-05-27;2023;5;2023-05;4;Madrugada;0;1;3;5
525623;2023-05-27;sabado;10:00:00;SP;116.0;209;GUARULHOS;Ausência de reação do condutor;Colisão traseira;Sem Vítimas;Pleno dia;Crescente;Céu Claro;Múltipla;Reta;Sim;2;0;0;0;2;0;0;2;-23.4251179851;-46.4022110058;SPRF-SP;DEL01-SP;UOP01-DEL01-SP;209.0;-23.4251179851;-46.4022110058;2023-05-27;2023;5;2023-05;10;Manha;0;0;0;5
525636;2023-05-27;sabado;11:40:00;SP;381.0;90;GUARULHOS;Demais Fenômenos da natureza;Queda de ocupante de veículo;Com Vítimas Feridas;Pleno dia;Decrescente;Céu Claro;Múltipla;Curva;Não;1;0;1;0;0;0;1;1;-23.49479479;-46.55959864;SPRF-SP;DEL03-SP;UOP01-DEL03-SP;90.0;-23.49479479;-46.55959864;2023-05-27;2023;5;2023-05;11;Manha;0;0;1;5
525669;2023-05-27;sabado;16:00:00;SP;381.0;88;GUARULHOS;Condutor deixou de manter distância do veículo da frente;Colisão traseira;Sem Vítimas;Pleno dia;Crescente;Céu Claro;Simples;Curva;Sim;3;0;0;0;3;0;0;3;-23.47469314;-46.56112919;SPRF-SP;DEL03-SP;UOP01-DEL03-SP;88.0;-23.47469314;-46.56112919;2023-05-27;2023;5;2023-05;16;Tarde;0;0;0;5
525757;2023-05-27;sabado;22:40:00;SP;116.0;210;GUARULHOS;Entrada inopinada do pedestre;Atropelamento de Pedestre;Com Vítimas Feridas;Plena Noite;Crescente;Vento;Múltipla;Reta;Sim;5;0;1;0;3;1;1;1;-23.42870023;-46.41085991;SPRF-SP;DEL01-SP;UOP01-DEL01-SP;210.0;-23.42870023;-46.41085991;2023-05-27;2023;5;2023-05;22;Noite;0;0;1;5
525542;2023-05-27;sabado;00:00:00;SP;116.0;54;LORENA;Condutor Dormindo;Colisão com objeto;Sem Vítimas;Plena Noite;Decrescente;Céu Claro;Dupla;Reta;Não;2;0;0;0;2;0;0;2;-22.75803895;-45.11508003;SPRF-SP;DEL08-SP;UOP02-DEL08-SP;54.0;-22.75803895;-45.11508003;2023-05-27;2023;5;2023-05;0;Madrugada;0;0;0;5
525544;2023-05-27;sabado;00:30:00;SP;381.0;59;MAIRIPORA;Velocidade Incompatível;Saída de leito carroçável;Com Vítimas Feridas;Plena Noite;Decrescente;Céu Claro;Simples;Não Informado;Sim;2;0;1;0;1;0;1;1;-23.28270705;-46.58787791;SPRF-SP;DEL03-SP;UOP01-DEL03-SP;59.0;-23.28270705;-46.58787791;2023-05-27;2023;5;2023-05;0;Madrugada;0;0;1;5
525769;2023-05-27;sabado;23:30:00;SP;116.0;462.3;PARIQUERA-ACU;Ausência de reação do condutor;Colisão frontal;Com Vítimas Fatais;Plena Noite;Decrescente;Céu Claro;Dupla;Reta;Não;6;5;0;0;1;0;0;2;-24.6228914;-47.89579562;SPRF-SP;DEL05-SP;UOP01-DEL05-SP;462.3;-24.6228914;-47.89579562;2023-05-27;2023;5;2023-05;23;Noite;1;1;25;5
525695;2023-05-27;sabado;18:00:00;SP;116.0;455;REGISTRO;Acessar a via sem observar a presença dos outros veículos;Colisão traseira;Com Vítimas Fatais;Plena Noite;Decrescente;Céu Claro;Dupla;Reta;Não;8;2;3;1;0;2;4;3;-24.57253407;-47.88134891;SPRF-SP;DEL05-SP;UOP01-DEL05-SP;455.0;-24.57253407;-47.88134891;2023-05-27;2023;5;2023-05;18;Noite;1;1;16;5
525707;2023-05-27;sabado;16:55:00;SP;101.0;47;UBATUBA;Desrespeitar a preferência no cruzamento;Colisão transversal;Com Vítimas Feridas;Anoitecer;Crescente;Céu Claro;Simples;Rotatória;Sim;3;0;2;0;0;1;2;2;-23.43358003;-45.08602381;SPRF-SP;DEL06-SP;UOP01-DEL06-SP;47.0;-23.43358003;-45.08602381;2023-05-27;2023;5;2023-05;16;Tarde;0;0;2;5
526011;2023-05-28;domingo;17:30:00;SP;116.0;74;APARECIDA;Ausência de reação do condutor;Tombamento;Com Vítimas Feridas;Pleno dia;Crescente;Garoa/Chuvisco;Dupla;Reta;Sim;2;0;2;0;0;0;2;1;-22.87353809;-45.25320023;SPRF-SP;DEL08-SP;UOP01-DEL08-SP;74.0;-22.87353809;-45.25320023;2023-05-28;2023;5;2023-05;17;Tarde;0;0;2;6
525783;2023-05-28;domingo;01:40:00;SP;116.0;201;ARUJA;Manobra de mudança de faixa;Colisão lateral mesmo sentido;Com Vítimas Feridas;Plena Noite;Decrescente;Céu Claro;Dupla;Reta;Sim;5;0;3;0;2;0;3;2;-23.40362877;-46.33050107;SPRF-SP;DEL01-SP;UOP01-DEL01-SP;201.0;-23.40362877;-46.33050107;2023-05-28;2023;5;2023-05;1;Madrugada;0;0;3;6
525808;2023-05-28;domingo;03:50:00;SP;116.0;206;ARUJA;Condutor deixou de manter distância do veículo da frente;Colisão traseira;Com Vítimas Feridas;Plena Noite;Decrescente;Ignorado;Múltipla;Reta;Não;3;0;2;0;0;1;2;3;-23.41722629;-46.37510292;SPRF-SP;DEL01-SP;UOP01-DEL01-SP;206.0;-23.41722629;-46.37510292;2023-05-28;2023;5;2023-05;3;Madrugada;0;0;2;6
525883;2023-05-28;domingo;17:00:00;SP;381.0;54.2;ATIBAIA;Velocidade Incompatível;Colisão com objeto;Sem Vítimas;Pleno dia;Decrescente;Chuva;Dupla;Curva;Não;1;0;0;0;1;0;0;1;-23.2449074;-46.59562343;SPRF-SP;DEL03-SP;UOP01-DEL03-SP;54.2;-23.2449074;-46.59562343;2023-05-28;2023;5;2023-05;17;Tarde;0;0;0;6
525904;2023-05-28;domingo;16:20:00;SP;116.0;562;BARRA DO TURVO;Ausência de reação do condutor;Saída de leito carroçável;Com Vítimas Feridas;Pleno dia;Crescente;Chuva;Dupla;Curva;Não;2;0;1;0;1;0;1;1;-25.02464023;-48.52213701;SPRF-SP;DEL05-SP;UOP02-DEL05-SP;562.0;-25.02464023;-48.52213701;2023-05-28;2023;5;2023-05;16;Tarde;0;0;1;6
525943;2023-05-28;domingo;19:20:00;SP;116.0;560.5;BARRA DO TURVO;Ausência de reação do condutor;Saída de leito carroçável;Com Vítimas Feridas;Plena Noite;Crescente;Chuva;Dupla;Curva;Não;2;0;1;0;1;0;1;1;-25.01571198;-48.50929106;SPRF-SP;DEL05-SP;UOP02-DEL05-SP;560.5;-25.01571198;-48.50929106;2023-05-28;2023;5;2023-05;19;Noite;0;0;1;6
525798;2023-05-28;domingo;03:15:00;SP;381.0;18;BRAGANCA PAULISTA;Entrada inopinada do pedestre;Atropelamento de Pedestre;Com Vítimas Feridas;Plena Noite;Decrescente;Céu Claro;Dupla;Não Informado;Não;2;0;0;1;1;0;1;1;-22.9746091;-46.48838277;SPRF-SP;DEL03-SP;UOP02-DEL03-SP;18.0;-22.9746091;-46.48838277;2023-05-28;2023;5;2023-05;3;Madrugada;0;1;3;6
525811;2023-05-28;domingo;05:00:00;SP;116.0;42.8;CACHOEIRA PAULISTA;Reação tardia ou ineficiente do condutor;Colisão traseira;Sem Vítimas;Amanhecer;Decrescente;Céu Claro;Dupla;Não Informado;Não;2;0;0;0;2;0;0;2;-22.69182132;-45.02240378;SPRF-SP;DEL08-SP;UOP02-DEL08-SP;42.8;-22.69182132;-45.02240378;2023-05-28;2023;5;2023-05;5;Madrugada;0;0;0;6
525927;2023-05-28;domingo;16:30:00;SP;116.0;67;GUARATINGUETA;Demais falhas mecânicas ou elétricas;Incêndio;Sem Vítimas;Pleno dia;Decrescente;Nublado;Dupla;Não Informado;Não;1;0;0;0;1;0;0;1;-22.82866955;-45.20897627;SPRF-SP;DEL08-SP;UOP01-DEL08-SP;67.0;-22.82866955;-45.20897627;2023-05-28;2023;5;2023-05;16;Tarde;0;0;0;6
525772;2023-05-28;domingo;00:30:00;SP;116.0;224;GUARULHOS;Demais falhas mecânicas ou elétricas;Colisão traseira;Com Vítimas Feridas;Plena Noite;Crescente;Ignorado;Múltipla;Reta;Não;2;0;1;0;1;0;1;2;-23.48071896;-46.53271603;SPRF-SP;DEL01-SP;UOP01-DEL01-SP;224.0;-23.48071896;-46.53271603;2023-05-28;2023;5;2023-05;0;Madrugada;0;0;1;6
525784;2023-05-28;domingo;01:50:00;SP;116.0;218;GUARULHOS;Ingestão de álcool pelo condutor;Colisão traseira;Sem Vítimas;Plena Noite;Crescente;Céu Claro;Múltipla;Reta;Sim;4;0;0;0;4;0;0;2;-23.457972;-46.479927;SPRF-SP;DEL01-SP;UOP01-DEL01-SP;218.0;-23.457972;-46.479927;2023-05-28;2023;5;2023-05;1;Madrugada;0;0;0;6
525792;2023-05-28;domingo;02:30:00;SP;116.0;208;GUARULHOS;Reação tardia ou ineficiente do condutor;Saída de leito carroçável;Sem Vítimas;Plena Noite;Decrescente;Vento;Múltipla;Reta;Sim;2;0;0;0;2;0;0;1;-23.42222263;-46.3932771;SPRF-SP;DEL01-SP;UOP01-DEL01-SP;208.0;-23.42222263;-46.3932771;2023-05-28;2023;5;2023-05;2;Madrugada;0;0;0;6
525912;2023-05-28;domingo;15:50:00;SP;116.0;213;GUARULHOS;Reação tardia ou ineficiente do condutor;Colisão com objeto;Com Vítimas Feridas;Pleno dia;Decrescente;Garoa/Chuvisco;Dupla;Reta;Não;2;0;1;0;0;1;1;1;-23.45056589;-46.46258105;SPRF-SP;DEL01-SP;UOP01-DEL01-SP;213.0;-23.45056589;-46.46258105;2023-05-28;2023;5;2023-05;15;Tarde;0;0;1;6
525913;2023-05-28;domingo;17:50:00;SP;116.0;215;GUARULHOS;Ingestão de álcool pelo condutor;Colisão traseira;Com Vítimas Feridas;Plena Noite;Decrescente;Nublado;Múltipla;Não Informado;Sim;5;0;2;1;2;0;3;2;-23.4531188;-46.46849871;SPRF-SP;DEL01-SP;UOP01-DEL01-SP;215.0;-23.4531188;-46.46849871;2023-05-28;2023;5;2023-05;17;Tarde;0;1;5;6
525914;2023-05-28;domingo;19:40:00;SP;116.0;221;GUARULHOS;Entrada inopinada do pedestre;Atropelamento de Pedestre;Com Vítimas Fatais;Plena Noite;Crescente;Garoa/Chuvisco;Múltipla;Interseção de vias;Sim;3;1;0;0;1;1;0;1;-23.46802395;-46.50704901;SPRF-SP;DEL01-SP;UOP01-DEL01-SP;221.0;-23.46802395;-46.50704901;2023-05-28;2023;5;2023-05;19;Noite;1;1;5;6
525942;2023-05-28;domingo;20:50:00;SP;381.0;89;GUARULHOS;Reação tardia ou ineficiente do condutor;Colisão traseira;Sem Vítimas;Plena Noite;Crescente;Chuva;Dupla;Reta;Não;3;0;0;0;3;0;0;3;-23.48469299;-46.55983288;SPRF-SP;DEL03-SP;UOP01-DEL03-SP;89.0;-23.48469299;-46.55983288;2023-05-28;2023;5;2023-05;20;Noite;0;0;0;6
525775;2023-05-28;domingo;00:30:00;SP;116.0;290;ITAPECERICA DA SERRA;Condutor Dormindo;Colisão traseira;Sem Vítimas;Plena Noite;Crescente;Céu Claro;Dupla;Reta;Não;3;0;0;0;3;0;0;2;-23.7303281;-46.89425963;SPRF-SP;DEL04-SP;UOP01-DEL04-SP;290.0;-23.7303281;-46.89425963;2023-05-28;2023;5;2023-05;0;Madrugada;0;0;0;6
525854;2023-05-28;domingo;11:35:00;SP;116.0;165;JACAREI;Ausência de reação do condutor;Engavetamento;Com Vítimas Feridas;Pleno dia;Decrescente;Céu Claro;Dupla;Reta;Não;7;0;4;1;2;0;5;4;-23.29691791;-46.00798704;SPRF-SP;DEL02-SP;UOP01-DEL02-SP;165.0;-23.29691791;-46.00798704;2023-05-28;2023;5;2023-05;11;Manha;0;1;7;6
525928;2023-05-28;domingo;16:45:00;SP;116.0;316.2;JUQUITIBA;Pedestre andava na pista;Colisão lateral mesmo sentido;Com Vítimas Feridas;Anoitecer;Decrescente;Garoa/Chuvisco;Dupla;Reta;Não;4;0;0;1;3;0;1;3;-23.91054997;-46.99149375;SPRF-SP;DEL04-SP;UOP03-DEL04-SP;316.2;-23.91054997;-46.99149375;2023-05-28;2023;5;2023-05;16;Tarde;0;1;3;6
525874;2023-05-28;domingo;14:50:00;SP;459.0;24;LORENA;Transitar na contramão;Colisão lateral sentido oposto;Com Vítimas Feridas;Pleno dia;Decrescente;Céu Claro;Simples;Reta;Não;5;0;2;0;3;0;2;2;-22.679707;-45.13483;SPRF-SP;DEL08-SP;UOP02-DEL08-SP;24.0;-22.679707;-45.13483;2023-05-28;2023;5;2023-05;14;Tarde;0;0;2;6
525872;2023-05-28;domingo;14:30:00;SP;381.0;71.5;MAIRIPORA;Reação tardia ou ineficiente do condutor;Colisão traseira;Com Vítimas Feridas;Pleno dia;Crescente;Chuva;Dupla;Não Informado;Não;4;0;1;0;3;0;1;2;-23.35047979;-46.55267274;SPRF-SP;DEL03-SP;UOP01-DEL03-SP;71.5;-23.35047979;-46.55267274;2023-05-28;2023;5;2023-05;14;Tarde;0;0;1;6
525880;2023-05-28;domingo;15:10:00;SP;116.0;339.4;MIRACATU;Reação tardia ou ineficiente do condutor;Colisão com objeto;Com Vítimas Fatais;Pleno dia;Decrescente;Garoa/Chuvisco;Múltipla;Não Informado;Não;2;1;1;0;0;0;1;1;-23.9983939;-47.14927316;SPRF-SP;DEL04-SP;UOP03-DEL04-SP;339.4;-23.9983939;-47.14927316;2023-05-28;2023;5;2023-05;15;Tarde;1;1;6;6
525899;2023-05-28;domingo;17:00:00;SP;116.0;398;MIRACATU;Chuva;Tombamento;Com Vítimas Feridas;Plena Noite;Decrescente;Chuva;Dupla;Reta;Não;1;0;0;1;0;0;1;1;-24.30085222;-47.48456072;SPRF-SP;DEL04-SP;UOP02-DEL04-SP;398.0;-24.30085222;-47.48456072;2023-05-28;2023;5;2023-05;17;Tarde;0;1;3;6
525974;2023-05-28;domingo;21:50:00;SP;116.0;364.1;MIRACATU;Ausência de reação do condutor;Colisão com objeto;Com Vítimas Feridas;Plena Noite;Decrescente;Garoa/Chuvisco;Dupla;Curva;Não;2;0;1;0;1;0;1;1;-24.13881806;-47.27310246;SPRF-SP;DEL04-SP;UOP02-DEL04-SP;364.1;-24.13881806;-47.27310246;2023-05-28;2023;5;2023-05;21;Noite;0;0;1;6
525983;2023-05-28;domingo;12:00:00;SP;153.0;293.2;OCAUCU;Transitar na contramão;Colisão frontal;Com Vítimas Fatais;Pleno dia;Decrescente;Céu Claro;Simples;Não Informado;Não;2;1;0;1;0;0;1;2;-22.518731;-49.889507;SPRF-SP;DEL07-SP;UOP02-DEL07-SP;293.2;-22.518731;-49.889507;2023-05-28;2023;5;2023-05;12;Tarde;1;1;8;6
525841;2023-05-28;domingo;08:10:00;SP;153.0;150;PROMISSAO;Ausência de reação do condutor;Tombamento;Com Vítimas Feridas;Pleno dia;Crescente;Nublado;Simples;Reta;Não;1;0;1;0;0;0;1;1;-21.41741598;-49.78723082;SPRF-SP;DEL07-SP;UOP01-DEL07-SP;150.0;-21.41741598;-49.78723082;2023-05-28;2023;5;2023-05;8;Manha;0;0;1;6
525822;2023-05-28;domingo;06:35:00;SP;116.0;444;REGISTRO;Ausência de reação do condutor;Queda de ocupante de veículo;Com Vítimas Feridas;Pleno dia;Decrescente;Céu Claro;Dupla;Reta;Sim;1;0;1;0;0;0;1;1;-24.49129421;-47.83614553;SPRF-SP;DEL05-SP;UOP01-DEL05-SP;444.0;-24.49129421;-47.83614553;2023-05-28;2023;5;2023-05;6;Manha;0;0;1;6
525804;2023-05-28;domingo;03:40:00;SP;381.0;84;SAO PAULO;Condutor Dormindo;Capotamento;Com Vítimas Feridas;Plena Noite;Crescente;Céu Claro;Dupla;Reta;Sim;1;0;0;1;0;0;1;1;-23.43937;-46.56807;SPRF-SP;DEL03-SP;UOP01-DEL03-SP;84.0;-23.43937;-46.56807;2023-05-28;2023;5;2023-05;3;Madrugada;0;1;3;6
525916;2023-05-28;domingo;18:30:00;SP;381.0;73;SAO PAULO;Chuva;Capotamento;Com Vítimas Feridas;Plena Noite;Decrescente;Chuva;Dupla;Reta;Não;2;0;1;0;1;0;1;1;-23.36553404;-46.55253934;SPRF-SP;DEL03-SP;UOP01-DEL03-SP;73.0;-23.36553404;-46.55253934;2023-05-28;2023;5;2023-05;18;Noite;0;0;1;6
525976;2023-05-28;domingo;22:00:00;SP;381.0;78;SAO PAULO;Chuva;Colisão com objeto;Com Vítimas Feridas;Plena Noite;Decrescente;Nublado;Dupla;Curva;Sim;2;0;1;0;1;0;1;1;-23.39620774;-46.57355227;SPRF-SP;DEL03-SP;UOP01-DEL03-SP;78.0;-23.39620774;-46.57355227;2023-05-28;2023;5;2023-05;22;Noite;0;0;1;6
525797;2023-05-28;domingo;02:15:00;SP;101.0;52;UBATUBA;Ausência de reação do condutor;Tombamento;Com Vítimas Feridas;Plena Noite;Crescente;Céu Claro;Simples;Rotatória;Sim;1;0;1;0;0;0;1;1;-23.4623355;-45.06476561;SPRF-SP;DEL06-SP;UOP01-DEL06-SP;52.0;-23.4623355;-45.06476561;2023-05-28;2023;5;2023-05;2;Madrugada;0;0;1;6
526080;2023-05-29;segunda-feira;09:55:00;SP;116.0;546;BARRA DO TURVO;Chuva;Queda de ocupante de veículo;Com Vítimas Feridas;Pleno dia;Crescente;Garoa/Chuvisco;Múltipla;Curva;Não;1;0;1;0;0;0;1;1;-24.9470862;-48.43042095;SPRF-SP;DEL05-SP;UOP02-DEL05-SP;546.0;-24.9470862;-48.43042095;2023-05-29;2023;5;2023-05;9;Manha;0;0;1;0
526107;2023-05-29;segunda-feira;11:00:00;SP;116.0;541;BARRA DO TURVO;Reação tardia ou ineficiente do condutor;Saída de leito carroçável;Com Vítimas Feridas;Pleno dia;Crescente;Garoa/Chuvisco;Dupla;Não Informado;Não;3;0;1;0;2;0;1;1;-24.97245688;-48.39976606;SPRF-SP;DEL05-SP;UOP02-DEL05-SP;541.0;-24.97245688;-48.39976606;2023-05-29;2023;5;2023-05;11;Manha;0;0;1;0
526160;2023-05-29;segunda-feira;18:20:00;SP;116.0;132.3;CACAPAVA;Entrada inopinada do pedestre;Atropelamento de Pedestre;Com Vítimas Fatais;Anoitecer;Decrescente;Céu Claro;Dupla;Reta;Não;4;1;0;0;0;3;0;2;-23.13169757;-45.74481322;SPRF-SP;DEL02-SP;UOP02-DEL02-SP;132.3;-23.13169757;-45.74481322;2023-05-29;2023;5;2023-05;18;Noite;1;1;5;0
526132;2023-05-29;segunda-feira;13:40:00;SP;116.0;514;CAJATI;Reação tardia ou ineficiente do condutor;Saída de leito carroçável;Sem Vítimas;Pleno dia;Crescente;Garoa/Chuvisco;Múltipla;Curva;Não;1;0;0;0;1;0;0;1;-24.85874304;-48.21731282;SPRF-SP;DEL05-SP;UOP02-DEL05-SP;514.0;-24.85874304;-48.21731282;2023-05-29;2023;5;2023-05;13;Tarde;0;0;0;0
526066;2023-05-29;segunda-feira;08:30:00;SP;116.0;58.2;GUARATINGUETA;Velocidade Incompatível;Queda de ocupante de veículo;Com Vítimas Feridas;Pleno dia;Decrescente;Nublado;Simples;Retorno Regulamentado;Sim;3;0;1;1;1;0;2;2;-22.78005511;-45.14572791;SPRF-SP;DEL08-SP;UOP01-DEL08-SP;58.2;-22.78005511;-45.14572791;2023-05-29;2023;5;2023-05;8;Manha;0;1;4;0
525991;2023-05-29;segunda-feira;00:30:00;SP;116.0;216;GUARULHOS;Velocidade Incompatível;Colisão com objeto;Com Vítimas Feridas;Plena Noite;Decrescente;Céu Claro;Múltipla;Reta;Sim;2;0;2;0;0;0;2;1;-23.45056589;-46.46258105;SPRF-SP;DEL01-SP;UOP01-DEL01-SP;216.0;-23.45056589;-46.46258105;2023-05-29;2023;5;2023-05;0;Madrugada;0;0;2;0
526071;2023-05-29;segunda-feira;10:40:00;SP;116.0;223;GUARULHOS;Reação tardia ou ineficiente do condutor;Colisão traseira;Com Vítimas Feridas;Pleno dia;Decrescente;Céu Claro;Múltipla;Reta;Sim;2;0;1;0;1;0;1;2;-23.47559815;-46.5246609;SPRF-SP;DEL01-SP;UOP01-DEL01-SP;223.0;-23.47559815;-46.5246609;2023-05-29;2023;5;2023-05;10;Manha;0;0;1;0
526129;2023-05-29;segunda-feira;15:40:00;SP;116.0;223.9;GUARULHOS;Ingestão de álcool pelo condutor;Tombamento;Sem Vítimas;Pleno dia;Decrescente;Nublado;Múltipla;Reta;Sim;1;0;0;0;1;0;0;1;-23.48182621;-46.53430939;SPRF-SP;DEL01-SP;UOP01-DEL01-SP;223.9;-23.48182621;-46.53430939;2023-05-29;2023;5;2023-05;15;Tarde;0;0;0;0
526013;2023-05-29;segunda-feira;05:57:00;SP;116.0;167;JACAREI;Falta de acostamento;Colisão lateral mesmo sentido;Com Vítimas Feridas;Pleno dia;Decrescente;Céu Claro;Simples;Viaduto;Sim;2;0;2;0;0;0;2;2;-23.30254924;-46.02640493;SPRF-SP;DEL02-SP;UOP01-DEL02-SP;167.0;-23.30254924;-46.02640493;2023-05-29;2023;5;2023-05;5;Madrugada;0;0;2;0
526032;2023-05-29;segunda-feira;07:00:00;SP;116.0;326;JUQUITIBA;Pista Escorregadia;Saída de leito carroçável;Com Vítimas Feridas;Pleno dia;Decrescente;Garoa/Chuvisco;Dupla;Reta;Não;1;0;1;0;0;0;1;1;-23.93901304;-47.06241203;SPRF-SP;DEL04-SP;UOP03-DEL04-SP;326.0;-23.93901304;-47.06241203;2023-05-29;2023;5;2023-05;7;Manha;0;0;1;0
526157;2023-05-29;segunda-feira;18:15:00;SP;381.0;61;MAIRIPORA;Pedestre cruzava a pista fora da faixa;Atropelamento de Pedestre;Com Vítimas Feridas;Plena Noite;Decrescente;Céu Claro;Dupla;Curva;Não;3;0;0;1;2;0;1;1;-23.2916;-46.579377;SPRF-SP;DEL03-SP;UOP01-DEL03-SP;61.0;-23.2916;-46.579377;2023-05-29;2023;5;2023-05;18;Noite;0;1;3;0
526003;2023-05-29;segunda-feira;02:00:00;SP;116.0;392;MIRACATU;Ausência de reação do condutor;Colisão transversal;Com Vítimas Feridas;Plena Noite;Decrescente;Chuva;Dupla;Reta;Não;5;0;2;0;3;0;2;2;-24.2823606;-47.4330272;SPRF-SP;DEL04-SP;UOP02-DEL04-SP;392.0;-24.2823606;-47.4330272;2023-05-29;2023;5;2023-05;2;Madrugada;0;0;2;0
526112;2023-05-29;segunda-feira;14:05:00;SP;116.0;347;MIRACATU;Pista Escorregadia;Saída de leito carroçável;Com Vítimas Feridas;Pleno dia;Decrescente;Garoa/Chuvisco;Múltipla;Não Informado;Não;2;0;1;0;1;0;1;1;-24.04699491;-47.19706111;SPRF-SP;DEL04-SP;UOP03-DEL04-SP;347.0;-24.04699491;-47.19706111;2023-05-29;2023;5;2023-05;14;Tarde;0;0;1;0
526028;2023-05-29;segunda-feira;07:40:00;SP;116.0;446;REGISTRO;Reação tardia ou ineficiente do condutor;Colisão com objeto;Com Vítimas Feridas;Pleno dia;Decrescente;Chuva;Múltipla;Curva;Sim;1;0;1;0;0;0;1;1;-24.50467087;-47.84772743;SPRF-SP;DEL05-SP;UOP01-DEL05-SP;446.0;-24.50467087;-47.84772743;2023-05-29;2023;5;2023-05;7;Manha;0;0;1;0
526036;2023-05-29;segunda-feira;07:35:00;SP;116.0;138;SAO JOSE DOS CAMPOS;Ausência de reação do condutor;Colisão traseira;Com Vítimas Feridas;Pleno dia;Crescente;Nublado;Dupla;Reta;Sim;3;0;1;0;2;0;1;2;-23.1572739;-45.79554605;SPRF-SP;DEL02-SP;UOP01-DEL02-SP;138.0;-23.1572739;-45.79554605;2023-05-29;2023;5;2023-05;7;Manha;0;0;1;0
526035;2023-05-29;segunda-feira;07:00:00;SP;116.0;306;SAO LOURENCO DA SERRA;Mal súbito do condutor;Colisão com objeto;Com Vítimas Fatais;Pleno dia;Crescente;Garoa/Chuvisco;Dupla;Reta;Não;1;1;0;0;0;0;0;1;-23.8486091;-46.93801566;SPRF-SP;DEL04-SP;UOP01-DEL04-SP;306.0;-23.8486091;-46.93801566;2023-05-29;2023;5;2023-05;7;Manha;1;1;5;0
526033;2023-05-29;segunda-feira;06:30:00;SP;381.0;74;SAO PAULO;Chuva;Colisão com objeto;Com Vítimas Feridas;Pleno dia;Decrescente;Chuva;Dupla;Não Informado;Não;3;0;1;0;1;1;1;1;-23.37208014;-46.55700294;SPRF-SP;DEL03-SP;UOP01-DEL03-SP;74.0;-23.37208014;-46.55700294;2023-05-29;2023;5;2023-05;6;Manha;0;0;1;0
526038;2023-05-29;segunda-feira;08:04:00;SP;116.0;108;TAUBATE;Reação tardia ou ineficiente do condutor;Tombamento;Com Vítimas Feridas;Pleno dia;Crescente;Céu Claro;Dupla;Reta;Sim;1;0;1;0;0;0;1;1;-23.0233097;-45.53763622;SPRF-SP;DEL02-SP;UOP02-DEL02-SP;108.0;-23.0233097;-45.53763622;2023-05-29;2023;5;2023-05;8;Manha;0;0;1;0
526004;2023-05-29;segunda-feira;03:15:00;SP;381.0;4;VARGEM;Transitar na contramão;Colisão frontal;Com Vítimas Feridas;Plena Noite;Crescente;Céu Claro;Dupla;Reta;Sim;2;0;0;1;1;0;1;2;-22.8826217;-46.40779515;SPRF-SP;DEL03-SP;UOP02-DEL03-SP;4.0;-22.8826217;-46.40779515;2023-05-29;2023;5;2023-05;3;Madrugada;0;1;3;0
526302;2023-05-30;terca-feira;16:10:00;SP;116.0;201;ARUJA;Avarias e/ou desgaste excessivo no pneu;Tombamento;Com Vítimas Feridas;Pleno dia;Decrescente;Céu Claro;Múltipla;Não Informado;Sim;1;0;1;0;0;0;1;1;-23.40362877;-46.33050107;SPRF-SP;DEL01-SP;UOP01-DEL01-SP;201.0;-23.40362877;-46.33050107;2023-05-30;2023;5;2023-05;16;Tarde;0;0;1;1
526285;2023-05-30;terca-feira;14:20:00;SP;116.0;121;CACAPAVA;Entrada inopinada do pedestre;Atropelamento de Pedestre;Com Vítimas Feridas;Pleno dia;Decrescente;Céu Claro;Dupla;Reta;Não;2;0;1;0;1;0;1;1;-23.07631169;-45.65337222;SPRF-SP;DEL02-SP;UOP02-DEL02-SP;121.0;-23.07631169;-45.65337222;2023-05-30;2023;5;2023-05;14;Tarde;0;0;1;1
526203;2023-05-30;terca-feira;00:45:00;SP;116.0;516;CAJATI;Reação tardia ou ineficiente do condutor;Colisão traseira;Com Vítimas Feridas;Plena Noite;Decrescente;Garoa/Chuvisco;Dupla;Curva;Não;5;0;2;0;2;1;2;2;-24.87423036;-48.2190838;SPRF-SP;DEL05-SP;UOP02-DEL05-SP;516.0;-24.87423036;-48.2190838;2023-05-30;2023;5;2023-05;0;Madrugada;0;0;2;1
526221;2023-05-30;terca-feira;07:00:00;SP;116.0;279.2;EMBU DAS ARTES;Trafegar com motocicleta (ou similar) entre as faixas;Tombamento;Com Vítimas Feridas;Pleno dia;Decrescente;Nublado;Dupla;Não Informado;Sim;2;0;1;0;0;1;1;2;-23.66233697;-46.85292907;SPRF-SP;DEL04-SP;UOP01-DEL04-SP;279.2;-23.66233697;-46.85292907;2023-05-30;2023;5;2023-05;7;Manha;0;0;1;1
526258;2023-05-30;terca-feira;10:40:00;SP;381.0;88.9;GUARULHOS;Manobra de mudança de faixa;Colisão lateral mesmo sentido;Com Vítimas Feridas;Pleno dia;Crescente;Nublado;Múltipla;Reta;Sim;3;0;1;0;2;0;1;3;-23.47469314;-46.56112919;SPRF-SP;DEL03-SP;UOP01-DEL03-SP;88.9;-23.47469314;-46.56112919;2023-05-30;2023;5;2023-05;10;Manha;0;0;1;1
526326;2023-05-30;terca-feira;18:40:00;SP;381.0;57;MAIRIPORA;Acumulo de água sobre o pavimento;Queda de ocupante de veículo;Com Vítimas Feridas;Plena Noite;Decrescente;Chuva;Dupla;Reta;Não;1;0;1;0;0;0;1;1;-23.2658219;-46.5839857;SPRF-SP;DEL03-SP;UOP01-DEL03-SP;57.0;-23.2658219;-46.5839857;2023-05-30;2023;5;2023-05;18;Noite;0;0;1;1
526360;2023-05-30;terca-feira;20:56:00;SP;381.0;70;MAIRIPORA;Ausência de reação do condutor;Colisão frontal;Com Vítimas Feridas;Plena Noite;Crescente;Chuva;Múltipla;Não Informado;Não;2;0;2;0;0;0;2;1;-23.34972978;-46.56070474;SPRF-SP;DEL03-SP;UOP01-DEL03-SP;70.0;-23.34972978;-46.56070474;2023-05-30;2023;5;2023-05;20;Noite;0;0;2;1
531106;2023-05-30;terca-feira;18:50:00;SP;381.0;56;MAIRIPORA;Transitar na contramão;Colisão frontal;Com Vítimas Feridas;Plena Noite;Decrescente;Chuva;Simples;Não Informado;Não;3;0;1;0;2;0;1;2;-23.25907163;-46.58982662;SPRF-SP;DEL03-SP;UOP01-DEL03-SP;56.0;-23.25907163;-46.58982662;2023-05-30;2023;5;2023-05;18;Noite;0;0;1;1
526371;2023-05-30;terca-feira;19:55:00;SP;116.0;99;PINDAMONHANGABA;Avarias e/ou desgaste excessivo no pneu;Colisão lateral sentido oposto;Com Vítimas Feridas;Plena Noite;Crescente;Chuva;Simples;Curva;Não;4;0;1;2;1;0;3;2;-22.98236971;-45.46436617;SPRF-SP;DEL08-SP;UOP01-DEL08-SP;99.0;-22.98236971;-45.46436617;2023-05-30;2023;5;2023-05;19;Noite;0;1;7;1
526313;2023-05-30;terca-feira;12:30:00;SP;459.0;10.6;PIQUETE;Objeto estático sobre o leito carroçável;Colisão com objeto;Com Vítimas Feridas;Pleno dia;Crescente;Sol;Simples;Curva;Não;1;0;1;0;0;0;1;1;-22.580744;-45.196285;SPRF-SP;DEL08-SP;UOP02-DEL08-SP;10.6;-22.580744;-45.196285;2023-05-30;2023;5;2023-05;12;Tarde;0;0;1;1
526219;2023-05-30;terca-feira;08:00:00;SP;116.0;186;SANTA ISABEL;Manobra de mudança de faixa;Colisão lateral mesmo sentido;Com Vítimas Feridas;Pleno dia;Decrescente;Nublado;Dupla;Reta;Sim;3;0;3;0;0;0;3;2;-23.35220682;-46.19934905;SPRF-SP;DEL01-SP;UOP01-DEL01-SP;186.0;-23.35220682;-46.19934905;2023-05-30;2023;5;2023-05;8;Manha;0;0;3;1
526218;2023-05-30;terca-feira;06:40:00;SP;153.0;62.3;SAO JOSE DO RIO PRETO;Manobra de mudança de faixa;Colisão lateral mesmo sentido;Com Vítimas Feridas;Amanhecer;Crescente;Céu Claro;Dupla;Não Informado;Sim;2;0;1;0;1;0;1;2;-20.81325404;-49.35675563;SPRF-SP;DEL09-SP;UOP01-DEL09-SP;62.3;-20.81325404;-49.35675563;2023-05-30;2023;5;2023-05;6;Manha;0;0;1;1
526205;2023-05-30;terca-feira;03:00:00;SP;116.0;146;SAO JOSE DOS CAMPOS;Ausência de reação do condutor;Colisão traseira;Com Vítimas Feridas;Plena Noite;Decrescente;Céu Claro;Múltipla;Não Informado;Não;2;0;1;0;1;0;1;2;-23.19122919;-45.86327591;SPRF-SP;DEL02-SP;UOP01-DEL02-SP;146.0;-23.19122919;-45.86327591;2023-05-30;2023;5;2023-05;3;Madrugada;0;0;1;1
526347;2023-05-30;terca-feira;20:00:00;SP;116.0;230.5;SAO PAULO;Reação tardia ou ineficiente do condutor;Colisão traseira;Com Vítimas Feridas;Plena Noite;Crescente;Nublado;Múltipla;Reta;Sim;3;0;1;0;2;0;1;3;-23.52251783;-46.5855702;SPRF-SP;DEL01-SP;UOP01-DEL01-SP;230.5;-23.52251783;-46.5855702;2023-05-30;2023;5;2023-05;20;Noite;0;0;1;1
526216;2023-05-30;terca-feira;06:30:00;SP;116.0;108.2;TAUBATE;Manobra de mudança de faixa;Colisão lateral mesmo sentido;Com Vítimas Feridas;Pleno dia;Crescente;Nublado;Dupla;Reta;Não;2;0;1;0;1;0;1;2;-23.0233097;-45.53763622;SPRF-SP;DEL02-SP;UOP02-DEL02-SP;108.2;-23.0233097;-45.53763622;2023-05-30;2023;5;2023-05;6;Manha;0;0;1;1
526412;2023-05-31;quarta-feira;07:20:00;SP;381.0;37.3;ATIBAIA;Reação tardia ou ineficiente do condutor;Engavetamento;Com Vítimas Feridas;Amanhecer;Decrescente;Chuva;Dupla;Reta;Sim;4;0;3;0;1;0;3;3;-23.10787542;-46.56954825;SPRF-SP;DEL03-SP;UOP01-DEL03-SP;37.3;-23.10787542;-46.56954825;2023-05-31;2023;5;2023-05;7;Manha;0;0;3;2
526561;2023-05-31;quarta-feira;23:50:00;SP;116.0;134;CACAPAVA;Demais falhas mecânicas ou elétricas;Incêndio;Sem Vítimas;Plena Noite;Crescente;Garoa/Chuvisco;Dupla;Reta;Não;1;0;0;0;1;0;0;1;-23.1402216;-45.7617252;SPRF-SP;DEL02-SP;UOP02-DEL02-SP;134.0;-23.1402216;-45.7617252;2023-05-31;2023;5;2023-05;23;Noite;0;0;0;2
526393;2023-05-31;quarta-feira;05:00:00;SP;116.0;58;GUARATINGUETA;Ausência de reação do condutor;Colisão com objeto;Com Vítimas Feridas;Amanhecer;Crescente;Chuva;Dupla;Reta;Não;1;0;1;0;0;0;1;1;-22.78005511;-45.14572791;SPRF-SP;DEL08-SP;UOP01-DEL08-SP;58.0;-22.78005511;-45.14572791;2023-05-31;2023;5;2023-05;5;Madrugada;0;0;1;2
526429;2023-05-31;quarta-feira;08:50:00;SP;116.0;221;GUARULHOS;Reação tardia ou ineficiente do condutor;Tombamento;Com Vítimas Feridas;Pleno dia;Crescente;Chuva;Múltipla;Reta;Sim;1;0;1;0;0;0;1;1;-23.46802395;-46.50704901;SPRF-SP;DEL01-SP;UOP01-DEL01-SP;221.0;-23.46802395;-46.50704901;2023-05-31;2023;5;2023-05;8;Manha;0;0;1;2
526434;2023-05-31;quarta-feira;09:45:00;SP;116.0;216;GUARULHOS;Reação tardia ou ineficiente do condutor;Colisão lateral mesmo sentido;Com Vítimas Feridas;Pleno dia;Crescente;Garoa/Chuvisco;Simples;Não Informado;Não;2;0;2;0;0;0;2;2;-23.45056589;-46.46258105;SPRF-SP;DEL01-SP;UOP01-DEL01-SP;216.0;-23.45056589;-46.46258105;2023-05-31;2023;5;2023-05;9;Manha;0;0;2;2
526449;2023-05-31;quarta-feira;08:45:00;SP;116.0;225.9;GUARULHOS;Reação tardia ou ineficiente do condutor;Colisão lateral mesmo sentido;Com Vítimas Feridas;Pleno dia;Decrescente;Chuva;Múltipla;Não Informado;Sim;2;0;1;0;0;1;1;2;-23.49047559;-46.54792428;SPRF-SP;DEL01-SP;UOP01-DEL01-SP;225.9;-23.49047559;-46.54792428;2023-05-31;2023;5;2023-05;8;Manha;0;0;1;2
526498;2023-05-31;quarta-feira;15:10:00;SP;381.0;59;MAIRIPORA;Velocidade Incompatível;Colisão com objeto;Com Vítimas Feridas;Pleno dia;Decrescente;Garoa/Chuvisco;Dupla;Não Informado;Sim;1;0;1;0;0;0;1;1;-23.28270705;-46.58787791;SPRF-SP;DEL03-SP;UOP01-DEL03-SP;59.0;-23.28270705;-46.58787791;2023-05-31;2023;5;2023-05;15;Tarde;0;0;1;2
526514;2023-05-31;quarta-feira;17:05:00;SP;381.0;71.5;MAIRIPORA;Velocidade Incompatível;Colisão com objeto;Sem Vítimas;Anoitecer;Crescente;Chuva;Dupla;Não Informado;Não;1;0;0;0;1;0;0;1;-23.35047979;-46.55267274;SPRF-SP;DEL03-SP;UOP01-DEL03-SP;71.5;-23.35047979;-46.55267274;2023-05-31;2023;5;2023-05;17;Tarde;0;0;0;2
526467;2023-05-31;quarta-feira;13:25:00;SP;153.0;83.9;MIRASSOL;Transitar na contramão;Colisão frontal;Com Vítimas Feridas;Pleno dia;Crescente;Céu Claro;Simples;Não Informado;Não;2;0;0;1;1;0;1;2;-20.92266511;-49.50450592;SPRF-SP;DEL09-SP;UOP01-DEL09-SP;83.9;-20.92266511;-49.50450592;2023-05-31;2023;5;2023-05;13;Tarde;0;1;3;2
526432;2023-05-31;quarta-feira;08:00:00;SP;116.0;437;REGISTRO;Pedestre andava na pista;Atropelamento de Pedestre;Com Vítimas Feridas;Pleno dia;Decrescente;Garoa/Chuvisco;Dupla;Reta;Não;2;0;0;1;1;0;1;1;-24.44201718;-47.79888683;SPRF-SP;DEL05-SP;UOP01-DEL05-SP;437.0;-24.44201718;-47.79888683;2023-05-31;2023;5;2023-05;8;Manha;0;1;3;2
526446;2023-05-31;quarta-feira;11:10:00;SP;153.0;72.8;SAO JOSE DO RIO PRETO;Manobra de mudança de faixa;Saída de leito carroçável;Com Vítimas Feridas;Pleno dia;Crescente;Céu Claro;Dupla;Não Informado;Sim;3;0;1;0;1;1;1;1;-20.86715501;-49.41334398;SPRF-SP;DEL09-SP;UOP01-DEL09-SP;72.8;-20.86715501;-49.41334398;2023-05-31;2023;5;2023-05;11;Manha;0;0;1;2
526433;2023-05-31;quarta-feira;08:45:00;SP;116.0;155;SAO JOSE DOS CAMPOS;Condutor deixou de manter distância do veículo da frente;Engavetamento;Com Vítimas Feridas;Pleno dia;Decrescente;Chuva;Múltipla;Reta;Sim;4;0;1;0;3;0;1;3;-23.24524337;-45.92772774;SPRF-SP;DEL02-SP;UOP01-DEL02-SP;155.0;-23.24524337;-45.92772774;2023-05-31;2023;5;2023-05;8;Manha;0;0;1;2
526516;2023-05-31;quarta-feira;17:30:00;SP;116.0;148.3;SAO JOSE DOS CAMPOS;Avarias e/ou desgaste excessivo no pneu;Engavetamento;Com Vítimas Feridas;Anoitecer;Decrescente;Chuva;Múltipla;Reta;Sim;8;0;1;0;7;0;1;3;-23.20067421;-45.8795018;SPRF-SP;DEL02-SP;UOP01-DEL02-SP;148.3;-23.20067421;-45.8795018;2023-05-31;2023;5;2023-05;17;Tarde;0;0;1;2
526454;2023-05-31;quarta-feira;10:10:00;SP;116.0;307;SAO LOURENCO DA SERRA;Chuva;Colisão transversal;Com Vítimas Feridas;Pleno dia;Decrescente;Chuva;Dupla;Reta;Não;2;0;1;0;1;0;1;2;-23.85630016;-46.94096988;SPRF-SP;DEL04-SP;UOP01-DEL04-SP;307.0;-23.85630016;-46.94096988;2023-05-31;2023;5;2023-05;10;Manha;0;0;1;2
526556;2023-05-31;quarta-feira;20:00:00;SP;381.0;86;SAO PAULO;Pedestre cruzava a pista fora da faixa;Atropelamento de Pedestre;Com Vítimas Fatais;Plena Noite;Crescente;Céu Claro;Múltipla;Curva;Sim;2;1;0;0;1;0;0;1;-23.45930499;-46.57161179;SPRF-SP;DEL03-SP;UOP01-DEL03-SP;86.0;-23.45930499;-46.57161179;2023-05-31;2023;5;2023-05;20;Noite;1;1;5;2
526521;2023-05-31;quarta-feira;18:20:00;SP;116.0;106;TAUBATE;Ausência de reação do condutor;Engavetamento;Com Vítimas Feridas;Plena Noite;Crescente;Céu Claro;Dupla;Reta;Sim;6;0;3;0;3;0;3;3;-23.01250593;-45.52256005;SPRF-SP;DEL02-SP;UOP02-DEL02-SP;106.0;-23.01250593;-45.52256005;2023-05-31;2023;5;2023-05;18;Noite;0;0;3;2
526546;2023-05-31;quarta-feira;20:45:00;SP;101.0;48;UBATUBA;Conversão proibida;Tombamento;Com Vítimas Feridas;Plena Noite;Crescente;Chuva;Simples;Reta;Sim;3;0;1;0;2;0;1;2;-23.43451228;-45.0863797;SPRF-SP;DEL06-SP;UOP01-DEL06-SP;48.0;-23.43451228;-45.0863797;2023-05-31;2023;5;2023-05;20;Noite;0;0;1;2
526670;2023-06-01;quinta-feira;14:25:00;SP;116.0;204;ARUJA;Manobra de mudança de faixa;Colisão lateral mesmo sentido;Com Vítimas Feridas;Pleno dia;Decrescente;Céu Claro;Dupla;Reta;Não;4;0;1;0;3;0;1;3;-23.41236123;-46.35692496;SPRF-SP;DEL01-SP;UOP01-DEL01-SP;204.0;-23.41236123;-46.35692496;2023-06-01;2023;6;2023-06;14;Tarde;0;0;1;3
526590;2023-06-01;quinta-feira;06:30:00;SP;116.0;275;EMBU DAS ARTES;Acessar a via sem observar a presença dos outros veículos;Colisão traseira;Com Vítimas Feridas;Pleno dia;Decrescente;Céu Claro;Dupla;Reta;Sim;2;0;1;0;1;0;1;2;-23.63638826;-46.83251584;SPRF-SP;DEL04-SP;UOP01-DEL04-SP;275.0;-23.63638826;-46.83251584;2023-06-01;2023;6;2023-06;6;Manha;0;0;1;3
526625;2023-06-01;quinta-feira;09:30:00;SP;116.0;61.6;GUARATINGUETA;Demais falhas mecânicas ou elétricas;Incêndio;Sem Vítimas;Pleno dia;Decrescente;Céu Claro;Dupla;Reta;Não;1;0;0;0;1;0;0;1;-22.79763613;-45.1674588;SPRF-SP;DEL08-SP;UOP01-DEL08-SP;61.6;-22.79763613;-45.1674588;2023-06-01;2023;6;2023-06;9;Manha;0;0;0;3
526719;2023-06-01;quinta-feira;19:00:00;SP;116.0;209;GUARULHOS;Manobra de mudança de faixa;Colisão lateral mesmo sentido;Com Vítimas Feridas;Plena Noite;Decrescente;Céu Claro;Múltipla;Não Informado;Sim;2;0;2;0;0;0;2;1;-23.42511799;-46.40221101;SPRF-SP;DEL01-SP;UOP01-DEL01-SP;209.0;-23.42511799;-46.40221101;2023-06-01;2023;6;2023-06;19;Noite;0;0;2;3
526665;2023-06-01;quinta-feira;03:00:00;SP;116.0;411;JUQUIA;Reação tardia ou ineficiente do condutor;Saída de leito carroçável;Sem Vítimas;Plena Noite;Decrescente;Nublado;Dupla;Reta;Não;1;0;0;0;1;0;0;1;-24.33308537;-47.60360609;SPRF-SP;DEL05-SP;UOP01-DEL05-SP;411.0;-24.33308537;-47.60360609;2023-06-01;2023;6;2023-06;3;Madrugada;0;0;0;3
526742;2023-06-01;quinta-feira;19:00:00;SP;116.0;270;TABOAO DA SERRA;Trafegar com motocicleta (ou similar) entre as faixas;Colisão traseira;Com Vítimas Feridas;Plena Noite;Crescente;Nublado;Múltipla;Reta;Sim;3;0;0;1;2;0;1;2;-23.60755525;-46.76615953;SPRF-SP;DEL04-SP;UOP01-DEL04-SP;270.0;-23.60755525;-46.76615953;2023-06-01;2023;6;2023-06;19;Noite;0;1;3;3
526586;2023-06-01;quinta-feira;07:05:00;SP;101.0;48;UBATUBA;Acessar a via sem observar a presença dos outros veículos;Colisão transversal;Com Vítimas Feridas;Pleno dia;Crescente;Céu Claro;Dupla;Ponte;Sim;2;0;1;0;1;0;1;2;-23.43696329;-45.08768768;SPRF-SP;DEL06-SP;UOP01-DEL06-SP;48.0;-23.43696329;-45.08768768;2023-06-01;2023;6;2023-06;7;Manha;0;0;1;3
527004;2023-06-02;sexta-feira;22:10:00;SP;381.0;39.5;ATIBAIA;Reação tardia ou ineficiente do condutor;Colisão com objeto;Sem Vítimas;Plena Noite;Crescente;Céu Claro;Dupla;Não Informado;Sim;1;0;0;0;1;0;0;1;-23.1215761;-46.57471572;SPRF-SP;DEL03-SP;UOP01-DEL03-SP;39.5;-23.1215761;-46.57471572;2023-06-02;2023;6;2023-06;22;Noite;0;0;0;4
527005;2023-06-02;sexta-feira;22:30:00;SP;381.0;39;ATIBAIA;Ausência de reação do condutor;Colisão traseira;Sem Vítimas;Plena Noite;Crescente;Céu Claro;Dupla;Não Informado;Sim;5;0;0;0;5;0;0;2;-23.1215761;-46.57471572;SPRF-SP;DEL03-SP;UOP01-DEL03-SP;39.0;-23.1215761;-46.57471572;2023-06-02;2023;6;2023-06;22;Noite;0;0;0;4
526996;2023-06-02;sexta-feira;23:00:00;SP;116.0;276.9;EMBU DAS ARTES;Reação tardia ou ineficiente do condutor;Colisão traseira;Com Vítimas Feridas;Plena Noite;Crescente;Céu Claro;Dupla;Reta;Sim;2;0;1;0;1;0;1;2;-23.64262417;-46.83811382;SPRF-SP;DEL04-SP;UOP01-DEL04-SP;276.9;-23.64262417;-46.83811382;2023-06-02;2023;6;2023-06;23;Noite;0;0;1;4
526824;2023-06-02;sexta-feira;07:00:00;SP;153.0;215;GUAIMBE;Avarias e/ou desgaste excessivo no pneu;Colisão com objeto;Com Vítimas Feridas;Amanhecer;Decrescente;Céu Claro;Simples;Desvio Temporário;Não;19;0;2;0;17;0;2;2;-21.95289098;-49.92255022;SPRF-SP;DEL07-SP;UOP02-DEL07-SP;215.0;-21.95289098;-49.92255022;2023-06-02;2023;6;2023-06;7;Manha;0;0;2;4
526837;2023-06-02;sexta-feira;08:30:00;SP;116.0;223;GUARULHOS;Trafegar com motocicleta (ou similar) entre as faixas;Colisão lateral mesmo sentido;Com Vítimas Feridas;Pleno dia;Decrescente;Céu Claro;Dupla;Reta;Sim;2;0;1;0;1;0;1;2;-23.47559815;-46.5246609;SPRF-SP;DEL01-SP;UOP01-DEL01-SP;223.0;-23.47559815;-46.5246609;2023-06-02;2023;6;2023-06;8;Manha;0;0;1;4
526850;2023-06-02;sexta-feira;08:40:00;SP;381.0;90.4;GUARULHOS;Ingestão de álcool pelo condutor;Colisão lateral mesmo sentido;Sem Vítimas;Pleno dia;Crescente;Céu Claro;Múltipla;Reta;Não;4;0;0;0;3;1;0;2;-23.499535;-46.559508;SPRF-SP;DEL01-SP;UOP01-DEL01-SP;90.4;-23.499535;-46.559508;2023-06-02;2023;6;2023-06;8;Manha;0;0;0;4
526999;2023-06-02;sexta-feira;22:00:00;SP;381.0;87;GUARULHOS;Manobra de mudança de faixa;Colisão lateral mesmo sentido;Com Vítimas Feridas;Plena Noite;Decrescente;Céu Claro;Múltipla;Reta;Não;3;0;1;0;2;0;1;2;-23.46885001;-46.56996601;SPRF-SP;DEL03-SP;UOP01-DEL03-SP;87.0;-23.46885001;-46.56996601;2023-06-02;2023;6;2023-06;22;Noite;0;0;1;4
526915;2023-06-02;sexta-feira;17:00:00;SP;381.0;55;MAIRIPORA;Manobra de mudança de faixa;Capotamento;Com Vítimas Feridas;Pleno dia;Crescente;Céu Claro;Dupla;Curva;Sim;2;0;1;0;1;0;1;2;-23.25207404;-46.59480386;SPRF-SP;DEL03-SP;UOP01-DEL03-SP;55.0;-23.25207404;-46.59480386;2023-06-02;2023;6;2023-06;17;Tarde;0;0;1;4
526945;2023-06-02;sexta-feira;19:10:00;SP;153.0;38.1;ONDA VERDE;Deficiência do Sistema de Iluminação/Sinalização;Colisão traseira;Com Vítimas Feridas;Plena Noite;Crescente;Céu Claro;Simples;Reta;Não;2;0;1;0;1;0;1;2;-20.605145;-49.323185;SPRF-SP;DEL09-SP;UOP01-DEL09-SP;38.1;-20.605145;-49.323185;2023-06-02;2023;6;2023-06;19;Noite;0;0;1;4
526887;2023-06-02;sexta-feira;14:30:00;SP;153.0;62;SAO JOSE DO RIO PRETO;Reação tardia ou ineficiente do condutor;Engavetamento;Com Vítimas Feridas;Pleno dia;Crescente;Céu Claro;Dupla;Reta;Sim;9;0;1;0;8;0;1;5;-20.81325404;-49.35675563;SPRF-SP;DEL09-SP;UOP01-DEL09-SP;62.0;-20.81325404;-49.35675563;2023-06-02;2023;6;2023-06;14;Tarde;0;0;1;4
526969;2023-06-02;sexta-feira;19:19:00;SP;116.0;149.4;SAO JOSE DOS CAMPOS;Ausência de reação do condutor;Colisão traseira;Com Vítimas Feridas;Plena Noite;Decrescente;Nublado;Múltipla;Não Informado;Não;2;0;1;0;1;0;1;2;-23.20700047;-45.88626861;SPRF-SP;DEL02-SP;UOP01-DEL02-SP;149.4;-23.20700047;-45.88626861;2023-06-02;2023;6;2023-06;19;Noite;0;0;1;4
526970;2023-06-02;sexta-feira;19:30:00;SP;116.0;148.7;SAO JOSE DOS CAMPOS;Ausência de reação do condutor;Colisão lateral mesmo sentido;Com Vítimas Feridas;Plena Noite;Decrescente;Céu Claro;Múltipla;Reta;Sim;2;0;1;0;1;0;1;2;-23.20067421;-45.8795018;SPRF-SP;DEL02-SP;UOP01-DEL02-SP;148.7;-23.20067421;-45.8795018;2023-06-02;2023;6;2023-06;19;Noite;0;0;1;4
526980;2023-06-02;sexta-feira;19:40:00;SP;116.0;148.1;SAO JOSE DOS CAMPOS;Ausência de reação do condutor;Colisão traseira;Com Vítimas Feridas;Plena Noite;Decrescente;Céu Claro;Dupla;Reta;Não;2;0;1;0;0;1;1;2;-23.20067421;-45.8795018;SPRF-SP;DEL02-SP;UOP01-DEL02-SP;148.1;-23.20067421;-45.8795018;2023-06-02;2023;6;2023-06;19;Noite;0;0;1;4
526985;2023-06-02;sexta-feira;21:00:00;SP;116.0;270;TABOAO DA SERRA;Velocidade Incompatível;Queda de ocupante de veículo;Com Vítimas Feridas;Plena Noite;Decrescente;Céu Claro;Múltipla;Reta;Não;1;0;0;1;0;0;1;1;-23.61799728;-46.79677694;SPRF-SP;DEL04-SP;UOP01-DEL04-SP;270.0;-23.61799728;-46.79677694;2023-06-02;2023;6;2023-06;21;Noite;0;1;3;4
527191;2023-06-03;sabado;18:50:00;SP;153.0;74.5;BADY BASSITT;Entrada inopinada do pedestre;Atropelamento de Pedestre;Com Vítimas Fatais;Plena Noite;Decrescente;Céu Claro;Dupla;Não Informado;Não;3;1;0;0;2;0;0;1;-20.88538598;-49.42676402;SPRF-SP;DEL09-SP;UOP01-DEL09-SP;74.5;-20.88538598;-49.42676402;2023-06-03;2023;6;2023-06;18;Noite;1;1;5;5
527069;2023-06-03;sabado;07:40:00;SP;116.0;550;BARRA DO TURVO;Reação tardia ou ineficiente do condutor;Colisão com objeto;Com Vítimas Feridas;Pleno dia;Decrescente;Nublado;Simples;Curva;Não;1;0;1;0;0;0;1;1;-24.96629578;-48.46884727;SPRF-SP;DEL05-SP;UOP02-DEL05-SP;550.0;-24.96629578;-48.46884727;2023-06-03;2023;6;2023-06;7;Manha;0;0;1;5
527157;2023-06-03;sabado;16:30:00;SP;116.0;122;CACAPAVA;Avarias e/ou desgaste excessivo no pneu;Queda de ocupante de veículo;Com Vítimas Feridas;Pleno dia;Crescente;Céu Claro;Dupla;Reta;Não;2;0;2;0;0;0;2;1;-23.08192414;-45.66154591;SPRF-SP;DEL02-SP;UOP02-DEL02-SP;122.0;-23.08192414;-45.66154591;2023-06-03;2023;6;2023-06;16;Tarde;0;0;2;5
527030;2023-06-03;sabado;05:20:00;SP;116.0;484;CAJATI;Condutor Dormindo;Saída de leito carroçável;Com Vítimas Feridas;Plena Noite;Crescente;Nevoeiro/Neblina;Dupla;Reta;Não;1;0;0;1;0;0;1;1;-24.72231195;-48.062511;SPRF-SP;DEL05-SP;UOP01-DEL05-SP;484.0;-24.72231195;-48.062511;2023-06-03;2023;6;2023-06;5;Madrugada;0;1;3;5
527080;2023-06-03;sabado;10:00:00;SP;116.0;222;GUARULHOS;Avarias e/ou desgaste excessivo no pneu;Queda de ocupante de veículo;Com Vítimas Feridas;Pleno dia;Crescente;Céu Claro;Múltipla;Reta;Não;2;0;1;1;0;0;2;1;-23.47093408;-46.51631097;SPRF-SP;DEL01-SP;UOP01-DEL01-SP;222.0;-23.47093408;-46.51631097;2023-06-03;2023;6;2023-06;10;Manha;0;1;4;5
527159;2023-06-03;sabado;17:40:00;SP;116.0;223;GUARULHOS;Manobra de mudança de faixa;Colisão traseira;Com Vítimas Feridas;Plena Noite;Decrescente;Nublado;Múltipla;Reta;Sim;2;0;1;0;1;0;1;2;-23.47559815;-46.5246609;SPRF-SP;DEL01-SP;UOP01-DEL01-SP;223.0;-23.47559815;-46.5246609;2023-06-03;2023;6;2023-06;17;Tarde;0;0;1;5
527233;2023-06-03;sabado;20:30:00;SP;116.0;284;ITAPECERICA DA SERRA;Manobra de mudança de faixa;Colisão lateral mesmo sentido;Com Vítimas Feridas;Plena Noite;Decrescente;Nevoeiro/Neblina;Dupla;Reta;Sim;2;0;1;0;0;1;1;2;-23.69998;-46.867767;SPRF-SP;DEL04-SP;UOP01-DEL04-SP;284.0;-23.69998;-46.867767;2023-06-03;2023;6;2023-06;20;Noite;0;0;1;5
527192;2023-06-03;sabado;18:50:00;SP;116.0;230;SAO PAULO;Pedestre cruzava a pista fora da faixa;Atropelamento de Pedestre;Com Vítimas Feridas;Plena Noite;Crescente;Céu Claro;Dupla;Não Informado;Sim;4;0;1;0;3;0;1;2;-23.52251783;-46.5855702;SPRF-SP;DEL01-SP;UOP01-DEL01-SP;230.0;-23.52251783;-46.5855702;2023-06-03;2023;6;2023-06;18;Noite;0;0;1;5
527133;2023-06-03;sabado;15:15:00;SP;101.0;44.4;UBATUBA;Manobra de mudança de faixa;Colisão transversal;Com Vítimas Feridas;Pleno dia;Decrescente;Céu Claro;Simples;Reta;Sim;2;0;1;1;0;0;2;2;-23.41014346;-45.06455371;SPRF-SP;DEL06-SP;UOP01-DEL06-SP;44.4;-23.41014346;-45.06455371;2023-06-03;2023;6;2023-06;15;Tarde;0;1;4;5
527409;2023-06-04;domingo;19:15:00;SP;116.0;65.1;GUARATINGUETA;Reação tardia ou ineficiente do condutor;Colisão com objeto;Com Vítimas Feridas;Plena Noite;Crescente;Céu Claro;Dupla;Reta;Sim;3;0;1;1;1;0;2;3;-22.8226642;-45.19471228;SPRF-SP;DEL08-SP;UOP01-DEL08-SP;65.1;-22.8226642;-45.19471228;2023-06-04;2023;6;2023-06;19;Noite;0;1;4;6
527406;2023-06-04;domingo;18:40:00;SP;116.0;219.1;GUARULHOS;Reação tardia ou ineficiente do condutor;Tombamento;Com Vítimas Feridas;Plena Noite;Decrescente;Vento;Múltipla;Reta;Sim;1;0;1;0;0;0;1;1;-23.46143954;-46.48885316;SPRF-SP;DEL01-SP;UOP01-DEL01-SP;219.1;-23.46143954;-46.48885316;2023-06-04;2023;6;2023-06;18;Noite;0;0;1;6
527452;2023-06-04;domingo;23:30:00;SP;381.0;88;GUARULHOS;Ausência de reação do condutor;Colisão com objeto;Com Vítimas Feridas;Plena Noite;Crescente;Céu Claro;Múltipla;Reta;Sim;1;0;1;0;0;0;1;1;-23.47469314;-46.56112919;SPRF-SP;DEL03-SP;UOP01-DEL03-SP;88.0;-23.47469314;-46.56112919;2023-06-04;2023;6;2023-06;23;Noite;0;0;1;6
527344;2023-06-04;domingo;11:50:00;SP;153.0;13.7;ICEM;Demais falhas mecânicas ou elétricas;Incêndio;Sem Vítimas;Pleno dia;Crescente;Céu Claro;Simples;Reta;Não;1;0;0;0;1;0;0;1;-20.41003872;-49.25211016;SPRF-SP;DEL09-SP;UOP01-DEL09-SP;13.7;-20.41003872;-49.25211016;2023-06-04;2023;6;2023-06;11;Manha;0;0;0;6
527345;2023-06-04;domingo;12:30:00;SP;153.0;115;JOSE BONIFACIO;Avarias e/ou desgaste excessivo no pneu;Tombamento;Com Vítimas Feridas;Pleno dia;Crescente;Céu Claro;Simples;Reta;Não;1;0;1;0;0;0;1;1;-21.12936492;-49.69487819;SPRF-SP;DEL09-SP;UOP01-DEL09-SP;115.0;-21.12936492;-49.69487819;2023-06-04;2023;6;2023-06;12;Tarde;0;0;1;6
527303;2023-06-04;domingo;07:00:00;SP;153.0;256.4;MARILIA;Ingestão de álcool pelo condutor;Saída de leito carroçável;Sem Vítimas;Pleno dia;Decrescente;Céu Claro;Dupla;Rotatória;Sim;3;0;0;0;2;1;0;1;-22.237836;-49.919039;SPRF-SP;DEL07-SP;UOP02-DEL07-SP;256.4;-22.237836;-49.919039;2023-06-04;2023;6;2023-06;7;Manha;0;0;0;6
527414;2023-06-04;domingo;16:00:00;SP;116.0;347.7;MIRACATU;Problema com o freio;Tombamento;Com Vítimas Feridas;Pleno dia;Crescente;Céu Claro;Dupla;Não Informado;Não;2;0;2;0;0;0;2;2;-24.04699491;-47.19706111;SPRF-SP;DEL04-SP;UOP03-DEL04-SP;347.7;-24.04699491;-47.19706111;2023-06-04;2023;6;2023-06;16;Tarde;0;0;2;6
527437;2023-06-04;domingo;19:00:00;SP;116.0;345;MIRACATU;Reação tardia ou ineficiente do condutor;Engavetamento;Com Vítimas Feridas;Plena Noite;Crescente;Céu Claro;Dupla;Não Informado;Não;10;0;1;0;9;0;1;3;-24.03551364;-47.18593225;SPRF-SP;DEL04-SP;UOP03-DEL04-SP;345.0;-24.03551364;-47.18593225;2023-06-04;2023;6;2023-06;19;Noite;0;0;1;6
527449;2023-06-04;domingo;18:10:00;SP;116.0;359;MIRACATU;Reação tardia ou ineficiente do condutor;Colisão traseira;Com Vítimas Feridas;Anoitecer;Decrescente;Céu Claro;Dupla;Reta;Não;2;0;1;0;1;0;1;2;-24.10862227;-47.26589989;SPRF-SP;DEL04-SP;UOP03-DEL04-SP;359.0;-24.10862227;-47.26589989;2023-06-04;2023;6;2023-06;18;Noite;0;0;1;6
527424;2023-06-04;domingo;19:30:00;SP;116.0;144.6;SAO JOSE DOS CAMPOS;Condutor deixou de manter distância do veículo da frente;Colisão traseira;Com Vítimas Feridas;Plena Noite;Crescente;Céu Claro;Múltipla;Reta;Sim;2;0;1;0;0;1;1;2;-23.18274416;-45.84633592;SPRF-SP;DEL02-SP;UOP01-DEL02-SP;144.6;-23.18274416;-45.84633592;2023-06-04;2023;6;2023-06;19;Noite;0;0;1;6
527392;2023-06-04;domingo;17:45:00;SP;101.0;47;UBATUBA;Acessar a via sem observar a presença dos outros veículos;Colisão transversal;Com Vítimas Feridas;Plena Noite;Crescente;Céu Claro;Simples;Não Informado;Sim;2;0;1;0;1;0;1;2;-23.429897;-45.082436;SPRF-SP;DEL06-SP;UOP01-DEL06-SP;47.0;-23.429897;-45.082436;2023-06-04;2023;6;2023-06;17;Tarde;0;0;1;6
527545;2023-06-05;segunda-feira;11:00:00;SP;381.0;27;ATIBAIA;Avarias e/ou desgaste excessivo no pneu;Queda de ocupante de veículo;Com Vítimas Feridas;Pleno dia;Crescente;Céu Claro;Dupla;Reta;Sim;2;0;1;0;1;0;1;1;-23.02966952;-46.53903723;SPRF-SP;DEL03-SP;UOP02-DEL03-SP;27.0;-23.02966952;-46.53903723;2023-06-05;2023;6;2023-06;11;Manha;0;0;1;0
527525;2023-06-05;segunda-feira;09:20:00;SP;116.0;517.5;CAJATI;Reação tardia ou ineficiente do condutor;Saída de leito carroçável;Com Vítimas Feridas;Pleno dia;Decrescente;Céu Claro;Simples;Curva;Não;1;0;1;0;0;0;1;1;-24.8768469;-48.22732309;SPRF-SP;DEL05-SP;UOP02-DEL05-SP;517.5;-24.8768469;-48.22732309;2023-06-05;2023;6;2023-06;9;Manha;0;0;1;0
527636;2023-06-05;segunda-feira;20:15:00;SP;116.0;517.5;CAJATI;Demais falhas mecânicas ou elétricas;Incêndio;Sem Vítimas;Plena Noite;Crescente;Céu Claro;Simples;Não Informado;Não;1;0;0;0;1;0;0;1;-24.8768469;-48.22732309;SPRF-SP;DEL05-SP;UOP02-DEL05-SP;517.5;-24.8768469;-48.22732309;2023-06-05;2023;6;2023-06;20;Noite;0;0;0;0
527483;2023-06-05;segunda-feira;07:00:00;SP;116.0;219;GUARULHOS;Ausência de reação do condutor;Colisão lateral mesmo sentido;Com Vítimas Feridas;Pleno dia;Crescente;Sol;Múltipla;Reta;Não;3;0;1;0;2;0;1;2;-23.46143954;-46.48885316;SPRF-SP;DEL01-SP;UOP01-DEL01-SP;219.0;-23.46143954;-46.48885316;2023-06-05;2023;6;2023-06;7;Manha;0;0;1;0
527491;2023-06-05;segunda-feira;07:30:00;SP;116.0;218;GUARULHOS;Manobra de mudança de faixa;Colisão traseira;Com Vítimas Feridas;Pleno dia;Crescente;Céu Claro;Múltipla;Reta;Sim;2;0;1;0;1;0;1;2;-23.457972;-46.479927;SPRF-SP;DEL01-SP;UOP01-DEL01-SP;218.0;-23.457972;-46.479927;2023-06-05;2023;6;2023-06;7;Manha;0;0;1;0
527496;2023-06-05;segunda-feira;07:00:00;SP;381.0;88;GUARULHOS;Ausência de reação do condutor;Colisão lateral mesmo sentido;Com Vítimas Feridas;Pleno dia;Crescente;Céu Claro;Simples;Reta;Sim;3;0;2;0;1;0;2;2;-23.47469314;-46.56112919;SPRF-SP;DEL03-SP;UOP01-DEL03-SP;88.0;-23.47469314;-46.56112919;2023-06-05;2023;6;2023-06;7;Manha;0;0;2;0
527506;2023-06-05;segunda-feira;08:25:00;SP;116.0;220;GUARULHOS;Reação tardia ou ineficiente do condutor;Colisão traseira;Com Vítimas Feridas;Pleno dia;Crescente;Céu Claro;Múltipla;Reta;Sim;2;0;1;0;1;0;1;2;-23.46472809;-46.49793962;SPRF-SP;DEL01-SP;UOP01-DEL01-SP;220.0;-23.46472809;-46.49793962;2023-06-05;2023;6;2023-06;8;Manha;0;0;1;0
527549;2023-06-05;segunda-feira;11:30:00;SP;116.0;223;GUARULHOS;Frear bruscamente;Colisão traseira;Com Vítimas Feridas;Pleno dia;Crescente;Céu Claro;Múltipla;Reta;Sim;2;0;1;0;1;0;1;2;-23.47559815;-46.5246609;SPRF-SP;DEL01-SP;UOP01-DEL01-SP;223.0;-23.47559815;-46.5246609;2023-06-05;2023;6;2023-06;11;Manha;0;0;1;0
527644;2023-06-05;segunda-feira;22:00:00;SP;116.0;225;GUARULHOS;Acessar a via sem observar a presença dos outros veículos;Colisão lateral mesmo sentido;Com Vítimas Feridas;Plena Noite;Decrescente;Céu Claro;Múltipla;Desvio Temporário;Sim;3;0;1;0;2;0;1;2;-23.48586772;-46.54075317;SPRF-SP;DEL01-SP;UOP01-DEL01-SP;225.0;-23.48586772;-46.54075317;2023-06-05;2023;6;2023-06;22;Noite;0;0;1;0
530698;2023-06-05;segunda-feira;17:09:00;SP;116.0;227;GUARULHOS;Manobra de mudança de faixa;Colisão traseira;Com Vítimas Feridas;Anoitecer;Decrescente;Céu Claro;Dupla;Não Informado;Sim;2;0;0;1;1;0;1;2;-23.49659264;-46.55648754;SPRF-SP;DEL01-SP;UOP01-DEL01-SP;227.0;-23.49659264;-46.55648754;2023-06-05;2023;6;2023-06;17;Tarde;0;1;3;0
527620;2023-06-05;segunda-feira;18:00:00;SP;116.0;318;JUQUITIBA;Acessar a via sem observar a presença dos outros veículos;Atropelamento de Pedestre;Com Vítimas Feridas;Plena Noite;Crescente;Céu Claro;Dupla;Reta;Sim;2;0;0;1;1;0;1;1;-23.92536222;-46.99376156;SPRF-SP;DEL04-SP;UOP03-DEL04-SP;318.0;-23.92536222;-46.99376156;2023-06-05;2023;6;2023-06;18;Noite;0;1;3;0
527503;2023-06-05;segunda-feira;07:22:00;SP;116.0;301;SAO LOURENCO DA SERRA;Reação tardia ou ineficiente do condutor;Capotamento;Com Vítimas Feridas;Pleno dia;Decrescente;Céu Claro;Múltipla;Não Informado;Não;7;0;3;0;3;1;3;5;-23.81147602;-46.92298208;SPRF-SP;DEL04-SP;UOP01-DEL04-SP;301.0;-23.81147602;-46.92298208;2023-06-05;2023;6;2023-06;7;Manha;0;0;3;0
527603;2023-06-05;segunda-feira;18:10:00;SP;101.0;45;UBATUBA;Animais na Pista;Atropelamento de Animal;Com Vítimas Feridas;Plena Noite;Decrescente;Nublado;Simples;Reta;Sim;1;0;1;0;0;0;1;1;-23.41014346;-45.06455371;SPRF-SP;DEL06-SP;UOP01-DEL06-SP;45.0;-23.41014346;-45.06455371;2023-06-05;2023;6;2023-06;18;Noite;0;0;1;0
527673;2023-06-06;terca-feira;06:30:00;SP;116.0;201;ARUJA;Ausência de reação do condutor;Atropelamento de Pedestre;Com Vítimas Feridas;Pleno dia;Decrescente;Céu Claro;Múltipla;Curva;Sim;2;0;0;1;1;0;1;1;-23.40809408;-46.33859597;SPRF-SP;DEL01-SP;UOP01-DEL01-SP;201.0;-23.40809408;-46.33859597;2023-06-06;2023;6;2023-06;6;Manha;0;1;3;1
527756;2023-06-06;terca-feira;16:00:00;SP;116.0;494;CAJATI;Velocidade Incompatível;Saída de leito carroçável;Com Vítimas Feridas;Pleno dia;Crescente;Céu Claro;Dupla;Não Informado;Não;3;0;1;2;0;0;3;1;-24.74849593;-48.14995808;SPRF-SP;DEL05-SP;UOP01-DEL05-SP;494.0;-24.74849593;-48.14995808;2023-06-06;2023;6;2023-06;16;Tarde;0;1;7;1
527726;2023-06-06;terca-feira;12:15:00;SP;116.0;217.9;GUARULHOS;Reação tardia ou ineficiente do condutor;Colisão traseira;Com Vítimas Feridas;Pleno dia;Decrescente;Céu Claro;Múltipla;Reta;Sim;2;0;2;0;0;0;2;2;-23.45423824;-46.47119028;SPRF-SP;DEL01-SP;UOP01-DEL01-SP;217.9;-23.45423824;-46.47119028;2023-06-06;2023;6;2023-06;12;Tarde;0;0;2;1
527823;2023-06-06;terca-feira;22:50:00;SP;116.0;207;GUARULHOS;Ingestão de álcool pelo condutor;Saída de leito carroçável;Com Vítimas Fatais;Plena Noite;Decrescente;Nublado;Dupla;Reta;Sim;2;1;1;0;0;0;1;1;-23.41972188;-46.38419203;SPRF-SP;DEL01-SP;UOP01-DEL01-SP;207.0;-23.41972188;-46.38419203;2023-06-06;2023;6;2023-06;22;Noite;1;1;6;1
527768;2023-06-06;terca-feira;16:39:00;SP;116.0;336.1;JUQUITIBA;Velocidade Incompatível;Colisão traseira;Com Vítimas Feridas;Pleno dia;Decrescente;Céu Claro;Dupla;Curva;Não;3;0;2;0;1;0;2;2;-23.975182;-47.140694;SPRF-SP;DEL04-SP;UOP03-DEL04-SP;336.1;-23.975182;-47.140694;2023-06-06;2023;6;2023-06;16;Tarde;0;0;2;1
527717;2023-06-06;terca-feira;11:00:00;SP;116.0;227;SAO PAULO;Ausência de reação do condutor;Colisão frontal;Com Vítimas Feridas;Pleno dia;Crescente;Céu Claro;Múltipla;Reta;Não;3;0;2;0;1;0;2;2;-23.49659264;-46.55648754;SPRF-SP;DEL01-SP;UOP01-DEL01-SP;227.0;-23.49659264;-46.55648754;2023-06-06;2023;6;2023-06;11;Manha;0;0;2;1
527747;2023-06-06;terca-feira;15:20:00;SP;381.0;81;SAO PAULO;Ausência de reação do condutor;Queda de ocupante de veículo;Com Vítimas Feridas;Pleno dia;Decrescente;Céu Claro;Dupla;Reta;Sim;1;0;1;0;0;0;1;1;-23.41704481;-46.58022057;SPRF-SP;DEL03-SP;UOP01-DEL03-SP;81.0;-23.41704481;-46.58022057;2023-06-06;2023;6;2023-06;15;Tarde;0;0;1;1
527825;2023-06-06;terca-feira;22:50:00;SP;116.0;228;SAO PAULO;Velocidade Incompatível;Colisão traseira;Com Vítimas Fatais;Plena Noite;Decrescente;Nublado;Múltipla;Não Informado;Sim;1;1;0;0;0;0;0;1;-23.5046;-46.56815;SPRF-SP;DEL01-SP;UOP01-DEL01-SP;228.0;-23.5046;-46.56815;2023-06-06;2023;6;2023-06;22;Noite;1;1;5;1
527720;2023-06-06;terca-feira;10:15:00;SP;116.0;272;TABOAO DA SERRA;Entrada inopinada do pedestre;Atropelamento de Pedestre;Com Vítimas Feridas;Pleno dia;Crescente;Céu Claro;Dupla;Reta;Sim;3;0;0;1;1;1;1;1;-23.621691;-46.813288;SPRF-SP;DEL04-SP;UOP01-DEL04-SP;272.0;-23.621691;-46.813288;2023-06-06;2023;6;2023-06;10;Manha;0;1;3;1
527860;2023-06-07;quarta-feira;07:20:00;SP;153.0;76.1;BADY BASSITT;Reação tardia ou ineficiente do condutor;Queda de ocupante de veículo;Com Vítimas Feridas;Pleno dia;Decrescente;Sol;Dupla;Não Informado;Não;1;0;1;0;0;0;1;1;-20.89941041;-49.4431879;SPRF-SP;DEL09-SP;UOP01-DEL09-SP;76.1;-20.89941041;-49.4431879;2023-06-07;2023;6;2023-06;7;Manha;0;0;1;2
527956;2023-06-07;quarta-feira;15:40:00;SP;116.0;40.8;CACHOEIRA PAULISTA;Objeto estático sobre o leito carroçável;Tombamento;Com Vítimas Feridas;Pleno dia;Crescente;Sol;Dupla;Não Informado;Não;1;0;1;0;0;0;1;1;-22.68080728;-45.00688982;SPRF-SP;DEL08-SP;UOP02-DEL08-SP;40.8;-22.68080728;-45.00688982;2023-06-07;2023;6;2023-06;15;Tarde;0;0;1;2
528051;2023-06-07;quarta-feira;19:50:00;SP;116.0;478;JACUPIRANGA;Iluminação deficiente;Atropelamento de Pedestre;Com Vítimas Feridas;Plena Noite;Crescente;Céu Claro;Simples;Reta;Não;2;0;0;1;1;0;1;1;-24.70388258;-48.01063531;SPRF-SP;DEL05-SP;UOP01-DEL05-SP;478.0;-24.70388258;-48.01063531;2023-06-07;2023;6;2023-06;19;Noite;0;1;3;2
527928;2023-06-07;quarta-feira;14:15:00;SP;381.0;54;MAIRIPORA;Manobra de mudança de faixa;Colisão lateral mesmo sentido;Com Vítimas Feridas;Pleno dia;Crescente;Céu Claro;Dupla;Curva;Não;2;0;1;0;0;1;1;2;-23.2449074;-46.59562343;SPRF-SP;DEL03-SP;UOP01-DEL03-SP;54.0;-23.2449074;-46.59562343;2023-06-07;2023;6;2023-06;14;Tarde;0;0;1;2
527968;2023-06-07;quarta-feira;17:45:00;SP;381.0;59;MAIRIPORA;Ausência de reação do condutor;Colisão lateral mesmo sentido;Com Vítimas Feridas;Plena Noite;Decrescente;Céu Claro;Dupla;Reta;Sim;3;0;1;0;2;0;1;3;-23.28270705;-46.58787791;SPRF-SP;DEL03-SP;UOP01-DEL03-SP;59.0;-23.28270705;-46.58787791;2023-06-07;2023;6;2023-06;17;Tarde;0;0;1;2
527993;2023-06-07;quarta-feira;18:40:00;SP;116.0;81.5;ROSEIRA;Acumulo de areia ou detritos sobre o pavimento;Tombamento;Com Vítimas Feridas;Plena Noite;Decrescente;Céu Claro;Dupla;Reta;Não;1;0;1;0;0;0;1;1;-22.90482177;-45.31030655;SPRF-SP;DEL08-SP;UOP01-DEL08-SP;81.5;-22.90482177;-45.31030655;2023-06-07;2023;6;2023-06;18;Noite;0;0;1;2
527964;2023-06-07;quarta-feira;17:40:00;SP;153.0;60.9;SAO JOSE DO RIO PRETO;Manobra de mudança de faixa;Colisão lateral mesmo sentido;Com Vítimas Feridas;Anoitecer;Crescente;Céu Claro;Dupla;Reta;Sim;3;0;1;0;1;1;1;3;-20.79627979;-49.35480206;SPRF-SP;DEL09-SP;UOP01-DEL09-SP;60.9;-20.79627979;-49.35480206;2023-06-07;2023;6;2023-06;17;Tarde;0;0;1;2
527965;2023-06-07;quarta-feira;17:48:00;SP;153.0;60.9;SAO JOSE DO RIO PRETO;Manobra de mudança de faixa;Colisão lateral mesmo sentido;Com Vítimas Feridas;Anoitecer;Crescente;Céu Claro;Dupla;Não Informado;Sim;4;0;2;0;2;0;2;2;-20.80330647;-49.35577333;SPRF-SP;DEL09-SP;UOP01-DEL09-SP;60.9;-20.80330647;-49.35577333;2023-06-07;2023;6;2023-06;17;Tarde;0;0;2;2
527981;2023-06-07;quarta-feira;18:25:00;SP;153.0;61.4;SAO JOSE DO RIO PRETO;Manobra de mudança de faixa;Colisão lateral mesmo sentido;Com Vítimas Feridas;Plena Noite;Decrescente;Céu Claro;Dupla;Não Informado;Sim;2;0;1;0;0;1;1;2;-20.80502876;-49.35574909;SPRF-SP;DEL09-SP;UOP01-DEL09-SP;61.4;-20.80502876;-49.35574909;2023-06-07;2023;6;2023-06;18;Noite;0;0;1;2
527914;2023-06-07;quarta-feira;11:30:00;SP;116.0;136;SAO JOSE DOS CAMPOS;Reação tardia ou ineficiente do condutor;Colisão traseira;Com Vítimas Feridas;Pleno dia;Crescente;Céu Claro;Dupla;Reta;Não;2;0;1;0;1;0;1;2;-23.14874471;-45.77863714;SPRF-SP;DEL02-SP;UOP01-DEL02-SP;136.0;-23.14874471;-45.77863714;2023-06-07;2023;6;2023-06;11;Manha;0;0;1;2
527952;2023-06-07;quarta-feira;16:15:00;SP;116.0;155;SAO JOSE DOS CAMPOS;Condutor deixou de manter distância do veículo da frente;Colisão traseira;Sem Vítimas;Pleno dia;Decrescente;Céu Claro;Simples;Desvio Temporário;Não;3;0;0;0;3;0;0;3;-23.24524337;-45.92772774;SPRF-SP;DEL02-SP;UOP01-DEL02-SP;155.0;-23.24524337;-45.92772774;2023-06-07;2023;6;2023-06;16;Tarde;0;0;0;2
527974;2023-06-07;quarta-feira;18:20:00;SP;116.0;230;SAO PAULO;Manobra de mudança de faixa;Colisão lateral mesmo sentido;Com Vítimas Feridas;Plena Noite;Crescente;Céu Claro;Múltipla;Reta;Sim;2;0;1;0;1;0;1;2;-23.52251783;-46.5855702;SPRF-SP;DEL01-SP;UOP01-DEL01-SP;230.0;-23.52251783;-46.5855702;2023-06-07;2023;6;2023-06;18;Noite;0;0;1;2
527990;2023-06-07;quarta-feira;19:20:00;SP;116.0;230;SAO PAULO;Condutor deixou de manter distância do veículo da frente;Colisão traseira;Com Vítimas Feridas;Plena Noite;Decrescente;Céu Claro;Múltipla;Reta;Sim;4;0;1;0;3;0;1;3;-23.52251783;-46.5855702;SPRF-SP;DEL01-SP;UOP01-DEL01-SP;230.0;-23.52251783;-46.5855702;2023-06-07;2023;6;2023-06;19;Noite;0;0;1;2
528092;2023-06-08;quinta-feira;05:40:00;SP;116.0;70.2;APARECIDA;Área urbana sem a presença de local apropriado para a travessia de pedestres;Atropelamento de Pedestre;Com Vítimas Fatais;Amanhecer;Crescente;Nublado;Dupla;Não Informado;Não;2;1;0;0;1;0;0;1;-22.84852898;-45.22705084;SPRF-SP;DEL08-SP;UOP01-DEL08-SP;70.2;-22.84852898;-45.22705084;2023-06-08;2023;6;2023-06;5;Madrugada;1;1;5;3
528117;2023-06-08;quinta-feira;09:40:00;SP;116.0;124;CACAPAVA;Ausência de reação do condutor;Colisão traseira;Com Vítimas Feridas;Pleno dia;Decrescente;Céu Claro;Dupla;Reta;Não;3;0;1;0;2;0;1;2;-23.093116;-45.677904;SPRF-SP;DEL02-SP;UOP02-DEL02-SP;124.0;-23.093116;-45.677904;2023-06-08;2023;6;2023-06;9;Manha;0;0;1;3
528050;2023-06-08;quinta-feira;00:30:00;SP;116.0;506;CAJATI;Reação tardia ou ineficiente do condutor;Tombamento;Com Vítimas Feridas;Plena Noite;Crescente;Céu Claro;Simples;Curva;Não;1;0;1;0;0;0;1;1;-24.79704815;-48.2145174;SPRF-SP;DEL05-SP;UOP02-DEL05-SP;506.0;-24.79704815;-48.2145174;2023-06-08;2023;6;2023-06;0;Madrugada;0;0;1;3
528064;2023-06-08;quinta-feira;03:30:00;SP;116.0;215;GUARULHOS;Ausência de reação do condutor;Queda de ocupante de veículo;Com Vítimas Feridas;Plena Noite;Crescente;Nublado;Dupla;Reta;Sim;1;0;1;0;0;0;1;1;-23.44695693;-46.45394103;SPRF-SP;DEL01-SP;UOP01-DEL01-SP;215.0;-23.44695693;-46.45394103;2023-06-08;2023;6;2023-06;3;Madrugada;0;0;1;3
528114;2023-06-08;quinta-feira;09:00:00;SP;116.0;211;GUARULHOS;Acessar a via sem observar a presença dos outros veículos;Colisão lateral mesmo sentido;Sem Vítimas;Pleno dia;Crescente;Céu Claro;Múltipla;Reta;Sim;2;0;0;0;1;1;0;2;-23.43971486;-46.43667806;SPRF-SP;DEL01-SP;UOP01-DEL01-SP;211.0;-23.43971486;-46.43667806;2023-06-08;2023;6;2023-06;9;Manha;0;0;0;3
528236;2023-06-08;quinta-feira;21:40:00;SP;116.0;213;GUARULHOS;Demais falhas mecânicas ou elétricas;Tombamento;Com Vítimas Feridas;Plena Noite;Crescente;Céu Claro;Múltipla;Não Informado;Sim;2;0;2;0;0;0;2;1;-23.4411054;-46.4412057;SPRF-SP;DEL01-SP;UOP01-DEL01-SP;213.0;-23.4411054;-46.4412057;2023-06-08;2023;6;2023-06;21;Noite;0;0;2;3
528049;2023-06-08;quinta-feira;00:33:00;SP;116.0;284;ITAPECERICA DA SERRA;Entrada inopinada do pedestre;Atropelamento de Pedestre;Com Vítimas Feridas;Plena Noite;Crescente;Céu Claro;Múltipla;Reta;Não;2;0;1;0;1;0;1;1;-23.69998;-46.867767;SPRF-SP;DEL04-SP;UOP01-DEL04-SP;284.0;-23.69998;-46.867767;2023-06-08;2023;6;2023-06;0;Madrugada;0;0;1;3
528327;2023-06-08;quinta-feira;04:30:00;SP;116.0;449;REGISTRO;Reação tardia ou ineficiente do condutor;Colisão com objeto;Sem Vítimas;Plena Noite;Crescente;Nevoeiro/Neblina;Múltipla;Reta;Sim;1;0;0;0;0;1;0;1;-24.52913591;-47.85619324;SPRF-SP;DEL05-SP;UOP01-DEL05-SP;449.0;-24.52913591;-47.85619324;2023-06-08;2023;6;2023-06;4;Madrugada;0;0;0;3
528124;2023-06-08;quinta-feira;10:10:00;SP;116.0;137;SAO JOSE DOS CAMPOS;Frear bruscamente;Saída de leito carroçável;Com Vítimas Feridas;Pleno dia;Crescente;Céu Claro;Dupla;Reta;Sim;1;0;0;1;0;0;1;1;-23.15300766;-45.78709317;SPRF-SP;DEL02-SP;UOP01-DEL02-SP;137.0;-23.15300766;-45.78709317;2023-06-08;2023;6;2023-06;10;Manha;0;1;3;3
528133;2023-06-08;quinta-feira;12:00:00;SP;116.0;155;SAO JOSE DOS CAMPOS;Condutor deixou de manter distância do veículo da frente;Queda de ocupante de veículo;Com Vítimas Feridas;Pleno dia;Decrescente;Céu Claro;Dupla;Não Informado;Sim;1;0;1;0;0;0;1;1;-23.24524337;-45.92772774;SPRF-SP;DEL02-SP;UOP01-DEL02-SP;155.0;-23.24524337;-45.92772774;2023-06-08;2023;6;2023-06;12;Tarde;0;0;1;3
528181;2023-06-08;quinta-feira;01:00:00;SP;116.0;154;SAO JOSE DOS CAMPOS;Ausência de reação do condutor;Colisão com objeto;Sem Vítimas;Plena Noite;Crescente;Céu Claro;Múltipla;Reta;Sim;1;0;0;0;0;1;0;1;-23.23903999;-45.92061901;SPRF-SP;DEL02-SP;UOP01-DEL02-SP;154.0;-23.23903999;-45.92061901;2023-06-08;2023;6;2023-06;1;Madrugada;0;0;0;3
528244;2023-06-08;quinta-feira;22:00:00;SP;116.0;156;SAO JOSE DOS CAMPOS;Pedestre andava na pista;Atropelamento de Pedestre;Com Vítimas Feridas;Plena Noite;Decrescente;Céu Claro;Múltipla;Reta;Sim;2;0;0;1;1;0;1;1;-23.25044084;-45.93572909;SPRF-SP;DEL02-SP;UOP01-DEL02-SP;156.0;-23.25044084;-45.93572909;2023-06-08;2023;6;2023-06;22;Noite;0;1;3;3
528927;2023-06-08;quinta-feira;04:40:00;SP;116.0;154;SAO JOSE DOS CAMPOS;Reação tardia ou ineficiente do condutor;Colisão com objeto;Sem Vítimas;Plena Noite;Decrescente;Nevoeiro/Neblina;Dupla;Reta;Sim;1;0;0;0;0;1;0;1;-23.23903999;-45.92061901;SPRF-SP;DEL02-SP;UOP01-DEL02-SP;154.0;-23.23903999;-45.92061901;2023-06-08;2023;6;2023-06;4;Madrugada;0;0;0;3
528135;2023-06-08;quinta-feira;11:50:00;SP;153.0;128.5;UBARANA;Avarias e/ou desgaste excessivo no pneu;Tombamento;Com Vítimas Feridas;Pleno dia;Crescente;Céu Claro;Simples;Não Informado;Não;2;0;2;0;0;0;2;1;-21.23566912;-49.74777875;SPRF-SP;DEL09-SP;UOP01-DEL09-SP;128.5;-21.23566912;-49.74777875;2023-06-08;2023;6;2023-06;11;Manha;0;0;2;3
528277;2023-06-09;sexta-feira;02:10:00;SP;381.0;40;ATIBAIA;Ausência de reação do condutor;Colisão com objeto;Sem Vítimas;Plena Noite;Decrescente;Céu Claro;Dupla;Não Informado;Não;3;0;0;0;3;0;0;3;-23.12997498;-46.5767598;SPRF-SP;DEL03-SP;UOP01-DEL03-SP;40.0;-23.12997498;-46.5767598;2023-06-09;2023;6;2023-06;2;Madrugada;0;0;0;4
528442;2023-06-09;sexta-feira;21:00:00;SP;381.0;34;ATIBAIA;Frear bruscamente;Colisão traseira;Com Vítimas Feridas;Plena Noite;Decrescente;Céu Claro;Dupla;Não Informado;Não;3;0;1;0;2;0;1;2;-23.079939;-46.569862;SPRF-SP;DEL03-SP;UOP02-DEL03-SP;34.0;-23.079939;-46.569862;2023-06-09;2023;6;2023-06;21;Noite;0;0;1;4
528423;2023-06-09;sexta-feira;19:30:00;SP;116.0;545;BARRA DO TURVO;Velocidade Incompatível;Tombamento;Com Vítimas Feridas;Plena Noite;Crescente;Céu Claro;Simples;Curva;Não;2;0;1;0;1;0;1;1;-24.95016699;-48.42400302;SPRF-SP;DEL05-SP;UOP02-DEL05-SP;545.0;-24.95016699;-48.42400302;2023-06-09;2023;6;2023-06;19;Noite;0;0;1;4
528271;2023-06-09;sexta-feira;01:40:00;SP;116.0;212;GUARULHOS;Reação tardia ou ineficiente do condutor;Colisão traseira;Com Vítimas Feridas;Plena Noite;Decrescente;Ignorado;Dupla;Reta;Não;2;0;1;0;1;0;1;2;-23.43608315;-46.42805094;SPRF-SP;DEL01-SP;UOP01-DEL01-SP;212.0;-23.43608315;-46.42805094;2023-06-09;2023;6;2023-06;1;Madrugada;0;0;1;4
528309;2023-06-09;sexta-feira;07:10:00;SP;116.0;221;GUARULHOS;Reação tardia ou ineficiente do condutor;Colisão traseira;Com Vítimas Feridas;Pleno dia;Decrescente;Céu Claro;Múltipla;Reta;Sim;2;0;1;0;1;0;1;2;-23.46802395;-46.50704901;SPRF-SP;DEL01-SP;UOP01-DEL01-SP;221.0;-23.46802395;-46.50704901;2023-06-09;2023;6;2023-06;7;Manha;0;0;1;4
528354;2023-06-09;sexta-feira;12:25:00;SP;116.0;211;GUARULHOS;Reação tardia ou ineficiente do condutor;Colisão traseira;Com Vítimas Feridas;Pleno dia;Crescente;Céu Claro;Múltipla;Reta;Não;3;0;1;0;2;0;1;2;-23.4324306;-46.4194352;SPRF-SP;DEL01-SP;UOP01-DEL01-SP;211.0;-23.4324306;-46.4194352;2023-06-09;2023;6;2023-06;12;Tarde;0;0;1;4
528438;2023-06-09;sexta-feira;19:30:00;SP;116.0;213.8;GUARULHOS;Condutor deixou de manter distância do veículo da frente;Colisão traseira;Com Vítimas Feridas;Plena Noite;Decrescente;Nublado;Múltipla;Reta;Não;3;0;1;1;0;1;2;3;-23.43971486;-46.43667806;SPRF-SP;DEL01-SP;UOP01-DEL01-SP;213.8;-23.43971486;-46.43667806;2023-06-09;2023;6;2023-06;19;Noite;0;1;4;4
528447;2023-06-09;sexta-feira;22:00:00;SP;116.0;221;GUARULHOS;Carga excessiva e/ou mal acondicionada;Derramamento de carga;Sem Vítimas;Plena Noite;Crescente;Céu Claro;Múltipla;Reta;Sim;1;0;0;0;0;1;0;1;-23.46802395;-46.50704901;SPRF-SP;DEL01-SP;UOP01-DEL01-SP;221.0;-23.46802395;-46.50704901;2023-06-09;2023;6;2023-06;22;Noite;0;0;0;4
528326;2023-06-09;sexta-feira;09:30:00;SP;116.0;287;ITAPECERICA DA SERRA;Condutor deixou de manter distância do veículo da frente;Colisão traseira;Com Vítimas Feridas;Pleno dia;Crescente;Céu Claro;Dupla;Reta;Sim;2;0;1;0;1;0;1;2;-23.71441779;-46.87929634;SPRF-SP;DEL04-SP;UOP01-DEL04-SP;287.0;-23.71441779;-46.87929634;2023-06-09;2023;6;2023-06;9;Manha;0;0;1;4
528300;2023-06-09;sexta-feira;07:30:00;SP;116.0;165;JACAREI;Reação tardia ou ineficiente do condutor;Queda de ocupante de veículo;Com Vítimas Feridas;Pleno dia;Crescente;Nevoeiro/Neblina;Dupla;Reta;Não;1;0;1;0;0;0;1;1;-23.29691791;-46.00798704;SPRF-SP;DEL02-SP;UOP01-DEL02-SP;165.0;-23.29691791;-46.00798704;2023-06-09;2023;6;2023-06;7;Manha;0;0;1;4
528396;2023-06-09;sexta-feira;18:15:00;SP;116.0;84.5;PINDAMONHANGABA;Pedestre andava na pista;Atropelamento de Pedestre;Com Vítimas Fatais;Plena Noite;Crescente;Céu Claro;Dupla;Reta;Sim;3;1;0;0;2;0;0;1;-22.91777173;-45.33596814;SPRF-SP;DEL08-SP;UOP01-DEL08-SP;84.5;-22.91777173;-45.33596814;2023-06-09;2023;6;2023-06;18;Noite;1;1;5;4
528393;2023-06-09;sexta-feira;17:30:00;SP;153.0;64.3;SAO JOSE DO RIO PRETO;Reação tardia ou ineficiente do condutor;Tombamento;Com Vítimas Feridas;Anoitecer;Crescente;Céu Claro;Dupla;Desvio Temporário;Sim;1;0;1;0;0;0;1;1;-20.82919401;-49.36046325;SPRF-SP;DEL09-SP;UOP01-DEL09-SP;64.3;-20.82919401;-49.36046325;2023-06-09;2023;6;2023-06;17;Tarde;0;0;1;4
528267;2023-06-09;sexta-feira;00:30:00;SP;116.0;229;SAO PAULO;Demais falhas mecânicas ou elétricas;Incêndio;Sem Vítimas;Plena Noite;Crescente;Céu Claro;Dupla;Reta;Sim;1;0;0;0;1;0;0;1;-23.51291902;-46.57604698;SPRF-SP;DEL01-SP;UOP01-DEL01-SP;229.0;-23.51291902;-46.57604698;2023-06-09;2023;6;2023-06;0;Madrugada;0;0;0;4
528431;2023-06-09;sexta-feira;20:50:00;SP;116.0;227.9;SAO PAULO;Demais falhas mecânicas ou elétricas;Incêndio;Sem Vítimas;Pleno dia;Decrescente;Céu Claro;Múltipla;Reta;Sim;1;0;0;0;1;0;0;1;-23.50522155;-46.56884015;SPRF-SP;DEL01-SP;UOP01-DEL01-SP;227.9;-23.50522155;-46.56884015;2023-06-09;2023;6;2023-06;20;Noite;0;0;0;4
528403;2023-06-09;sexta-feira;18:10:00;SP;116.0;270;TABOAO DA SERRA;Condutor deixou de manter distância do veículo da frente;Colisão traseira;Com Vítimas Feridas;Anoitecer;Decrescente;Céu Claro;Dupla;Reta;Sim;2;0;0;1;1;0;1;2;-23.61799728;-46.79677694;SPRF-SP;DEL04-SP;UOP01-DEL04-SP;270.0;-23.61799728;-46.79677694;2023-06-09;2023;6;2023-06;18;Noite;0;1;3;4
528595;2023-06-10;sabado;16:30:00;SP;381.0;48.5;ATIBAIA;Reação tardia ou ineficiente do condutor;Colisão transversal;Com Vítimas Feridas;Pleno dia;Crescente;Céu Claro;Dupla;Reta;Não;2;0;1;0;1;0;1;2;-23.201674;-46.589266;SPRF-SP;DEL03-SP;UOP01-DEL03-SP;48.5;-23.201674;-46.589266;2023-06-10;2023;6;2023-06;16;Tarde;0;0;1;5
528642;2023-06-10;sabado;19:54:00;SP;116.0;282;EMBU DAS ARTES;Velocidade Incompatível;Colisão traseira;Com Vítimas Feridas;Plena Noite;Decrescente;Céu Claro;Dupla;Reta;Sim;3;0;2;0;0;1;2;3;-23.68570216;-46.85970975;SPRF-SP;DEL04-SP;UOP01-DEL04-SP;282.0;-23.68570216;-46.85970975;2023-06-10;2023;6;2023-06;19;Noite;0;0;2;5
528575;2023-06-10;sabado;15:10:00;SP;116.0;65;GUARATINGUETA;Avarias e/ou desgaste excessivo no pneu;Queda de ocupante de veículo;Com Vítimas Feridas;Pleno dia;Decrescente;Céu Claro;Dupla;Não Informado;Sim;2;0;1;0;1;0;1;1;-22.823273;-45.192806;SPRF-SP;DEL08-SP;UOP01-DEL08-SP;65.0;-22.823273;-45.192806;2023-06-10;2023;6;2023-06;15;Tarde;0;0;1;5
528548;2023-06-10;sabado;12:45:00;SP;116.0;220;GUARULHOS;Trafegar com motocicleta (ou similar) entre as faixas;Colisão lateral mesmo sentido;Com Vítimas Feridas;Pleno dia;Crescente;Céu Claro;Múltipla;Reta;Sim;2;0;1;0;1;0;1;2;-23.46472809;-46.49793962;SPRF-SP;DEL01-SP;UOP01-DEL01-SP;220.0;-23.46472809;-46.49793962;2023-06-10;2023;6;2023-06;12;Tarde;0;0;1;5
528592;2023-06-10;sabado;17:04:00;SP;116.0;206;GUARULHOS;Manobra de mudança de faixa;Colisão lateral mesmo sentido;Com Vítimas Feridas;Pleno dia;Decrescente;Nublado;Múltipla;Reta;Sim;3;0;2;0;1;0;2;2;-23.41722629;-46.37510292;SPRF-SP;DEL01-SP;UOP01-DEL01-SP;206.0;-23.41722629;-46.37510292;2023-06-10;2023;6;2023-06;17;Tarde;0;0;2;5
528669;2023-06-10;sabado;23:50:00;SP;116.0;215;GUARULHOS;Reação tardia ou ineficiente do condutor;Colisão traseira;Com Vítimas Feridas;Plena Noite;Crescente;Céu Claro;Múltipla;Reta;Não;2;0;0;1;1;0;1;2;-23.44695693;-46.45394103;SPRF-SP;DEL01-SP;UOP01-DEL01-SP;215.0;-23.44695693;-46.45394103;2023-06-10;2023;6;2023-06;23;Noite;0;1;3;5
528606;2023-06-10;sabado;17:40:00;SP;116.0;285.2;ITAPECERICA DA SERRA;Manobra de mudança de faixa;Queda de ocupante de veículo;Com Vítimas Feridas;Anoitecer;Crescente;Céu Claro;Dupla;Reta;Sim;2;0;1;0;1;0;1;1;-23.70407794;-46.87249709;SPRF-SP;DEL04-SP;UOP01-DEL04-SP;285.2;-23.70407794;-46.87249709;2023-06-10;2023;6;2023-06;17;Tarde;0;0;1;5
528467;2023-06-10;sabado;00:00:00;SP;116.0;421;JUQUIA;Reação tardia ou ineficiente do condutor;Saída de leito carroçável;Com Vítimas Feridas;Plena Noite;Crescente;Nevoeiro/Neblina;Dupla;Reta;Não;2;0;1;0;1;0;1;1;-24.35801488;-47.68588212;SPRF-SP;DEL05-SP;UOP01-DEL05-SP;421.0;-24.35801488;-47.68588212;2023-06-10;2023;6;2023-06;0;Madrugada;0;0;1;5
528527;2023-06-10;sabado;08:15:00;SP;116.0;334.2;JUQUITIBA;Avarias e/ou desgaste excessivo no pneu;Colisão com objeto;Com Vítimas Feridas;Pleno dia;Decrescente;Nevoeiro/Neblina;Dupla;Não Informado;Não;3;0;2;0;1;0;2;1;-23.96478894;-47.12622102;SPRF-SP;DEL04-SP;UOP03-DEL04-SP;334.2;-23.96478894;-47.12622102;2023-06-10;2023;6;2023-06;8;Manha;0;0;2;5
528644;2023-06-10;sabado;21:20:00;SP;153.0;25.6;NOVA GRANADA;Acessar a via sem observar a presença dos outros veículos;Colisão transversal;Com Vítimas Feridas;Plena Noite;Crescente;Céu Claro;Simples;Interseção de vias;Não;2;0;1;0;1;0;1;2;-20.50139574;-49.32063103;SPRF-SP;DEL09-SP;UOP01-DEL09-SP;25.6;-20.50139574;-49.32063103;2023-06-10;2023;6;2023-06;21;Noite;0;0;1;5
528630;2023-06-10;sabado;18:44:00;SP;116.0;137.4;SAO JOSE DOS CAMPOS;Condutor deixou de manter distância do veículo da frente;Engavetamento;Com Vítimas Feridas;Plena Noite;Crescente;Céu Claro;Dupla;Reta;Sim;7;0;1;2;3;1;3;5;-23.15300766;-45.78709317;SPRF-SP;DEL02-SP;UOP01-DEL02-SP;137.4;-23.15300766;-45.78709317;2023-06-10;2023;6;2023-06;18;Noite;0;1;7;5
528640;2023-06-10;sabado;20:31:00;SP;116.0;148;SAO JOSE DOS CAMPOS;Ausência de reação do condutor;Capotamento;Com Vítimas Feridas;Plena Noite;Crescente;Céu Claro;Dupla;Reta;Sim;2;0;2;0;0;0;2;1;-23.20067421;-45.8795018;SPRF-SP;DEL02-SP;UOP01-DEL02-SP;148.0;-23.20067421;-45.8795018;2023-06-10;2023;6;2023-06;20;Noite;0;0;2;5
528489;2023-06-10;sabado;05:40:00;SP;381.0;84;SAO PAULO;Acessar a via sem observar a presença dos outros veículos;Atropelamento de Pedestre;Com Vítimas Fatais;Amanhecer;Decrescente;Céu Claro;Dupla;Reta;Não;2;1;0;0;0;1;0;1;-23.43937;-46.56807;SPRF-SP;DEL03-SP;UOP01-DEL03-SP;84.0;-23.43937;-46.56807;2023-06-10;2023;6;2023-06;5;Madrugada;1;1;5;5
528665;2023-06-10;sabado;23:15:00;SP;116.0;229;SAO PAULO;Ausência de reação do condutor;Colisão com objeto;Com Vítimas Fatais;Plena Noite;Decrescente;Céu Claro;Dupla;Reta;Sim;1;1;0;0;0;0;0;1;-23.51291902;-46.57604698;SPRF-SP;DEL01-SP;UOP01-DEL01-SP;229.0;-23.51291902;-46.57604698;2023-06-10;2023;6;2023-06;23;Noite;1;1;5;5
528586;2023-06-10;sabado;15:55:00;SP;101.0;29;UBATUBA;Transitar na contramão;Colisão frontal;Com Vítimas Feridas;Pleno dia;Crescente;Céu Claro;Simples;Não Informado;Não;4;0;2;0;2;0;2;2;-23.37341522;-44.96219491;SPRF-SP;DEL06-SP;UOP01-DEL06-SP;29.0;-23.37341522;-44.96219491;2023-06-10;2023;6;2023-06;15;Tarde;0;0;2;5
528633;2023-06-10;sabado;20:00:00;SP;101.0;51;UBATUBA;Trafegar com motocicleta (ou similar) entre as faixas;Colisão frontal;Com Vítimas Feridas;Plena Noite;Decrescente;Céu Claro;Dupla;Reta;Sim;2;0;1;1;0;0;2;2;-23.45627795;-45.07111896;SPRF-SP;DEL06-SP;UOP01-DEL06-SP;51.0;-23.45627795;-45.07111896;2023-06-10;2023;6;2023-06;20;Noite;0;1;4;5
528854;2023-06-11;domingo;17:30:00;SP;116.0;68;APARECIDA;Demais falhas mecânicas ou elétricas;Tombamento;Com Vítimas Feridas;Anoitecer;Decrescente;Céu Claro;Dupla;Reta;Não;1;0;1;0;0;0;1;1;-22.83354783;-45.21713313;SPRF-SP;DEL08-SP;UOP01-DEL08-SP;68.0;-22.83354783;-45.21713313;2023-06-11;2023;6;2023-06;17;Tarde;0;0;1;6
528792;2023-06-11;domingo;08:20:00;SP;116.0;544.8;BARRA DO TURVO;Velocidade Incompatível;Colisão com objeto;Com Vítimas Feridas;Pleno dia;Decrescente;Céu Claro;Simples;Não Informado;Não;1;0;1;0;0;0;1;1;-24.95781406;-48.42123049;SPRF-SP;DEL05-SP;UOP02-DEL05-SP;544.8;-24.95781406;-48.42123049;2023-06-11;2023;6;2023-06;8;Manha;0;0;1;6
528760;2023-06-11;domingo;10:15:00;SP;381.0;25;BRAGANCA PAULISTA;Ausência de reação do condutor;Tombamento;Com Vítimas Feridas;Pleno dia;Decrescente;Céu Claro;Dupla;Não Informado;Não;2;0;2;0;0;0;2;1;-23.02018004;-46.52966596;SPRF-SP;DEL03-SP;UOP02-DEL03-SP;25.0;-23.02018004;-46.52966596;2023-06-11;2023;6;2023-06;10;Manha;0;0;2;6
531301;2023-06-11;domingo;12:10:00;SP;381.0;24;BRAGANCA PAULISTA;Ausência de reação do condutor;Colisão lateral mesmo sentido;Com Vítimas Feridas;Pleno dia;Crescente;Céu Claro;Dupla;Reta;Não;3;0;1;0;1;1;1;2;-23.01316393;-46.52386219;SPRF-SP;DEL03-SP;UOP02-DEL03-SP;24.0;-23.01316393;-46.52386219;2023-06-11;2023;6;2023-06;12;Tarde;0;0;1;6
528783;2023-06-11;domingo;12:30:00;SP;116.0;61;GUARATINGUETA;Ausência de reação do condutor;Colisão traseira;Com Vítimas Feridas;Pleno dia;Crescente;Sol;Dupla;Reta;Não;5;0;1;0;4;0;1;4;-22.79763613;-45.1674588;SPRF-SP;DEL08-SP;UOP01-DEL08-SP;61.0;-22.79763613;-45.1674588;2023-06-11;2023;6;2023-06;12;Tarde;0;0;1;6
528797;2023-06-11;domingo;12:20:00;SP;116.0;67;GUARATINGUETA;Condutor deixou de manter distância do veículo da frente;Engavetamento;Com Vítimas Feridas;Pleno dia;Crescente;Céu Claro;Dupla;Reta;Sim;6;0;1;0;5;0;1;5;-22.82867578;-45.2088941;SPRF-SP;DEL08-SP;UOP01-DEL08-SP;67.0;-22.82867578;-45.2088941;2023-06-11;2023;6;2023-06;12;Tarde;0;0;1;6
528803;2023-06-11;domingo;13:30:00;SP;116.0;54;LORENA;Manobra de mudança de faixa;Colisão lateral mesmo sentido;Com Vítimas Feridas;Pleno dia;Crescente;Céu Claro;Dupla;Reta;Não;1;0;1;0;0;0;1;1;-22.75803895;-45.11508003;SPRF-SP;DEL08-SP;UOP02-DEL08-SP;54.0;-22.75803895;-45.11508003;2023-06-11;2023;6;2023-06;13;Tarde;0;0;1;6
528751;2023-06-11;domingo;09:10:00;SP;381.0;61;MAIRIPORA;Reação tardia ou ineficiente do condutor;Colisão com objeto;Com Vítimas Feridas;Pleno dia;Crescente;Céu Claro;Dupla;Não Informado;Não;3;0;3;0;0;0;3;1;-23.29011611;-46.5800681;SPRF-SP;DEL03-SP;UOP01-DEL03-SP;61.0;-23.29011611;-46.5800681;2023-06-11;2023;6;2023-06;9;Manha;0;0;3;6
528771;2023-06-11;domingo;12:00:00;SP;381.0;58;MAIRIPORA;Reação tardia ou ineficiente do condutor;Colisão traseira;Com Vítimas Feridas;Pleno dia;Crescente;Céu Claro;Dupla;Reta;Não;3;0;1;0;2;0;1;2;-23.27438497;-46.58530615;SPRF-SP;DEL03-SP;UOP01-DEL03-SP;58.0;-23.27438497;-46.58530615;2023-06-11;2023;6;2023-06;12;Tarde;0;0;1;6
528767;2023-06-11;domingo;08:45:00;SP;116.0;95.7;PINDAMONHANGABA;Demais falhas mecânicas ou elétricas;Incêndio;Sem Vítimas;Pleno dia;Decrescente;Sol;Dupla;Reta;Não;1;0;0;0;1;0;0;1;-22.96514512;-45.43013094;SPRF-SP;DEL08-SP;UOP01-DEL08-SP;95.7;-22.96514512;-45.43013094;2023-06-11;2023;6;2023-06;8;Manha;0;0;0;6
528831;2023-06-11;domingo;15:10:00;SP;116.0;92;PINDAMONHANGABA;Reação tardia ou ineficiente do condutor;Colisão lateral mesmo sentido;Com Vítimas Feridas;Pleno dia;Crescente;Nublado;Dupla;Não Informado;Não;2;0;1;0;0;1;1;2;-22.95222732;-45.40443885;SPRF-SP;DEL08-SP;UOP01-DEL08-SP;92.0;-22.95222732;-45.40443885;2023-06-11;2023;6;2023-06;15;Tarde;0;0;1;6
528695;2023-06-11;domingo;03:00:00;SP;116.0;190;SANTA ISABEL;Ingestão de álcool pelo condutor;Colisão frontal;Com Vítimas Feridas;Plena Noite;Decrescente;Vento;Múltipla;Reta;Sim;2;0;1;0;1;0;1;2;-23.36821879;-46.23367409;SPRF-SP;DEL01-SP;UOP01-DEL01-SP;190.0;-23.36821879;-46.23367409;2023-06-11;2023;6;2023-06;3;Madrugada;0;0;1;6
528915;2023-06-11;domingo;22:10:00;SP;153.0;48.4;SAO JOSE DO RIO PRETO;Ingestão de álcool pelo condutor;Saída de leito carroçável;Com Vítimas Feridas;Plena Noite;Crescente;Céu Claro;Simples;Não Informado;Não;2;0;1;0;1;0;1;1;-20.694845;-49.339625;SPRF-SP;DEL09-SP;UOP01-DEL09-SP;48.4;-20.694845;-49.339625;2023-06-11;2023;6;2023-06;22;Noite;0;0;1;6
528884;2023-06-11;domingo;19:50:00;SP;116.0;154;SAO JOSE DOS CAMPOS;Trafegar com motocicleta (ou similar) entre as faixas;Colisão lateral mesmo sentido;Com Vítimas Feridas;Plena Noite;Crescente;Céu Claro;Múltipla;Reta;Sim;3;0;2;0;1;0;2;2;-23.23903999;-45.92061901;SPRF-SP;DEL02-SP;UOP01-DEL02-SP;154.0;-23.23903999;-45.92061901;2023-06-11;2023;6;2023-06;19;Noite;0;0;2;6
528816;2023-06-11;domingo;15:16:00;SP;116.0;301;SAO LOURENCO DA SERRA;Reação tardia ou ineficiente do condutor;Queda de ocupante de veículo;Com Vítimas Feridas;Pleno dia;Crescente;Céu Claro;Dupla;Reta;Não;2;0;1;1;0;0;2;1;-23.81147602;-46.92298208;SPRF-SP;DEL04-SP;UOP01-DEL04-SP;301.0;-23.81147602;-46.92298208;2023-06-11;2023;6;2023-06;15;Tarde;0;1;4;6
528848;2023-06-11;domingo;18:00:00;SP;116.0;230;SAO PAULO;Acessar a via sem observar a presença dos outros veículos;Colisão lateral mesmo sentido;Com Vítimas Feridas;Anoitecer;Crescente;Céu Claro;Múltipla;Reta;Sim;3;0;2;0;1;0;2;2;-23.52251783;-46.5855702;SPRF-SP;DEL01-SP;UOP01-DEL01-SP;230.0;-23.52251783;-46.5855702;2023-06-11;2023;6;2023-06;18;Noite;0;0;2;6
528855;2023-06-11;domingo;18:00:00;SP;101.0;50;UBATUBA;Ultrapassagem Indevida;Colisão lateral mesmo sentido;Sem Vítimas;Plena Noite;Crescente;Céu Claro;Simples;Rotatória;Sim;3;0;0;0;3;0;0;2;-23.45018939;-45.07743735;SPRF-SP;DEL06-SP;UOP01-DEL06-SP;50.0;-23.45018939;-45.07743735;2023-06-11;2023;6;2023-06;18;Noite;0;0;0;6
528994;2023-06-12;segunda-feira;06:55:00;SP;381.0;25.4;ATIBAIA;Condutor deixou de manter distância do veículo da frente;Engavetamento;Com Vítimas Feridas;Pleno dia;Crescente;Sol;Dupla;Reta;Sim;5;0;2;0;3;0;2;5;-23.02018004;-46.52966596;SPRF-SP;DEL03-SP;UOP02-DEL03-SP;25.4;-23.02018004;-46.52966596;2023-06-12;2023;6;2023-06;6;Manha;0;0;2;0
529156;2023-06-12;segunda-feira;19:35:00;SP;116.0;512;CAJATI;Reação tardia ou ineficiente do condutor;Saída de leito carroçável;Com Vítimas Feridas;Plena Noite;Decrescente;Chuva;Simples;Não Informado;Não;2;0;2;0;0;0;2;1;-24.84656535;-48.21418762;SPRF-SP;DEL05-SP;UOP02-DEL05-SP;512.0;-24.84656535;-48.21418762;2023-06-12;2023;6;2023-06;19;Noite;0;0;2;0
528954;2023-06-12;segunda-feira;04:55:00;SP;116.0;284;EMBU DAS ARTES;Reação tardia ou ineficiente do condutor;Queda de ocupante de veículo;Com Vítimas Feridas;Plena Noite;Crescente;Ignorado;Múltipla;Reta;Não;1;0;0;1;0;0;1;1;-23.69998;-46.867767;SPRF-SP;DEL04-SP;UOP01-DEL04-SP;284.0;-23.69998;-46.867767;2023-06-12;2023;6;2023-06;4;Madrugada;0;1;3;0
529008;2023-06-12;segunda-feira;08:00:00;SP;116.0;279;EMBU DAS ARTES;Reação tardia ou ineficiente do condutor;Colisão lateral mesmo sentido;Com Vítimas Feridas;Pleno dia;Crescente;Céu Claro;Dupla;Curva;Sim;3;0;1;0;2;0;1;2;-23.66233697;-46.85292907;SPRF-SP;DEL04-SP;UOP01-DEL04-SP;279.0;-23.66233697;-46.85292907;2023-06-12;2023;6;2023-06;8;Manha;0;0;1;0
528969;2023-06-12;segunda-feira;06:45:00;SP;116.0;226;GUARULHOS;Avarias e/ou desgaste excessivo no pneu;Queda de ocupante de veículo;Com Vítimas Feridas;Pleno dia;Decrescente;Céu Claro;Múltipla;Reta;Não;2;0;1;0;1;0;1;1;-23.49102507;-46.54878195;SPRF-SP;DEL01-SP;UOP01-DEL01-SP;226.0;-23.49102507;-46.54878195;2023-06-12;2023;6;2023-06;6;Manha;0;0;1;0
529039;2023-06-12;segunda-feira;11:15:00;SP;116.0;221;GUARULHOS;Trafegar com motocicleta (ou similar) entre as faixas;Colisão traseira;Com Vítimas Feridas;Pleno dia;Crescente;Céu Claro;Múltipla;Reta;Sim;3;0;0;1;2;0;1;2;-23.46802395;-46.50704901;SPRF-SP;DEL01-SP;UOP01-DEL01-SP;221.0;-23.46802395;-46.50704901;2023-06-12;2023;6;2023-06;11;Manha;0;1;3;0
529072;2023-06-12;segunda-feira;14:40:00;SP;116.0;223;GUARULHOS;Reação tardia ou ineficiente do condutor;Queda de ocupante de veículo;Com Vítimas Feridas;Pleno dia;Crescente;Céu Claro;Múltipla;Reta;Sim;2;0;1;0;1;0;1;2;-23.47559815;-46.5246609;SPRF-SP;DEL01-SP;UOP01-DEL01-SP;223.0;-23.47559815;-46.5246609;2023-06-12;2023;6;2023-06;14;Tarde;0;0;1;0
529135;2023-06-12;segunda-feira;19:30:00;SP;116.0;226;GUARULHOS;Ausência de reação do condutor;Engavetamento;Com Vítimas Feridas;Plena Noite;Decrescente;Vento;Dupla;Desvio Temporário;Sim;5;0;1;0;2;2;1;5;-23.49102507;-46.54878195;SPRF-SP;DEL01-SP;UOP01-DEL01-SP;226.0;-23.49102507;-46.54878195;2023-06-12;2023;6;2023-06;19;Noite;0;0;1;0
529119;2023-06-12;segunda-feira;19:10:00;SP;116.0;286.1;ITAPECERICA DA SERRA;Entrada inopinada do pedestre;Atropelamento de Pedestre;Com Vítimas Fatais;Plena Noite;Decrescente;Garoa/Chuvisco;Dupla;Reta;Não;2;1;0;0;1;0;0;1;-23.70925128;-46.87588966;SPRF-SP;DEL04-SP;UOP01-DEL04-SP;286.1;-23.70925128;-46.87588966;2023-06-12;2023;6;2023-06;19;Noite;1;1;5;0
529080;2023-06-12;segunda-feira;15:30:00;SP;116.0;157;JACAREI;Objeto estático sobre o leito carroçável;Tombamento;Com Vítimas Feridas;Pleno dia;Decrescente;Céu Claro;Dupla;Não Informado;Não;1;0;1;0;0;0;1;1;-23.25558031;-45.9437828;SPRF-SP;DEL02-SP;UOP01-DEL02-SP;157.0;-23.25558031;-45.9437828;2023-06-12;2023;6;2023-06;15;Tarde;0;0;1;0
529015;2023-06-12;segunda-feira;09:00:00;SP;116.0;414;JUQUIA;Ausência de reação do condutor;Colisão transversal;Com Vítimas Feridas;Pleno dia;Decrescente;Nublado;Dupla;Reta;Sim;4;0;1;0;2;1;1;2;-24.33164;-47.632774;SPRF-SP;DEL05-SP;UOP01-DEL05-SP;414.0;-24.33164;-47.632774;2023-06-12;2023;6;2023-06;9;Manha;0;0;1;0
529021;2023-06-12;segunda-feira;08:00:00;SP;459.0;27.5;LORENA;Avarias e/ou desgaste excessivo no pneu;Queda de ocupante de veículo;Com Vítimas Feridas;Pleno dia;Crescente;Céu Claro;Simples;Reta;Não;2;0;2;0;0;0;2;1;-22.701632;-45.118095;SPRF-SP;DEL08-SP;UOP02-DEL08-SP;27.5;-22.701632;-45.118095;2023-06-12;2023;6;2023-06;8;Manha;0;0;2;0
529091;2023-06-12;segunda-feira;15:40:00;SP;381.0;65;MAIRIPORA;Mal súbito do condutor;Colisão com objeto;Sem Vítimas;Pleno dia;Decrescente;Sol;Múltipla;Reta;Não;1;0;0;0;1;0;0;1;-23.316547;-46.58251;SPRF-SP;DEL03-SP;UOP01-DEL03-SP;65.0;-23.316547;-46.58251;2023-06-12;2023;6;2023-06;15;Tarde;0;0;0;0
528963;2023-06-12;segunda-feira;05:45:00;SP;116.0;342;MIRACATU;Pedestre cruzava a pista fora da faixa;Atropelamento de Pedestre;Com Vítimas Fatais;Plena Noite;Decrescente;Nublado;Dupla;Reta;Não;2;1;0;0;0;1;0;1;-24.01625202;-47.16797896;SPRF-SP;DEL04-SP;UOP03-DEL04-SP;342.0;-24.01625202;-47.16797896;2023-06-12;2023;6;2023-06;5;Madrugada;1;1;5;0
529116;2023-06-12;segunda-feira;18:20:00;SP;116.0;337.1;MIRACATU;Pedestre andava na pista;Atropelamento de Pedestre;Com Vítimas Fatais;Plena Noite;Decrescente;Nublado;Dupla;Reta;Sim;4;1;0;0;2;1;0;3;-23.9818403;-47.14564419;SPRF-SP;DEL04-SP;UOP03-DEL04-SP;337.1;-23.9818403;-47.14564419;2023-06-12;2023;6;2023-06;18;Noite;1;1;5;0
528999;2023-06-12;segunda-feira;08:00:00;SP;116.0;139;SAO JOSE DOS CAMPOS;Ausência de reação do condutor;Colisão traseira;Com Vítimas Feridas;Pleno dia;Crescente;Céu Claro;Dupla;Reta;Não;2;0;1;0;1;0;1;2;-23.16153216;-45.80400592;SPRF-SP;DEL02-SP;UOP01-DEL02-SP;139.0;-23.16153216;-45.80400592;2023-06-12;2023;6;2023-06;8;Manha;0;0;1;0
529114;2023-06-12;segunda-feira;17:25:00;SP;116.0;145.3;SAO JOSE DOS CAMPOS;Ausência de reação do condutor;Colisão traseira;Com Vítimas Feridas;Plena Noite;Crescente;Nublado;Múltipla;Reta;Sim;3;0;1;0;2;0;1;3;-23.1869844;-45.8548078;SPRF-SP;DEL02-SP;UOP01-DEL02-SP;145.3;-23.1869844;-45.8548078;2023-06-12;2023;6;2023-06;17;Tarde;0;0;1;0
535758;2023-06-12;segunda-feira;09:20:00;SP;116.0;273;TABOAO DA SERRA;Ultrapassagem Indevida;Colisão frontal;Com Vítimas Feridas;Pleno dia;Decrescente;Céu Claro;Simples;Curva;Não;3;0;1;0;2;0;1;3;-23.62809795;-46.81870306;SPRF-SP;DEL04-SP;UOP01-DEL04-SP;273.0;-23.62809795;-46.81870306;2023-06-12;2023;6;2023-06;9;Manha;0;0;1;0
529019;2023-06-12;segunda-feira;09:20:00;SP;101.0;29.6;UBATUBA;Conversão proibida;Colisão traseira;Com Vítimas Feridas;Pleno dia;Crescente;Sol;Simples;Reta;Não;3;0;2;0;1;0;2;2;-23.37341522;-44.96219491;SPRF-SP;DEL06-SP;UOP01-DEL06-SP;29.6;-23.37341522;-44.96219491;2023-06-12;2023;6;2023-06;9;Manha;0;0;2;0
529127;2023-06-12;segunda-feira;18:45:00;SP;101.0;11;UBATUBA;Avarias e/ou desgaste excessivo no pneu;Tombamento;Com Vítimas Feridas;Plena Noite;Decrescente;Céu Claro;Dupla;Reta;Não;2;0;2;0;0;0;2;1;-23.35410133;-44.84918112;SPRF-SP;DEL06-SP;UOP01-DEL06-SP;11.0;-23.35410133;-44.84918112;2023-06-12;2023;6;2023-06;18;Noite;0;0;2;0
529070;2023-06-12;segunda-feira;14:03:00;SP;381.0;3;VARGEM;Reação tardia ou ineficiente do condutor;Saída de leito carroçável;Com Vítimas Feridas;Pleno dia;Crescente;Céu Claro;Dupla;Não Informado;Não;1;0;1;0;0;0;1;1;-22.87841483;-46.39917107;SPRF-SP;DEL03-SP;UOP02-DEL03-SP;3.0;-22.87841483;-46.39917107;2023-06-12;2023;6;2023-06;14;Tarde;0;0;1;0
529167;2023-06-13;terca-feira;03:40:00;SP;116.0;506;CAJATI;Condutor Dormindo;Capotamento;Com Vítimas Feridas;Plena Noite;Decrescente;Garoa/Chuvisco;Dupla;Reta;Não;1;0;1;0;0;0;1;1;-24.79704815;-48.2145174;SPRF-SP;DEL05-SP;UOP02-DEL05-SP;506.0;-24.79704815;-48.2145174;2023-06-13;2023;6;2023-06;3;Madrugada;0;0;1;1
529221;2023-06-13;terca-feira;09:30:00;SP;116.0;488;CAJATI;Reação tardia ou ineficiente do condutor;Saída de leito carroçável;Com Vítimas Feridas;Pleno dia;Crescente;Chuva;Dupla;Curva;Sim;2;0;1;1;0;0;2;1;-24.73097634;-48.09815591;SPRF-SP;DEL05-SP;UOP01-DEL05-SP;488.0;-24.73097634;-48.09815591;2023-06-13;2023;6;2023-06;9;Manha;0;1;4;1
529299;2023-06-13;terca-feira;18:15:00;SP;116.0;288;ITAPECERICA DA SERRA;Avarias e/ou desgaste excessivo no pneu;Colisão frontal;Com Vítimas Feridas;Plena Noite;Decrescente;Garoa/Chuvisco;Simples;Não Informado;Não;4;0;2;0;2;0;2;2;-23.719254;-46.883144;SPRF-SP;DEL04-SP;UOP01-DEL04-SP;288.0;-23.719254;-46.883144;2023-06-13;2023;6;2023-06;18;Noite;0;0;2;1
529225;2023-06-13;terca-feira;08:50:00;SP;116.0;326;JUQUITIBA;Chuva;Colisão com objeto;Com Vítimas Feridas;Pleno dia;Decrescente;Chuva;Dupla;Curva;Não;1;0;1;0;0;0;1;1;-23.93901304;-47.06241203;SPRF-SP;DEL04-SP;UOP03-DEL04-SP;326.0;-23.93901304;-47.06241203;2023-06-13;2023;6;2023-06;8;Manha;0;0;1;1
529171;2023-06-13;terca-feira;06:30:00;SP;116.0;382;MIRACATU;Demais falhas mecânicas ou elétricas;Incêndio;Sem Vítimas;Amanhecer;Decrescente;Garoa/Chuvisco;Dupla;Curva;Não;1;0;0;0;1;0;0;1;-24.233543;-47.36028094;SPRF-SP;DEL04-SP;UOP02-DEL04-SP;382.0;-24.233543;-47.36028094;2023-06-13;2023;6;2023-06;6;Manha;0;0;0;1
529334;2023-06-13;terca-feira;21:00:00;SP;116.0;355.9;MIRACATU;Chuva;Saída de leito carroçável;Com Vítimas Feridas;Plena Noite;Decrescente;Chuva;Dupla;Curva;Não;1;0;0;1;0;0;1;1;-24.08289401;-47.25237399;SPRF-SP;DEL04-SP;UOP03-DEL04-SP;355.9;-24.08289401;-47.25237399;2023-06-13;2023;6;2023-06;21;Noite;0;1;3;1
529185;2023-06-13;terca-feira;07:00:00;SP;153.0;25.5;NOVA GRANADA;Ausência de reação do condutor;Tombamento;Com Vítimas Feridas;Amanhecer;Crescente;Nublado;Simples;Curva;Não;1;0;1;0;0;0;1;1;-20.5009771;-49.32004582;SPRF-SP;DEL09-SP;UOP01-DEL09-SP;25.5;-20.5009771;-49.32004582;2023-06-13;2023;6;2023-06;7;Manha;0;0;1;1
529241;2023-06-13;terca-feira;12:45:00;SP;153.0;319.2;RIBEIRAO DO SUL;Transitar na contramão;Colisão frontal;Com Vítimas Fatais;Pleno dia;Decrescente;Chuva;Simples;Reta;Não;2;1;1;0;0;0;1;2;-22.751547;-49.8897;SPRF-SP;DEL07-SP;UOP03-DEL07-SP;319.2;-22.751547;-49.8897;2023-06-13;2023;6;2023-06;12;Tarde;1;1;6;1
529201;2023-06-13;terca-feira;08:30:00;SP;153.0;62;SAO JOSE DO RIO PRETO;Condutor deixou de manter distância do veículo da frente;Colisão lateral mesmo sentido;Com Vítimas Feridas;Pleno dia;Crescente;Céu Claro;Dupla;Reta;Sim;2;0;2;0;0;0;2;2;-20.81325404;-49.35675563;SPRF-SP;DEL09-SP;UOP01-DEL09-SP;62.0;-20.81325404;-49.35675563;2023-06-13;2023;6;2023-06;8;Manha;0;0;2;1
529305;2023-06-13;terca-feira;19:18:00;SP;116.0;230;SAO PAULO;Reação tardia ou ineficiente do condutor;Colisão traseira;Sem Vítimas;Plena Noite;Decrescente;Garoa/Chuvisco;Múltipla;Reta;Sim;2;0;0;0;2;0;0;2;-23.52251783;-46.5855702;SPRF-SP;DEL01-SP;UOP01-DEL01-SP;230.0;-23.52251783;-46.5855702;2023-06-13;2023;6;2023-06;19;Noite;0;0;0;1
529456;2023-06-14;quarta-feira;15:30:00;SP;116.0;514;CAJATI;Ausência de reação do condutor;Colisão com objeto;Com Vítimas Feridas;Pleno dia;Decrescente;Garoa/Chuvisco;Dupla;Não Informado;Não;2;0;2;0;0;0;2;1;-24.85874304;-48.21731282;SPRF-SP;DEL05-SP;UOP02-DEL05-SP;514.0;-24.85874304;-48.21731282;2023-06-14;2023;6;2023-06;15;Tarde;0;0;2;2
529371;2023-06-14;quarta-feira;06:20:00;SP;381.0;88;GUARULHOS;Acumulo de água sobre o pavimento;Colisão com objeto;Sem Vítimas;Pleno dia;Decrescente;Chuva;Múltipla;Reta;Sim;1;0;0;0;1;0;0;1;-23.47469314;-46.56112919;SPRF-SP;DEL03-SP;UOP01-DEL03-SP;88.0;-23.47469314;-46.56112919;2023-06-14;2023;6;2023-06;6;Manha;0;0;0;2
529411;2023-06-14;quarta-feira;11:00:00;SP;116.0;227;GUARULHOS;Ausência de reação do condutor;Colisão lateral mesmo sentido;Com Vítimas Feridas;Pleno dia;Crescente;Nublado;Múltipla;Reta;Sim;3;0;1;0;2;0;1;3;-23.49659264;-46.55648754;SPRF-SP;DEL01-SP;UOP01-DEL01-SP;227.0;-23.49659264;-46.55648754;2023-06-14;2023;6;2023-06;11;Manha;0;0;1;2
529419;2023-06-14;quarta-feira;11:45:00;SP;116.0;210;GUARULHOS;Reação tardia ou ineficiente do condutor;Engavetamento;Com Vítimas Feridas;Pleno dia;Decrescente;Garoa/Chuvisco;Dupla;Reta;Sim;4;0;1;0;3;0;1;4;-23.42870023;-46.41085991;SPRF-SP;DEL01-SP;UOP01-DEL01-SP;210.0;-23.42870023;-46.41085991;2023-06-14;2023;6;2023-06;11;Manha;0;0;1;2
529789;2023-06-14;quarta-feira;09:00:00;SP;116.0;207;GUARULHOS;Reação tardia ou ineficiente do condutor;Colisão traseira;Com Vítimas Feridas;Pleno dia;Crescente;Chuva;Múltipla;Reta;Sim;2;0;1;0;1;0;1;2;-23.41972188;-46.38419203;SPRF-SP;DEL01-SP;UOP01-DEL01-SP;207.0;-23.41972188;-46.38419203;2023-06-14;2023;6;2023-06;9;Manha;0;0;1;2
529474;2023-06-14;quarta-feira;12:30:00;SP;381.0;54;MAIRIPORA;Reação tardia ou ineficiente do condutor;Colisão com objeto;Com Vítimas Feridas;Pleno dia;Decrescente;Garoa/Chuvisco;Dupla;Reta;Não;2;0;1;0;1;0;1;1;-23.2449074;-46.59562343;SPRF-SP;DEL03-SP;UOP01-DEL03-SP;54.0;-23.2449074;-46.59562343;2023-06-14;2023;6;2023-06;12;Tarde;0;0;1;2
529445;2023-06-14;quarta-feira;13:00:00;SP;116.0;392.9;MIRACATU;Reação tardia ou ineficiente do condutor;Colisão traseira;Com Vítimas Feridas;Pleno dia;Decrescente;Garoa/Chuvisco;Dupla;Reta;Não;5;0;4;0;1;0;4;2;-24.2823606;-47.4330272;SPRF-SP;DEL04-SP;UOP02-DEL04-SP;392.9;-24.2823606;-47.4330272;2023-06-14;2023;6;2023-06;13;Tarde;0;0;4;2
529358;2023-06-14;quarta-feira;06:20:00;SP;116.0;94;PINDAMONHANGABA;Manobra de mudança de faixa;Colisão traseira;Com Vítimas Feridas;Amanhecer;Crescente;Nublado;Dupla;Reta;Não;3;0;0;1;1;1;1;3;-22.96083987;-45.42156507;SPRF-SP;DEL08-SP;UOP01-DEL08-SP;94.0;-22.96083987;-45.42156507;2023-06-14;2023;6;2023-06;6;Manha;0;1;3;2
529362;2023-06-14;quarta-feira;06:30:00;SP;116.0;143;SAO JOSE DOS CAMPOS;Ausência de reação do condutor;Colisão traseira;Com Vítimas Feridas;Amanhecer;Crescente;Garoa/Chuvisco;Dupla;Reta;Sim;5;0;2;0;3;0;2;3;-23.17849879;-45.83787411;SPRF-SP;DEL02-SP;UOP01-DEL02-SP;143.0;-23.17849879;-45.83787411;2023-06-14;2023;6;2023-06;6;Manha;0;0;2;2
529394;2023-06-14;quarta-feira;08:50:00;SP;116.0;155;SAO JOSE DOS CAMPOS;Condutor deixou de manter distância do veículo da frente;Colisão traseira;Com Vítimas Feridas;Pleno dia;Decrescente;Chuva;Múltipla;Não Informado;Não;6;0;2;0;3;1;2;5;-23.24524337;-45.92772774;SPRF-SP;DEL02-SP;UOP01-DEL02-SP;155.0;-23.24524337;-45.92772774;2023-06-14;2023;6;2023-06;8;Manha;0;0;2;2
529428;2023-06-14;quarta-feira;12:45:00;SP;381.0;82;SAO PAULO;Ausência de reação do condutor;Engavetamento;Com Vítimas Feridas;Pleno dia;Crescente;Chuva;Múltipla;Reta;Sim;3;0;1;0;2;0;1;3;-23.42399;-46.575112;SPRF-SP;DEL03-SP;UOP01-DEL03-SP;82.0;-23.42399;-46.575112;2023-06-14;2023;6;2023-06;12;Tarde;0;0;1;2
529473;2023-06-14;quarta-feira;16:10:00;SP;381.0;74;SAO PAULO;Velocidade Incompatível;Capotamento;Com Vítimas Feridas;Pleno dia;Decrescente;Chuva;Múltipla;Não Informado;Não;1;0;1;0;0;0;1;1;-23.37208014;-46.55700294;SPRF-SP;DEL03-SP;UOP01-DEL03-SP;74.0;-23.37208014;-46.55700294;2023-06-14;2023;6;2023-06;16;Tarde;0;0;1;2
529437;2023-06-14;quarta-feira;13:20:00;SP;101.0;50;UBATUBA;Acessar a via sem observar a presença dos outros veículos;Colisão transversal;Com Vítimas Feridas;Pleno dia;Decrescente;Garoa/Chuvisco;Simples;Reta;Sim;2;0;1;0;1;0;1;2;-23.45018939;-45.07743735;SPRF-SP;DEL06-SP;UOP01-DEL06-SP;50.0;-23.45018939;-45.07743735;2023-06-14;2023;6;2023-06;13;Tarde;0;0;1;2
529617;2023-06-15;quinta-feira;13:30:00;SP;116.0;200;ARUJA;Acumulo de água sobre o pavimento;Colisão lateral mesmo sentido;Com Vítimas Feridas;Pleno dia;Decrescente;Chuva;Dupla;Reta;Não;2;0;1;0;1;0;1;2;-23.40281294;-46.3211;SPRF-SP;DEL01-SP;UOP01-DEL01-SP;200.0;-23.40281294;-46.3211;2023-06-15;2023;6;2023-06;13;Tarde;0;0;1;3
529652;2023-06-15;quinta-feira;14:45:00;SP;116.0;561;BARRA DO TURVO;Reação tardia ou ineficiente do condutor;Capotamento;Com Vítimas Feridas;Pleno dia;Crescente;Nublado;Simples;Curva;Não;2;0;1;0;1;0;1;1;-25.02045097;-48.51586004;SPRF-SP;DEL05-SP;UOP02-DEL05-SP;561.0;-25.02045097;-48.51586004;2023-06-15;2023;6;2023-06;14;Tarde;0;0;1;3
529654;2023-06-15;quinta-feira;14:00:00;SP;116.0;500;CAJATI;Pista Escorregadia;Saída de leito carroçável;Com Vítimas Feridas;Pleno dia;Crescente;Garoa/Chuvisco;Múltipla;Curva;Não;3;0;1;0;2;0;1;2;-24.78162109;-48.18342711;SPRF-SP;DEL05-SP;UOP02-DEL05-SP;500.0;-24.78162109;-48.18342711;2023-06-15;2023;6;2023-06;14;Tarde;0;0;1;3
529558;2023-06-15;quinta-feira;07:20:00;SP;116.0;209;GUARULHOS;Reação tardia ou ineficiente do condutor;Colisão lateral mesmo sentido;Com Vítimas Feridas;Pleno dia;Decrescente;Garoa/Chuvisco;Múltipla;Reta;Sim;3;0;2;0;1;0;2;2;-23.42511799;-46.40221101;SPRF-SP;DEL01-SP;UOP01-DEL01-SP;209.0;-23.42511799;-46.40221101;2023-06-15;2023;6;2023-06;7;Manha;0;0;2;3
529646;2023-06-15;quinta-feira;16:00:00;SP;116.0;220;GUARULHOS;Reação tardia ou ineficiente do condutor;Queda de ocupante de veículo;Com Vítimas Feridas;Anoitecer;Decrescente;Chuva;Múltipla;Reta;Não;1;0;1;0;0;0;1;1;-23.46472809;-46.49793962;SPRF-SP;DEL01-SP;UOP01-DEL01-SP;220.0;-23.46472809;-46.49793962;2023-06-15;2023;6;2023-06;16;Tarde;0;0;1;3
529699;2023-06-15;quinta-feira;19:30:00;SP;116.0;211;GUARULHOS;Trafegar com motocicleta (ou similar) entre as faixas;Colisão lateral mesmo sentido;Com Vítimas Feridas;Plena Noite;Decrescente;Chuva;Múltipla;Reta;Sim;2;0;1;0;1;0;1;2;-23.42870023;-46.41085991;SPRF-SP;DEL01-SP;UOP01-DEL01-SP;211.0;-23.42870023;-46.41085991;2023-06-15;2023;6;2023-06;19;Noite;0;0;1;3
529564;2023-06-15;quinta-feira;07:30:00;SP;116.0;158;JACAREI;Mal súbito do condutor;Capotamento;Com Vítimas Fatais;Pleno dia;Decrescente;Céu Claro;Simples;Não Informado;Não;2;1;0;0;0;1;0;1;-23.26072137;-45.95179176;SPRF-SP;DEL02-SP;UOP01-DEL02-SP;158.0;-23.26072137;-45.95179176;2023-06-15;2023;6;2023-06;7;Manha;1;1;5;3
529568;2023-06-15;quinta-feira;08:00:00;SP;116.0;424;JUQUIA;Pista Escorregadia;Queda de ocupante de veículo;Com Vítimas Feridas;Pleno dia;Decrescente;Chuva;Dupla;Reta;Não;2;0;1;0;1;0;1;1;-24.3736589;-47.70692922;SPRF-SP;DEL05-SP;UOP01-DEL05-SP;424.0;-24.3736589;-47.70692922;2023-06-15;2023;6;2023-06;8;Manha;0;0;1;3
529611;2023-06-15;quinta-feira;10:42:00;SP;381.0;71;MAIRIPORA;Pista Escorregadia;Queda de ocupante de veículo;Com Vítimas Feridas;Pleno dia;Decrescente;Chuva;Múltipla;Não Informado;Não;1;0;1;0;0;0;1;1;-23.35047979;-46.55267274;SPRF-SP;DEL03-SP;UOP01-DEL03-SP;71.0;-23.35047979;-46.55267274;2023-06-15;2023;6;2023-06;10;Manha;0;0;1;3
529682;2023-06-15;quinta-feira;18:23:00;SP;116.0;102;PINDAMONHANGABA;Condutor deixou de manter distância do veículo da frente;Colisão traseira;Com Vítimas Feridas;Plena Noite;Decrescente;Chuva;Dupla;Reta;Não;3;0;1;1;1;0;2;3;-22.99497994;-45.48951403;SPRF-SP;DEL08-SP;UOP01-DEL08-SP;102.0;-22.99497994;-45.48951403;2023-06-15;2023;6;2023-06;18;Noite;0;1;4;3
529550;2023-06-15;quinta-feira;02:40:00;SP;116.0;440;REGISTRO;Velocidade Incompatível;Saída de leito carroçável;Sem Vítimas;Plena Noite;Decrescente;Céu Claro;Dupla;Reta;Sim;4;0;0;0;3;1;0;2;-24.46159507;-47.81713991;SPRF-SP;DEL05-SP;UOP01-DEL05-SP;440.0;-24.46159507;-47.81713991;2023-06-15;2023;6;2023-06;2;Madrugada;0;0;0;3
529635;2023-06-15;quinta-feira;14:50:00;SP;116.0;448;REGISTRO;Reação tardia ou ineficiente do condutor;Colisão traseira;Com Vítimas Feridas;Pleno dia;Decrescente;Chuva;Dupla;Reta;Não;3;0;1;0;2;0;1;2;-24.52099699;-47.85336602;SPRF-SP;DEL05-SP;UOP01-DEL05-SP;448.0;-24.52099699;-47.85336602;2023-06-15;2023;6;2023-06;14;Tarde;0;0;1;3
529668;2023-06-15;quinta-feira;18:50:00;SP;153.0;60.7;SAO JOSE DO RIO PRETO;Condutor deixou de manter distância do veículo da frente;Colisão traseira;Com Vítimas Feridas;Anoitecer;Crescente;Garoa/Chuvisco;Dupla;Não Informado;Sim;2;0;1;0;1;0;1;2;-20.79637899;-49.35504913;SPRF-SP;DEL09-SP;UOP01-DEL09-SP;60.7;-20.79637899;-49.35504913;2023-06-15;2023;6;2023-06;18;Noite;0;0;1;3
529678;2023-06-15;quinta-feira;19:00:00;SP;153.0;66;SAO JOSE DO RIO PRETO;Demais falhas mecânicas ou elétricas;Incêndio;Sem Vítimas;Plena Noite;Crescente;Garoa/Chuvisco;Dupla;Curva;Não;1;0;0;0;1;0;0;1;-20.84208514;-49.37074279;SPRF-SP;DEL09-SP;UOP01-DEL09-SP;66.0;-20.84208514;-49.37074279;2023-06-15;2023;6;2023-06;19;Noite;0;0;0;3
529622;2023-06-15;quinta-feira;11:30:00;SP;381.0;76;SAO PAULO;Pista Escorregadia;Colisão frontal;Com Vítimas Feridas;Pleno dia;Crescente;Chuva;Múltipla;Não Informado;Não;2;0;2;0;0;0;2;1;-23.38372401;-46.56502116;SPRF-SP;DEL03-SP;UOP01-DEL03-SP;76.0;-23.38372401;-46.56502116;2023-06-15;2023;6;2023-06;11;Manha;0;0;2;3
529692;2023-06-15;quinta-feira;20:30:00;SP;116.0;227.2;SAO PAULO;Pista Escorregadia;Tombamento;Com Vítimas Feridas;Plena Noite;Decrescente;Garoa/Chuvisco;Múltipla;Reta;Sim;1;0;1;0;0;0;1;1;-23.49659264;-46.55648754;SPRF-SP;DEL01-SP;UOP01-DEL01-SP;227.2;-23.49659264;-46.55648754;2023-06-15;2023;6;2023-06;20;Noite;0;0;1;3
529925;2023-06-16;sexta-feira;21:00:00;SP;116.0;125;CACAPAVA;Transitar na contramão;Colisão com objeto;Com Vítimas Feridas;Pleno dia;Crescente;Céu Claro;Simples;Não Informado;Não;1;0;1;0;0;0;1;1;-23.09670727;-45.6838131;SPRF-SP;DEL02-SP;UOP02-DEL02-SP;125.0;-23.09670727;-45.6838131;2023-06-16;2023;6;2023-06;21;Noite;0;0;1;4
529727;2023-06-16;sexta-feira;02:30:00;SP;116.0;211;GUARULHOS;Reação tardia ou ineficiente do condutor;Colisão traseira;Com Vítimas Feridas;Plena Noite;Crescente;Garoa/Chuvisco;Dupla;Reta;Sim;3;0;2;0;1;0;2;2;-23.4324306;-46.4194352;SPRF-SP;DEL01-SP;UOP01-DEL01-SP;211.0;-23.4324306;-46.4194352;2023-06-16;2023;6;2023-06;2;Madrugada;0;0;2;4
529732;2023-06-16;sexta-feira;04:40:00;SP;381.0;85.5;GUARULHOS;Pista esburacada;Queda de ocupante de veículo;Com Vítimas Feridas;Plena Noite;Crescente;Chuva;Dupla;Reta;Sim;1;0;1;0;0;0;1;1;-23.449343;-46.56983501;SPRF-SP;DEL03-SP;UOP01-DEL03-SP;85.5;-23.449343;-46.56983501;2023-06-16;2023;6;2023-06;4;Madrugada;0;0;1;4
529777;2023-06-16;sexta-feira;09:05:00;SP;116.0;227.6;GUARULHOS;Reação tardia ou ineficiente do condutor;Colisão traseira;Com Vítimas Feridas;Pleno dia;Crescente;Céu Claro;Dupla;Reta;Sim;2;0;1;0;1;0;1;2;-23.49659264;-46.55648754;SPRF-SP;DEL01-SP;UOP01-DEL01-SP;227.6;-23.49659264;-46.55648754;2023-06-16;2023;6;2023-06;9;Manha;0;0;1;4
529883;2023-06-16;sexta-feira;18:00:00;SP;116.0;164;JACAREI;Trafegar com motocicleta (ou similar) entre as faixas;Colisão lateral mesmo sentido;Com Vítimas Feridas;Plena Noite;Decrescente;Céu Claro;Dupla;Reta;Não;2;0;1;0;0;1;1;2;-23.29166028;-46.00002382;SPRF-SP;DEL02-SP;UOP01-DEL02-SP;164.0;-23.29166028;-46.00002382;2023-06-16;2023;6;2023-06;18;Noite;0;0;1;4
529778;2023-06-16;sexta-feira;08:46:00;SP;116.0;53.2;LORENA;Trafegar com motocicleta (ou similar) entre as faixas;Tombamento;Com Vítimas Feridas;Pleno dia;Crescente;Nublado;Dupla;Reta;Não;1;0;0;1;0;0;1;1;-22.75255433;-45.10741076;SPRF-SP;DEL08-SP;UOP02-DEL08-SP;53.2;-22.75255433;-45.10741076;2023-06-16;2023;6;2023-06;8;Manha;0;1;3;4
529931;2023-06-16;sexta-feira;21:10:00;SP;116.0;403;MIRACATU;Reação tardia ou ineficiente do condutor;Tombamento;Com Vítimas Feridas;Plena Noite;Crescente;Nublado;Dupla;Reta;Não;3;0;1;1;0;1;2;1;-24.31697929;-47.52798687;SPRF-SP;DEL04-SP;UOP02-DEL04-SP;403.0;-24.31697929;-47.52798687;2023-06-16;2023;6;2023-06;21;Noite;0;1;4;4
529890;2023-06-16;sexta-feira;18:30:00;SP;116.0;94.7;PINDAMONHANGABA;Ausência de reação do condutor;Colisão lateral mesmo sentido;Com Vítimas Feridas;Plena Noite;Crescente;Céu Claro;Dupla;Reta;Não;2;0;1;0;1;0;1;2;-23.00774236;-45.39152527;SPRF-SP;DEL08-SP;UOP01-DEL08-SP;94.7;-23.00774236;-45.39152527;2023-06-16;2023;6;2023-06;18;Noite;0;0;1;4
529782;2023-06-16;sexta-feira;09:00:00;SP;116.0;158;SAO JOSE DOS CAMPOS;Reação tardia ou ineficiente do condutor;Colisão traseira;Com Vítimas Feridas;Pleno dia;Decrescente;Nublado;Dupla;Não Informado;Não;2;0;0;1;1;0;1;2;-23.26072137;-45.95179176;SPRF-SP;DEL02-SP;UOP01-DEL02-SP;158.0;-23.26072137;-45.95179176;2023-06-16;2023;6;2023-06;9;Manha;0;1;3;4
529874;2023-06-16;sexta-feira;17:40:00;SP;116.0;157.5;SAO JOSE DOS CAMPOS;Ausência de reação do condutor;Tombamento;Com Vítimas Feridas;Anoitecer;Decrescente;Nublado;Simples;Reta;Não;1;0;1;0;0;0;1;1;-23.25558031;-45.9437828;SPRF-SP;DEL02-SP;UOP01-DEL02-SP;157.5;-23.25558031;-45.9437828;2023-06-16;2023;6;2023-06;17;Tarde;0;0;1;4
529763;2023-06-16;sexta-feira;07:00:00;SP;116.0;270.8;TABOAO DA SERRA;Ingestão de álcool pelo condutor;Colisão traseira;Sem Vítimas;Amanhecer;Decrescente;Céu Claro;Múltipla;Reta;Sim;2;0;0;0;2;0;0;2;-23.61799728;-46.79677694;SPRF-SP;DEL04-SP;UOP01-DEL04-SP;270.8;-23.61799728;-46.79677694;2023-06-16;2023;6;2023-06;7;Manha;0;0;0;4
529949;2023-06-17;sabado;00:10:00;SP;381.0;37;ATIBAIA;Ausência de reação do condutor;Colisão lateral mesmo sentido;Com Vítimas Feridas;Plena Noite;Decrescente;Nevoeiro/Neblina;Dupla;Não Informado;Sim;2;0;1;0;1;0;1;2;-23.10506237;-46.56881577;SPRF-SP;DEL03-SP;UOP01-DEL03-SP;37.0;-23.10506237;-46.56881577;2023-06-17;2023;6;2023-06;0;Madrugada;0;0;1;5
530069;2023-06-17;sabado;17:00:00;SP;116.0;512;CAJATI;Reação tardia ou ineficiente do condutor;Tombamento;Com Vítimas Feridas;Pleno dia;Decrescente;Nublado;Dupla;Não Informado;Não;1;0;1;0;0;0;1;1;-24.84304306;-48.22027915;SPRF-SP;DEL05-SP;UOP02-DEL05-SP;512.0;-24.84304306;-48.22027915;2023-06-17;2023;6;2023-06;17;Tarde;0;0;1;5
529967;2023-06-17;sabado;04:00:00;SP;116.0;58;GUARATINGUETA;Ingestão de álcool pelo condutor;Colisão transversal;Com Vítimas Feridas;Plena Noite;Crescente;Nublado;Dupla;Reta;Sim;11;0;0;3;8;0;3;4;-22.78005511;-45.14572791;SPRF-SP;DEL08-SP;UOP01-DEL08-SP;58.0;-22.78005511;-45.14572791;2023-06-17;2023;6;2023-06;4;Madrugada;0;1;9;5
529958;2023-06-17;sabado;02:50:00;SP;116.0;210;GUARULHOS;Reação tardia ou ineficiente do condutor;Colisão com objeto;Com Vítimas Feridas;Plena Noite;Decrescente;Céu Claro;Múltipla;Reta;Sim;1;0;1;0;0;0;1;1;-23.42870023;-46.41085991;SPRF-SP;DEL01-SP;UOP01-DEL01-SP;210.0;-23.42870023;-46.41085991;2023-06-17;2023;6;2023-06;2;Madrugada;0;0;1;5
530143;2023-06-17;sabado;22:00:00;SP;116.0;211;GUARULHOS;Ingestão de álcool pelo condutor;Colisão traseira;Sem Vítimas;Plena Noite;Crescente;Céu Claro;Múltipla;Não Informado;Sim;2;0;0;0;2;0;0;2;-23.4324306;-46.4194352;SPRF-SP;DEL01-SP;UOP01-DEL01-SP;211.0;-23.4324306;-46.4194352;2023-06-17;2023;6;2023-06;22;Noite;0;0;0;5
532556;2023-06-17;sabado;17:00:00;SP;116.0;213;GUARULHOS;Frear bruscamente;Colisão traseira;Com Vítimas Feridas;Pleno dia;Crescente;Nublado;Dupla;Reta;Sim;3;0;1;0;2;0;1;2;-23.43971486;-46.43667806;SPRF-SP;DEL01-SP;UOP01-DEL01-SP;213.0;-23.43971486;-46.43667806;2023-06-17;2023;6;2023-06;17;Tarde;0;0;1;5
529945;2023-06-17;sabado;00:05:00;SP;116.0;18.5;LAVRINHAS;Ingestão de álcool pelo condutor;Capotamento;Com Vítimas Feridas;Plena Noite;Decrescente;Nublado;Dupla;Reta;Não;2;0;1;0;1;0;1;1;-22.5584158;-44.85667011;SPRF-SP;DEL08-SP;UOP02-DEL08-SP;18.5;-22.5584158;-44.85667011;2023-06-17;2023;6;2023-06;0;Madrugada;0;0;1;5
530014;2023-06-17;sabado;09:55:00;SP;116.0;51;LORENA;Reação tardia ou ineficiente do condutor;Saída de leito carroçável;Com Vítimas Feridas;Pleno dia;Crescente;Céu Claro;Dupla;Não Informado;Não;1;0;0;1;0;0;1;1;-22.74157511;-45.09206392;SPRF-SP;DEL08-SP;UOP02-DEL08-SP;51.0;-22.74157511;-45.09206392;2023-06-17;2023;6;2023-06;9;Manha;0;1;3;5
530060;2023-06-17;sabado;13:40:00;SP;459.0;19;PIQUETE;Ingestão de álcool pelo condutor;Saída de leito carroçável;Com Vítimas Feridas;Pleno dia;Crescente;Céu Claro;Simples;Não Informado;Não;1;0;1;0;0;0;1;1;-22.639854;-45.149906;SPRF-SP;DEL08-SP;UOP02-DEL08-SP;19.0;-22.639854;-45.149906;2023-06-17;2023;6;2023-06;13;Tarde;0;0;1;5
530059;2023-06-17;sabado;15:38:00;SP;116.0;149;SAO JOSE DOS CAMPOS;Reação tardia ou ineficiente do condutor;Tombamento;Com Vítimas Feridas;Pleno dia;Decrescente;Céu Claro;Dupla;Reta;Não;2;0;2;0;0;0;2;1;-23.20700047;-45.88626861;SPRF-SP;DEL02-SP;UOP01-DEL02-SP;149.0;-23.20700047;-45.88626861;2023-06-17;2023;6;2023-06;15;Tarde;0;0;2;5
530124;2023-06-17;sabado;20:36:00;SP;116.0;157;SAO JOSE DOS CAMPOS;Condutor deixou de manter distância do veículo da frente;Colisão traseira;Com Vítimas Feridas;Plena Noite;Decrescente;Céu Claro;Dupla;Reta;Sim;2;0;1;0;1;0;1;2;-23.25558031;-45.9437828;SPRF-SP;DEL02-SP;UOP01-DEL02-SP;157.0;-23.25558031;-45.9437828;2023-06-17;2023;6;2023-06;20;Noite;0;0;1;5
529957;2023-06-17;sabado;02:00:00;SP;381.0;84;SAO PAULO;Condutor deixou de manter distância do veículo da frente;Colisão traseira;Com Vítimas Feridas;Plena Noite;Decrescente;Céu Claro;Dupla;Reta;Não;3;0;0;1;2;0;1;3;-23.43937;-46.56807;SPRF-SP;DEL03-SP;UOP01-DEL03-SP;84.0;-23.43937;-46.56807;2023-06-17;2023;6;2023-06;2;Madrugada;0;1;3;5
530094;2023-06-17;sabado;18:00:00;SP;116.0;272;TABOAO DA SERRA;Manobra de mudança de faixa;Colisão lateral mesmo sentido;Com Vítimas Feridas;Plena Noite;Decrescente;Ignorado;Múltipla;Reta;Não;2;0;1;0;0;1;1;2;-23.621691;-46.813288;SPRF-SP;DEL04-SP;UOP01-DEL04-SP;272.0;-23.621691;-46.813288;2023-06-17;2023;6;2023-06;18;Noite;0;0;1;5
530138;2023-06-17;sabado;21:00:00;SP;101.0;48.5;UBATUBA;Acessar a via sem observar a presença dos outros veículos;Colisão transversal;Com Vítimas Feridas;Plena Noite;Crescente;Céu Claro;Simples;Reta;Sim;3;0;1;2;0;0;3;2;-23.43696329;-45.08768768;SPRF-SP;DEL06-SP;UOP01-DEL06-SP;48.5;-23.43696329;-45.08768768;2023-06-17;2023;6;2023-06;21;Noite;0;1;7;5
530289;2023-06-18;domingo;15:26:00;SP;116.0;123.6;CACAPAVA;Reação tardia ou ineficiente do condutor;Colisão traseira;Com Vítimas Feridas;Pleno dia;Crescente;Sol;Dupla;Não Informado;Não;5;0;5;0;0;0;5;2;-23.08754228;-45.66969781;SPRF-SP;DEL02-SP;UOP02-DEL02-SP;123.6;-23.08754228;-45.66969781;2023-06-18;2023;6;2023-06;15;Tarde;0;0;5;6
530333;2023-06-18;domingo;19:00:00;SP;116.0;57.6;GUARATINGUETA;Deficiência do Sistema de Iluminação/Sinalização;Saída de leito carroçável;Com Vítimas Feridas;Plena Noite;Decrescente;Céu Claro;Dupla;Reta;Não;7;0;5;0;2;0;5;2;-22.77454618;-45.13807087;SPRF-SP;DEL08-SP;UOP01-DEL08-SP;57.6;-22.77454618;-45.13807087;2023-06-18;2023;6;2023-06;19;Noite;0;0;5;6
530279;2023-06-18;domingo;14:20:00;SP;116.0;215;GUARULHOS;Ausência de reação do condutor;Colisão com objeto;Com Vítimas Feridas;Pleno dia;Decrescente;Sol;Múltipla;Reta;Não;2;0;1;0;1;0;1;1;-23.44695693;-46.45394103;SPRF-SP;DEL01-SP;UOP01-DEL01-SP;215.0;-23.44695693;-46.45394103;2023-06-18;2023;6;2023-06;14;Tarde;0;0;1;6
530205;2023-06-18;domingo;05:00:00;SP;381.0;60;MAIRIPORA;Avarias e/ou desgaste excessivo no pneu;Capotamento;Sem Vítimas;Plena Noite;Crescente;Nevoeiro/Neblina;Dupla;Curva;Sim;1;0;0;0;1;0;0;1;-23.28957673;-46.58729853;SPRF-SP;DEL03-SP;UOP01-DEL03-SP;60.0;-23.28957673;-46.58729853;2023-06-18;2023;6;2023-06;5;Madrugada;0;0;0;6
530288;2023-06-18;domingo;08:56:00;SP;158.0;2;PAULICEIA;Conversão proibida;Eventos atípicos;Com Vítimas Feridas;Pleno dia;Decrescente;Céu Claro;Simples;Reta;Não;2;0;0;1;0;1;1;2;-21.26904882;-51.845562;SPRF-MS;DEL07-MS;UOP01-DEL07-MS;2.0;-21.26904882;-51.845562;2023-06-18;2023;6;2023-06;8;Manha;0;1;3;6
530283;2023-06-18;domingo;14:40:00;SP;116.0;445;REGISTRO;Condutor desrespeitou a iluminação vermelha do semáforo;Colisão transversal;Com Vítimas Feridas;Pleno dia;Decrescente;Céu Claro;Dupla;Interseção de vias;Não;4;0;1;1;2;0;2;2;-24.49790715;-47.84208686;SPRF-SP;DEL05-SP;UOP01-DEL05-SP;445.0;-24.49790715;-47.84208686;2023-06-18;2023;6;2023-06;14;Tarde;0;1;4;6
530328;2023-06-18;domingo;15:50:00;SP;116.0;441;REGISTRO;Ingestão de álcool pelo condutor;Colisão transversal;Sem Vítimas;Pleno dia;Decrescente;Céu Claro;Dupla;Reta;Não;5;0;0;0;5;0;0;2;-24.4688528;-47.82223728;SPRF-SP;DEL05-SP;UOP01-DEL05-SP;441.0;-24.4688528;-47.82223728;2023-06-18;2023;6;2023-06;15;Tarde;0;0;0;6
530215;2023-06-18;domingo;04:35:00;SP;153.0;335.6;SALTO GRANDE;Ingestão de álcool pelo condutor;Colisão lateral mesmo sentido;Com Vítimas Feridas;Plena Noite;Decrescente;Nevoeiro/Neblina;Simples;Não Informado;Não;3;0;1;0;2;0;1;2;-22.90903;-49.889572;SPRF-SP;DEL07-SP;UOP03-DEL07-SP;335.6;-22.90903;-49.889572;2023-06-18;2023;6;2023-06;4;Madrugada;0;0;1;6
530548;2023-06-19;segunda-feira;19:20:00;SP;381.0;40;ATIBAIA;Reação tardia ou ineficiente do condutor;Colisão traseira;Com Vítimas Feridas;Plena Noite;Crescente;Céu Claro;Múltipla;Reta;Sim;3;0;1;0;2;0;1;3;-23.12997498;-46.5767598;SPRF-SP;DEL03-SP;UOP01-DEL03-SP;40.0;-23.12997498;-46.5767598;2023-06-19;2023;6;2023-06;19;Noite;0;0;1;0
530501;2023-06-19;segunda-feira;14:10:00;SP;116.0;513;CAJATI;Velocidade Incompatível;Tombamento;Com Vítimas Feridas;Pleno dia;Decrescente;Céu Claro;Simples;Não Informado;Não;3;0;2;0;0;1;2;1;-24.85109616;-48.21802405;SPRF-SP;DEL05-SP;UOP02-DEL05-SP;513.0;-24.85109616;-48.21802405;2023-06-19;2023;6;2023-06;14;Tarde;0;0;2;0
530411;2023-06-19;segunda-feira;05:40:00;SP;381.0;89;GUARULHOS;Manobra de mudança de faixa;Colisão lateral mesmo sentido;Sem Vítimas;Amanhecer;Crescente;Céu Claro;Múltipla;Reta;Sim;2;0;0;0;2;0;0;2;-23.48469299;-46.55983288;SPRF-SP;DEL03-SP;UOP01-DEL03-SP;89.0;-23.48469299;-46.55983288;2023-06-19;2023;6;2023-06;5;Madrugada;0;0;0;0
530420;2023-06-19;segunda-feira;07:00:00;SP;116.0;205;GUARULHOS;Retorno proibido;Colisão frontal;Com Vítimas Feridas;Pleno dia;Decrescente;Nevoeiro/Neblina;Simples;Reta;Sim;2;0;1;0;1;0;1;2;-23.41475243;-46.36600788;SPRF-SP;DEL01-SP;UOP01-DEL01-SP;205.0;-23.41475243;-46.36600788;2023-06-19;2023;6;2023-06;7;Manha;0;0;1;0
530423;2023-06-19;segunda-feira;06:30:00;SP;381.0;89;GUARULHOS;Manobra de mudança de faixa;Colisão lateral mesmo sentido;Com Vítimas Feridas;Amanhecer;Crescente;Céu Claro;Múltipla;Reta;Sim;3;0;2;0;1;0;2;2;-23.47469314;-46.56112919;SPRF-SP;DEL03-SP;UOP01-DEL03-SP;89.0;-23.47469314;-46.56112919;2023-06-19;2023;6;2023-06;6;Manha;0;0;2;0
530470;2023-06-19;segunda-feira;08:30:00;SP;116.0;370;MIRACATU;Demais falhas mecânicas ou elétricas;Colisão traseira;Com Vítimas Feridas;Pleno dia;Crescente;Céu Claro;Dupla;Reta;Sim;2;0;1;0;0;1;1;2;-24.15230452;-47.32081981;SPRF-SP;DEL04-SP;UOP02-DEL04-SP;370.0;-24.15230452;-47.32081981;2023-06-19;2023;6;2023-06;8;Manha;0;0;1;0
530473;2023-06-19;segunda-feira;09:20:00;SP;116.0;360;MIRACATU;Ausência de reação do condutor;Tombamento;Com Vítimas Fatais;Pleno dia;Decrescente;Céu Claro;Dupla;Reta;Não;1;1;0;0;0;0;0;1;-24.11248793;-47.26510606;SPRF-SP;DEL04-SP;UOP03-DEL04-SP;360.0;-24.11248793;-47.26510606;2023-06-19;2023;6;2023-06;9;Manha;1;1;5;0
530541;2023-06-19;segunda-feira;17:15:00;SP;153.0;279.9;OCAUCU;Condutor deixou de manter distância do veículo da frente;Colisão traseira;Sem Vítimas;Anoitecer;Crescente;Céu Claro;Simples;Não Informado;Não;3;0;0;0;2;1;0;2;-22.41570998;-49.86084938;SPRF-SP;DEL07-SP;UOP02-DEL07-SP;279.9;-22.41570998;-49.86084938;2023-06-19;2023;6;2023-06;17;Tarde;0;0;0;0
530574;2023-06-19;segunda-feira;17:45:00;SP;153.0;137.7;PROMISSAO;Manobra de mudança de faixa;Colisão com objeto;Com Vítimas Feridas;Anoitecer;Decrescente;Céu Claro;Simples;Reta;Não;1;0;0;1;0;0;1;1;-21.30103796;-49.79359234;SPRF-SP;DEL07-SP;UOP01-DEL07-SP;137.7;-21.30103796;-49.79359234;2023-06-19;2023;6;2023-06;17;Tarde;0;1;3;0
530502;2023-06-19;segunda-feira;14:30:00;SP;153.0;62;SAO JOSE DO RIO PRETO;Manobra de mudança de faixa;Colisão lateral mesmo sentido;Com Vítimas Feridas;Pleno dia;Crescente;Céu Claro;Dupla;Não Informado;Sim;3;0;1;0;2;0;1;3;-20.813404;-49.356925;SPRF-SP;DEL09-SP;UOP01-DEL09-SP;62.0;-20.813404;-49.356925;2023-06-19;2023;6;2023-06;14;Tarde;0;0;1;0
530527;2023-06-19;segunda-feira;17:50:00;SP;116.0;230;SAO PAULO;Condutor deixou de manter distância do veículo da frente;Queda de ocupante de veículo;Com Vítimas Feridas;Anoitecer;Decrescente;Nublado;Múltipla;Reta;Sim;1;0;1;0;0;0;1;1;-23.52251783;-46.5855702;SPRF-SP;DEL01-SP;UOP01-DEL01-SP;230.0;-23.52251783;-46.5855702;2023-06-19;2023;6;2023-06;17;Tarde;0;0;1;0
530573;2023-06-19;segunda-feira;18:50:00;SP;381.0;81;SAO PAULO;Ausência de sinalização;Colisão traseira;Com Vítimas Feridas;Plena Noite;Crescente;Céu Claro;Múltipla;Reta;Não;4;0;1;0;3;0;1;3;-23.41704481;-46.58022057;SPRF-SP;DEL03-SP;UOP01-DEL03-SP;81.0;-23.41704481;-46.58022057;2023-06-19;2023;6;2023-06;18;Noite;0;0;1;0
530511;2023-06-19;segunda-feira;14:30:00;SP;116.0;111;TAUBATE;Reação tardia ou ineficiente do condutor;Queda de ocupante de veículo;Com Vítimas Feridas;Pleno dia;Crescente;Céu Claro;Dupla;Reta;Sim;1;0;1;0;0;0;1;1;-23.03887149;-45.56097419;SPRF-SP;DEL02-SP;UOP02-DEL02-SP;111.0;-23.03887149;-45.56097419;2023-06-19;2023;6;2023-06;14;Tarde;0;0;1;0
530599;2023-06-20;terca-feira;05:00:00;SP;116.0;216.5;GUARULHOS;Acessar a via sem observar a presença dos outros veículos;Colisão traseira;Com Vítimas Feridas;Plena Noite;Crescente;Céu Claro;Dupla;Reta;Sim;2;0;1;0;1;0;1;2;-23.45056589;-46.46258105;SPRF-SP;DEL01-SP;UOP01-DEL01-SP;216.5;-23.45056589;-46.46258105;2023-06-20;2023;6;2023-06;5;Madrugada;0;0;1;1
530761;2023-06-20;terca-feira;22:05:00;SP;116.0;215.7;GUARULHOS;Manobra de mudança de faixa;Colisão traseira;Com Vítimas Feridas;Pleno dia;Crescente;Nublado;Múltipla;Não Informado;Sim;3;0;3;0;0;0;3;2;-23.44695693;-46.45394103;SPRF-SP;DEL01-SP;UOP01-DEL01-SP;215.7;-23.44695693;-46.45394103;2023-06-20;2023;6;2023-06;22;Noite;0;0;3;1
530687;2023-06-20;terca-feira;13:55:00;SP;116.0;165;JACAREI;Reação tardia ou ineficiente do condutor;Tombamento;Com Vítimas Feridas;Pleno dia;Crescente;Céu Claro;Dupla;Reta;Não;1;0;1;0;0;0;1;1;-23.29691791;-46.00798704;SPRF-SP;DEL02-SP;UOP01-DEL02-SP;165.0;-23.29691791;-46.00798704;2023-06-20;2023;6;2023-06;13;Tarde;0;0;1;1
530752;2023-06-20;terca-feira;08:40:00;SP;116.0;165;JACAREI;Ausência de reação do condutor;Saída de leito carroçável;Com Vítimas Feridas;Pleno dia;Decrescente;Céu Claro;Dupla;Reta;Não;1;0;0;1;0;0;1;1;-23.29691791;-46.00798704;SPRF-SP;DEL02-SP;UOP01-DEL02-SP;165.0;-23.29691791;-46.00798704;2023-06-20;2023;6;2023-06;8;Manha;0;1;3;1
530601;2023-06-20;terca-feira;04:55:00;SP;153.0;38.1;ONDA VERDE;Animais na Pista;Atropelamento de Animal;Com Vítimas Feridas;Plena Noite;Decrescente;Céu Claro;Simples;Reta;Não;3;0;2;0;1;0;2;1;-20.605145;-49.323185;SPRF-SP;DEL09-SP;UOP01-DEL09-SP;38.1;-20.605145;-49.323185;2023-06-20;2023;6;2023-06;4;Madrugada;0;0;2;1
530626;2023-06-20;terca-feira;08:04:00;SP;116.0;273;TABOAO DA SERRA;Ausência de reação do condutor;Colisão traseira;Com Vítimas Feridas;Pleno dia;Decrescente;Céu Claro;Dupla;Reta;Sim;2;0;1;0;1;0;1;2;-23.62809795;-46.81870306;SPRF-SP;DEL04-SP;UOP01-DEL04-SP;273.0;-23.62809795;-46.81870306;2023-06-20;2023;6;2023-06;8;Manha;0;0;1;1
530809;2023-06-21;quarta-feira;04:45:00;SP;116.0;511;CAJATI;Ingestão de álcool pelo condutor;Tombamento;Com Vítimas Feridas;Plena Noite;Crescente;Nublado;Simples;Não Informado;Não;1;0;1;0;0;0;1;1;-24.83558399;-48.2223738;SPRF-SP;DEL05-SP;UOP02-DEL05-SP;511.0;-24.83558399;-48.2223738;2023-06-21;2023;6;2023-06;4;Madrugada;0;0;1;2
530967;2023-06-21;quarta-feira;23:05:00;SP;116.0;282.1;EMBU DAS ARTES;Manobra de mudança de faixa;Queda de ocupante de veículo;Com Vítimas Feridas;Plena Noite;Crescente;Nublado;Dupla;Reta;Sim;1;0;1;0;0;0;1;1;-23.68570216;-46.85970975;SPRF-SP;DEL04-SP;UOP01-DEL04-SP;282.1;-23.68570216;-46.85970975;2023-06-21;2023;6;2023-06;23;Noite;0;0;1;2
530951;2023-06-21;quarta-feira;21:30:00;SP;116.0;217;GUARULHOS;Ingestão de álcool pelo condutor;Colisão com objeto;Com Vítimas Feridas;Plena Noite;Crescente;Céu Claro;Múltipla;Reta;Sim;2;0;2;0;0;0;2;1;-23.45423824;-46.47119028;SPRF-SP;DEL01-SP;UOP01-DEL01-SP;217.0;-23.45423824;-46.47119028;2023-06-21;2023;6;2023-06;21;Noite;0;0;2;2
530954;2023-06-21;quarta-feira;22:07:00;SP;116.0;220;GUARULHOS;Ausência de reação do condutor;Colisão com objeto;Sem Vítimas;Plena Noite;Decrescente;Céu Claro;Múltipla;Reta;Sim;1;0;0;0;0;1;0;1;-23.46472809;-46.49793962;SPRF-SP;DEL01-SP;UOP01-DEL01-SP;220.0;-23.46472809;-46.49793962;2023-06-21;2023;6;2023-06;22;Noite;0;0;0;2
530972;2023-06-21;quarta-feira;23:15:00;SP;116.0;52;LORENA;Entrada inopinada do pedestre;Atropelamento de Pedestre;Com Vítimas Feridas;Plena Noite;Crescente;Céu Claro;Múltipla;Reta;Sim;3;0;0;1;2;0;1;2;-22.74708138;-45.09973038;SPRF-SP;DEL08-SP;UOP02-DEL08-SP;52.0;-22.74708138;-45.09973038;2023-06-21;2023;6;2023-06;23;Noite;0;1;3;2
530784;2023-06-21;quarta-feira;03:00:00;SP;153.0;256.3;MARILIA;Velocidade Incompatível;Tombamento;Com Vítimas Feridas;Plena Noite;Decrescente;Céu Claro;Dupla;Rotatória;Sim;1;0;1;0;0;0;1;1;-22.2378627;-49.91891384;SPRF-SP;DEL07-SP;UOP02-DEL07-SP;256.3;-22.2378627;-49.91891384;2023-06-21;2023;6;2023-06;3;Madrugada;0;0;1;2
530903;2023-06-21;quarta-feira;17:40:00;SP;153.0;256;MARILIA;Acumulo de areia ou detritos sobre o pavimento;Queda de ocupante de veículo;Com Vítimas Feridas;Anoitecer;Decrescente;Céu Claro;Dupla;Reta;Sim;1;0;1;0;0;0;1;1;-22.231552;-49.91968;SPRF-SP;DEL07-SP;UOP02-DEL07-SP;256.0;-22.231552;-49.91968;2023-06-21;2023;6;2023-06;17;Tarde;0;0;1;2
530936;2023-06-21;quarta-feira;19:35:00;SP;116.0;98.7;PINDAMONHANGABA;Ingestão de álcool pelo condutor;Colisão com objeto;Sem Vítimas;Plena Noite;Crescente;Céu Claro;Simples;Não Informado;Não;1;0;0;0;1;0;0;1;-22.98026363;-45.46149015;SPRF-SP;DEL08-SP;UOP01-DEL08-SP;98.7;-22.98026363;-45.46149015;2023-06-21;2023;6;2023-06;19;Noite;0;0;0;2
530880;2023-06-21;quarta-feira;14:10:00;SP;116.0;448;REGISTRO;Acessar a via sem observar a presença dos outros veículos;Colisão transversal;Sem Vítimas;Pleno dia;Decrescente;Céu Claro;Dupla;Não Informado;Sim;2;0;0;0;2;0;0;2;-24.52099699;-47.85336602;SPRF-SP;DEL05-SP;UOP01-DEL05-SP;448.0;-24.52099699;-47.85336602;2023-06-21;2023;6;2023-06;14;Tarde;0;0;0;2
532530;2023-06-21;quarta-feira;22:50:00;SP;116.0;78.7;ROSEIRA;Demais falhas mecânicas ou elétricas;Tombamento;Com Vítimas Feridas;Plena Noite;Decrescente;Céu Claro;Dupla;Reta;Não;2;0;2;0;0;0;2;1;-22.88893407;-45.28690695;SPRF-SP;DEL08-SP;UOP01-DEL08-SP;78.7;-22.88893407;-45.28690695;2023-06-21;2023;6;2023-06;22;Noite;0;0;2;2
530877;2023-06-21;quarta-feira;07:00:00;SP;116.0;144;SAO JOSE DOS CAMPOS;Reação tardia ou ineficiente do condutor;Colisão traseira;Com Vítimas Feridas;Pleno dia;Decrescente;Céu Claro;Múltipla;Não Informado;Não;3;0;1;0;2;0;1;3;-23.18274416;-45.84633592;SPRF-SP;DEL02-SP;UOP01-DEL02-SP;144.0;-23.18274416;-45.84633592;2023-06-21;2023;6;2023-06;7;Manha;0;0;1;2
530931;2023-06-21;quarta-feira;20:00:00;SP;116.0;116;TAUBATE;Ausência de reação do condutor;Engavetamento;Com Vítimas Feridas;Plena Noite;Crescente;Céu Claro;Dupla;Reta;Sim;4;0;2;0;2;0;2;3;-23.0582298;-45.6176951;SPRF-SP;DEL02-SP;UOP02-DEL02-SP;116.0;-23.0582298;-45.6176951;2023-06-21;2023;6;2023-06;20;Noite;0;0;2;2
530907;2023-06-21;quarta-feira;17:10:00;SP;381.0;3.1;VARGEM;Ausência de reação do condutor;Capotamento;Com Vítimas Feridas;Anoitecer;Crescente;Céu Claro;Dupla;Reta;Não;1;0;1;0;0;0;1;1;-22.87841483;-46.39917107;SPRF-SP;DEL03-SP;UOP02-DEL03-SP;3.1;-22.87841483;-46.39917107;2023-06-21;2023;6;2023-06;17;Tarde;0;0;1;2
530991;2023-06-22;quinta-feira;06:15:00;SP;116.0;219;GUARULHOS;Trafegar com motocicleta (ou similar) entre as faixas;Colisão traseira;Com Vítimas Feridas;Amanhecer;Decrescente;Céu Claro;Múltipla;Reta;Não;3;0;2;0;1;0;2;2;-23.46143954;-46.48885316;SPRF-SP;DEL01-SP;UOP01-DEL01-SP;219.0;-23.46143954;-46.48885316;2023-06-22;2023;6;2023-06;6;Manha;0;0;2;3
531022;2023-06-22;quinta-feira;07:40:00;SP;381.0;88;GUARULHOS;Animais na Pista;Queda de ocupante de veículo;Com Vítimas Feridas;Pleno dia;Decrescente;Céu Claro;Múltipla;Reta;Não;3;0;2;0;1;0;2;2;-23.47469314;-46.56112919;SPRF-SP;DEL03-SP;UOP01-DEL03-SP;88.0;-23.47469314;-46.56112919;2023-06-22;2023;6;2023-06;7;Manha;0;0;2;3
531087;2023-06-22;quinta-feira;15:30:00;SP;116.0;208;GUARULHOS;Entrada inopinada do pedestre;Colisão transversal;Com Vítimas Feridas;Pleno dia;Crescente;Céu Claro;Simples;Reta;Sim;2;0;0;1;1;0;1;2;-23.42222263;-46.3932771;SPRF-SP;DEL01-SP;UOP01-DEL01-SP;208.0;-23.42222263;-46.3932771;2023-06-22;2023;6;2023-06;15;Tarde;0;1;3;3
531093;2023-06-22;quinta-feira;13:20:00;SP;116.0;8;QUELUZ;Acessar a via sem observar a presença dos outros veículos;Colisão transversal;Com Vítimas Feridas;Pleno dia;Decrescente;Céu Claro;Dupla;Não Informado;Sim;2;0;1;0;1;0;1;2;-22.536327;-44.7714;SPRF-SP;DEL08-SP;UOP02-DEL08-SP;8.0;-22.536327;-44.7714;2023-06-22;2023;6;2023-06;13;Tarde;0;0;1;3
530982;2023-06-22;quinta-feira;01:40:00;SP;116.0;451;REGISTRO;Neblina;Colisão traseira;Com Vítimas Feridas;Plena Noite;Decrescente;Nevoeiro/Neblina;Dupla;Reta;Não;2;0;1;0;0;1;1;2;-24.54542792;-47.86180224;SPRF-SP;DEL05-SP;UOP01-DEL05-SP;451.0;-24.54542792;-47.86180224;2023-06-22;2023;6;2023-06;1;Madrugada;0;0;1;3
531098;2023-06-22;quinta-feira;16:30:00;SP;116.0;157.1;SAO JOSE DOS CAMPOS;Condutor deixou de manter distância do veículo da frente;Colisão traseira;Com Vítimas Feridas;Pleno dia;Decrescente;Céu Claro;Múltipla;Reta;Sim;3;0;2;0;1;0;2;2;-23.25558031;-45.9437828;SPRF-SP;DEL02-SP;UOP01-DEL02-SP;157.1;-23.25558031;-45.9437828;2023-06-22;2023;6;2023-06;16;Tarde;0;0;2;3
531138;2023-06-22;quinta-feira;19:30:00;SP;116.0;147;SAO JOSE DOS CAMPOS;Ausência de reação do condutor;Colisão traseira;Com Vítimas Feridas;Plena Noite;Decrescente;Céu Claro;Múltipla;Reta;Sim;2;0;0;1;1;0;1;2;-23.19542994;-45.87176303;SPRF-SP;DEL02-SP;UOP01-DEL02-SP;147.0;-23.19542994;-45.87176303;2023-06-22;2023;6;2023-06;19;Noite;0;1;3;3
531017;2023-06-22;quinta-feira;08:00:00;SP;116.0;271.6;TABOAO DA SERRA;Trafegar com motocicleta (ou similar) entre as faixas;Colisão traseira;Com Vítimas Feridas;Pleno dia;Decrescente;Céu Claro;Dupla;Reta;Sim;3;0;1;0;2;0;1;3;-23.6080832;-46.7675454;SPRF-SP;DEL04-SP;UOP01-DEL04-SP;271.6;-23.6080832;-46.7675454;2023-06-22;2023;6;2023-06;8;Manha;0;0;1;3
530973;2023-06-22;quinta-feira;00:30:00;SP;101.0;49.8;UBATUBA;Acessar a via sem observar a presença dos outros veículos;Colisão transversal;Com Vítimas Feridas;Plena Noite;Decrescente;Céu Claro;Simples;Reta;Sim;3;0;1;0;2;0;1;2;-23.44883433;-45.07883012;SPRF-SP;DEL06-SP;UOP01-DEL06-SP;49.8;-23.44883433;-45.07883012;2023-06-22;2023;6;2023-06;0;Madrugada;0;0;1;3
531295;2023-06-23;sexta-feira;15:00:00;SP;116.0;70.7;APARECIDA;Demais falhas mecânicas ou elétricas;Atropelamento de Pedestre;Com Vítimas Feridas;Pleno dia;Decrescente;Sol;Dupla;Curva;Sim;2;0;0;1;1;0;1;1;-22.84852898;-45.22705084;SPRF-SP;DEL08-SP;UOP01-DEL08-SP;70.7;-22.84852898;-45.22705084;2023-06-23;2023;6;2023-06;15;Tarde;0;1;3;4
531377;2023-06-23;sexta-feira;21:40:00;SP;488.0;5;APARECIDA;Acessar a via sem observar a presença dos outros veículos;Colisão transversal;Com Vítimas Feridas;Plena Noite;Crescente;Céu Claro;Dupla;Interseção de vias;Sim;3;0;0;1;0;2;1;2;-22.865681;-45.25523;SPRF-SP;DEL08-SP;UOP01-DEL08-SP;5.0;-22.865681;-45.25523;2023-06-23;2023;6;2023-06;21;Noite;0;1;3;4
531186;2023-06-23;sexta-feira;02:50:00;SP;116.0;487;CAJATI;Ausência de reação do condutor;Colisão traseira;Com Vítimas Fatais;Plena Noite;Decrescente;Céu Claro;Simples;Reta;Não;3;1;0;0;2;0;0;3;-24.72633575;-48.08998415;SPRF-SP;DEL05-SP;UOP01-DEL05-SP;487.0;-24.72633575;-48.08998415;2023-06-23;2023;6;2023-06;2;Madrugada;1;1;5;4
531343;2023-06-23;sexta-feira;17:30:00;SP;116.0;282;EMBU DAS ARTES;Demais falhas mecânicas ou elétricas;Incêndio;Sem Vítimas;Plena Noite;Decrescente;Céu Claro;Dupla;Reta;Não;1;0;0;0;1;0;0;1;-23.65679559;-46.85022809;SPRF-SP;DEL04-SP;UOP01-DEL04-SP;282.0;-23.65679559;-46.85022809;2023-06-23;2023;6;2023-06;17;Tarde;0;0;0;4
531384;2023-06-23;sexta-feira;18:00:00;SP;116.0;282;EMBU DAS ARTES;Ingestão de álcool pelo condutor;Queda de ocupante de veículo;Com Vítimas Feridas;Pleno dia;Crescente;Céu Claro;Simples;Reta;Não;2;0;1;0;0;1;1;2;-23.66020669;-46.85037829;SPRF-SP;DEL04-SP;UOP01-DEL04-SP;282.0;-23.66020669;-46.85037829;2023-06-23;2023;6;2023-06;18;Noite;0;0;1;4
531203;2023-06-23;sexta-feira;06:25:00;SP;116.0;205;GUARULHOS;Ausência de reação do condutor;Colisão traseira;Com Vítimas Feridas;Pleno dia;Decrescente;Céu Claro;Múltipla;Reta;Sim;4;0;3;0;1;0;3;3;-23.41475243;-46.36600788;SPRF-SP;DEL01-SP;UOP01-DEL01-SP;205.0;-23.41475243;-46.36600788;2023-06-23;2023;6;2023-06;6;Manha;0;0;3;4
531218;2023-06-23;sexta-feira;08:00:00;SP;116.0;218;GUARULHOS;Manobra de mudança de faixa;Colisão com objeto;Com Vítimas Feridas;Pleno dia;Decrescente;Céu Claro;Múltipla;Não Informado;Sim;3;0;2;0;0;1;2;2;-23.457972;-46.479927;SPRF-SP;DEL01-SP;UOP01-DEL01-SP;218.0;-23.457972;-46.479927;2023-06-23;2023;6;2023-06;8;Manha;0;0;2;4
531279;2023-06-23;sexta-feira;14:45:00;SP;116.0;214;GUARULHOS;Demais falhas mecânicas ou elétricas;Incêndio;Sem Vítimas;Pleno dia;Crescente;Céu Claro;Dupla;Reta;Não;1;0;0;0;1;0;0;1;-23.44333014;-46.44531294;SPRF-SP;DEL01-SP;UOP01-DEL01-SP;214.0;-23.44333014;-46.44531294;2023-06-23;2023;6;2023-06;14;Tarde;0;0;0;4
531316;2023-06-23;sexta-feira;17:10:00;SP;116.0;219;GUARULHOS;Manobra de mudança de faixa;Colisão lateral mesmo sentido;Com Vítimas Feridas;Anoitecer;Crescente;Céu Claro;Múltipla;Reta;Sim;3;0;2;0;1;0;2;2;-23.46143954;-46.48885316;SPRF-SP;DEL01-SP;UOP01-DEL01-SP;219.0;-23.46143954;-46.48885316;2023-06-23;2023;6;2023-06;17;Tarde;0;0;2;4
531227;2023-06-23;sexta-feira;08:30:00;SP;153.0;95.6;JACI;Ausência de reação do condutor;Colisão traseira;Com Vítimas Feridas;Pleno dia;Crescente;Céu Claro;Simples;Não Informado;Não;5;0;1;0;4;0;1;2;-20.97062;-49.605372;SPRF-SP;DEL09-SP;UOP01-DEL09-SP;95.6;-20.97062;-49.605372;2023-06-23;2023;6;2023-06;8;Manha;0;0;1;4
531319;2023-06-23;sexta-feira;17:46:00;SP;116.0;401;MIRACATU;Condutor Dormindo;Saída de leito carroçável;Sem Vítimas;Pleno dia;Decrescente;Céu Claro;Dupla;Não Informado;Sim;1;0;0;0;1;0;0;1;-24.34315544;-47.47013856;SPRF-SP;DEL04-SP;UOP02-DEL04-SP;401.0;-24.34315544;-47.47013856;2023-06-23;2023;6;2023-06;17;Tarde;0;0;0;4
531264;2023-06-23;sexta-feira;12:55:00;SP;153.0;274.4;OCAUCU;Mal súbito do condutor;Saída de leito carroçável;Com Vítimas Fatais;Pleno dia;Decrescente;Céu Claro;Simples;Curva;Não;1;1;0;0;0;0;0;1;-22.37219533;-49.87033316;SPRF-SP;DEL07-SP;UOP02-DEL07-SP;274.4;-22.37219533;-49.87033316;2023-06-23;2023;6;2023-06;12;Tarde;1;1;5;4
531360;2023-06-23;sexta-feira;19:57:00;SP;116.0;436;REGISTRO;Condutor deixou de manter distância do veículo da frente;Colisão traseira;Com Vítimas Feridas;Plena Noite;Decrescente;Ignorado;Dupla;Reta;Não;3;0;2;0;1;0;2;2;-24.43589911;-47.7922419;SPRF-SP;DEL05-SP;UOP01-DEL05-SP;436.0;-24.43589911;-47.7922419;2023-06-23;2023;6;2023-06;19;Noite;0;0;2;4
531201;2023-06-23;sexta-feira;06:10:00;SP;381.0;78.8;SAO PAULO;Manobra de mudança de faixa;Colisão lateral mesmo sentido;Sem Vítimas;Amanhecer;Crescente;Céu Claro;Dupla;Reta;Não;2;0;0;0;2;0;0;2;-23.40682;-46.58032;SPRF-SP;DEL03-SP;UOP01-DEL03-SP;78.8;-23.40682;-46.58032;2023-06-23;2023;6;2023-06;6;Manha;0;0;0;4
531372;2023-06-23;sexta-feira;21:15:00;SP;116.0;226;SAO PAULO;Pista esburacada;Queda de ocupante de veículo;Com Vítimas Feridas;Plena Noite;Decrescente;Céu Claro;Dupla;Reta;Sim;2;0;1;0;1;0;1;1;-23.49102507;-46.54878195;SPRF-SP;DEL01-SP;UOP01-DEL01-SP;226.0;-23.49102507;-46.54878195;2023-06-23;2023;6;2023-06;21;Noite;0;0;1;4
532306;2023-06-24;sabado;20:40:00;SP;116.0;70.5;APARECIDA;Entrada inopinada do pedestre;Atropelamento de Pedestre;Com Vítimas Fatais;Plena Noite;Decrescente;Céu Claro;Dupla;Reta;Não;3;1;0;0;2;0;0;1;-22.84852898;-45.22705084;SPRF-SP;DEL08-SP;UOP01-DEL08-SP;70.5;-22.84852898;-45.22705084;2023-06-24;2023;6;2023-06;20;Noite;1;1;5;5
531522;2023-06-24;sabado;15:00:00;SP;381.0;43;ATIBAIA;Ausência de reação do condutor;Queda de ocupante de veículo;Com Vítimas Feridas;Pleno dia;Crescente;Céu Claro;Dupla;Reta;Sim;2;0;1;0;0;1;1;1;-23.15597105;-46.5740155;SPRF-SP;DEL03-SP;UOP01-DEL03-SP;43.0;-23.15597105;-46.5740155;2023-06-24;2023;6;2023-06;15;Tarde;0;0;1;5
531589;2023-06-24;sabado;17:00:00;SP;116.0;502;CAJATI;Problema com o freio;Incêndio;Sem Vítimas;Anoitecer;Decrescente;Céu Claro;Dupla;Reta;Não;1;0;0;0;1;0;0;1;-24.7750833;-48.20117012;SPRF-SP;DEL05-SP;UOP02-DEL05-SP;502.0;-24.7750833;-48.20117012;2023-06-24;2023;6;2023-06;17;Tarde;0;0;0;5
531403;2023-06-24;sabado;00:20:00;SP;381.0;87;GUARULHOS;Pedestre andava na pista;Atropelamento de Pedestre;Com Vítimas Feridas;Plena Noite;Decrescente;Céu Claro;Múltipla;Reta;Sim;2;0;1;0;1;0;1;1;-23.46885001;-46.56996601;SPRF-SP;DEL03-SP;UOP01-DEL03-SP;87.0;-23.46885001;-46.56996601;2023-06-24;2023;6;2023-06;0;Madrugada;0;0;1;5
531500;2023-06-24;sabado;12:30:00;SP;116.0;216.5;GUARULHOS;Trafegar com motocicleta (ou similar) entre as faixas;Colisão lateral mesmo sentido;Com Vítimas Feridas;Pleno dia;Decrescente;Céu Claro;Múltipla;Reta;Sim;3;0;2;0;1;0;2;2;-23.45056589;-46.46258105;SPRF-SP;DEL01-SP;UOP01-DEL01-SP;216.5;-23.45056589;-46.46258105;2023-06-24;2023;6;2023-06;12;Tarde;0;0;2;5
531592;2023-06-24;sabado;20:18:00;SP;116.0;228;GUARULHOS;Reação tardia ou ineficiente do condutor;Tombamento;Com Vítimas Feridas;Plena Noite;Decrescente;Vento;Múltipla;Desvio Temporário;Sim;1;0;0;1;0;0;1;1;-23.50343484;-46.56638712;SPRF-SP;DEL01-SP;UOP01-DEL01-SP;228.0;-23.50343484;-46.56638712;2023-06-24;2023;6;2023-06;20;Noite;0;1;3;5
531593;2023-06-24;sabado;19:45:00;SP;116.0;401;MIRACATU;Velocidade Incompatível;Saída de leito carroçável;Com Vítimas Feridas;Plena Noite;Crescente;Nublado;Dupla;Reta;Não;2;0;2;0;0;0;2;1;-24.30570028;-47.49159381;SPRF-SP;DEL04-SP;UOP02-DEL04-SP;401.0;-24.30570028;-47.49159381;2023-06-24;2023;6;2023-06;19;Noite;0;0;2;5
531406;2023-06-24;sabado;00:45:00;SP;116.0;98;PINDAMONHANGABA;Reação tardia ou ineficiente do condutor;Colisão traseira;Com Vítimas Feridas;Plena Noite;Decrescente;Céu Claro;Dupla;Reta;Não;3;0;0;1;1;1;1;2;-22.97805164;-45.45583318;SPRF-SP;DEL08-SP;UOP01-DEL08-SP;98.0;-22.97805164;-45.45583318;2023-06-24;2023;6;2023-06;0;Madrugada;0;1;3;5
531583;2023-06-24;sabado;14:00:00;SP;116.0;101;PINDAMONHANGABA;Demais falhas mecânicas ou elétricas;Queda de ocupante de veículo;Com Vítimas Feridas;Pleno dia;Decrescente;Céu Claro;Dupla;Reta;Não;1;0;1;0;0;0;1;1;-22.99074204;-45.48115098;SPRF-SP;DEL08-SP;UOP01-DEL08-SP;101.0;-22.99074204;-45.48115098;2023-06-24;2023;6;2023-06;14;Tarde;0;0;1;5
531440;2023-06-24;sabado;06:15:00;SP;116.0;229;SAO PAULO;Reação tardia ou ineficiente do condutor;Tombamento;Com Vítimas Feridas;Amanhecer;Decrescente;Céu Claro;Múltipla;Reta;Sim;1;0;1;0;0;0;1;1;-23.51291902;-46.57604698;SPRF-SP;DEL01-SP;UOP01-DEL01-SP;229.0;-23.51291902;-46.57604698;2023-06-24;2023;6;2023-06;6;Manha;0;0;1;5
531639;2023-06-24;sabado;23:15:00;SP;153.0;116;UBARANA;Avarias e/ou desgaste excessivo no pneu;Tombamento;Com Vítimas Feridas;Plena Noite;Crescente;Céu Claro;Simples;Reta;Não;2;0;2;0;0;0;2;1;-21.1375408;-49.69894942;SPRF-SP;DEL09-SP;UOP01-DEL09-SP;116.0;-21.1375408;-49.69894942;2023-06-24;2023;6;2023-06;23;Noite;0;0;2;5
531663;2023-06-25;domingo;03:20:00;SP;116.0;211;GUARULHOS;Reação tardia ou ineficiente do condutor;Colisão frontal;Com Vítimas Feridas;Plena Noite;Crescente;Nublado;Múltipla;Reta;Sim;2;0;1;0;1;0;1;1;-23.4324306;-46.4194352;SPRF-SP;DEL01-SP;UOP01-DEL01-SP;211.0;-23.4324306;-46.4194352;2023-06-25;2023;6;2023-06;3;Madrugada;0;0;1;6
531673;2023-06-25;domingo;04:15:00;SP;116.0;218;GUARULHOS;Ausência de reação do condutor;Colisão traseira;Com Vítimas Fatais;Plena Noite;Crescente;Céu Claro;Múltipla;Reta;Sim;2;1;0;0;1;0;0;2;-23.457972;-46.479927;SPRF-SP;DEL01-SP;UOP01-DEL01-SP;218.0;-23.457972;-46.479927;2023-06-25;2023;6;2023-06;4;Madrugada;1;1;5;6
531674;2023-06-25;domingo;05:45:00;SP;116.0;218;GUARULHOS;Ingestão de álcool pelo condutor;Colisão traseira;Sem Vítimas;Amanhecer;Crescente;Céu Claro;Dupla;Reta;Sim;2;0;0;0;2;0;0;2;-23.457972;-46.479927;SPRF-SP;DEL01-SP;UOP01-DEL01-SP;218.0;-23.457972;-46.479927;2023-06-25;2023;6;2023-06;5;Madrugada;0;0;0;6
531679;2023-06-25;domingo;03:40:00;SP;116.0;217.9;GUARULHOS;Ausência de sinalização;Colisão traseira;Com Vítimas Feridas;Plena Noite;Crescente;Nublado;Múltipla;Não Informado;Sim;4;0;0;1;2;1;1;3;-23.4578749;-46.4812796;SPRF-SP;DEL01-SP;UOP01-DEL01-SP;217.9;-23.4578749;-46.4812796;2023-06-25;2023;6;2023-06;3;Madrugada;0;1;3;6
531697;2023-06-25;domingo;06:50:00;SP;116.0;215;GUARULHOS;Pedestre andava na pista;Atropelamento de Pedestre;Com Vítimas Feridas;Pleno dia;Decrescente;Céu Claro;Múltipla;Reta;Sim;3;0;2;0;0;1;2;1;-23.44695693;-46.45394103;SPRF-SP;DEL01-SP;UOP01-DEL01-SP;215.0;-23.44695693;-46.45394103;2023-06-25;2023;6;2023-06;6;Manha;0;0;2;6
531711;2023-06-25;domingo;07:45:00;SP;116.0;227;GUARULHOS;Ingestão de álcool pelo condutor;Colisão com objeto;Sem Vítimas;Pleno dia;Decrescente;Céu Claro;Dupla;Curva;Sim;2;0;0;0;2;0;0;1;-23.49659264;-46.55648754;SPRF-SP;DEL01-SP;UOP01-DEL01-SP;227.0;-23.49659264;-46.55648754;2023-06-25;2023;6;2023-06;7;Manha;0;0;0;6
531715;2023-06-25;domingo;06:00:00;SP;116.0;222.3;GUARULHOS;Ingestão de álcool e/ou substâncias psicoativas pelo pedestre;Colisão traseira;Sem Vítimas;Pleno dia;Decrescente;Céu Claro;Múltipla;Reta;Sim;2;0;0;0;1;1;0;2;-23.47093408;-46.51631097;SPRF-SP;DEL01-SP;UOP01-DEL01-SP;222.3;-23.47093408;-46.51631097;2023-06-25;2023;6;2023-06;6;Manha;0;0;0;6
531795;2023-06-25;domingo;19:08:00;SP;116.0;208;GUARULHOS;Ausência de reação do condutor;Queda de ocupante de veículo;Com Vítimas Feridas;Plena Noite;Crescente;Céu Claro;Dupla;Reta;Sim;2;0;1;0;1;0;1;1;-23.42222263;-46.3932771;SPRF-SP;DEL01-SP;UOP01-DEL01-SP;208.0;-23.42222263;-46.3932771;2023-06-25;2023;6;2023-06;19;Noite;0;0;1;6
531730;2023-06-25;domingo;10:50:00;SP;116.0;420;JUQUIA;Reação tardia ou ineficiente do condutor;Queda de ocupante de veículo;Com Vítimas Feridas;Pleno dia;Decrescente;Sol;Dupla;Reta;Não;1;0;0;1;0;0;1;1;-24.35523603;-47.67709399;SPRF-SP;DEL05-SP;UOP01-DEL05-SP;420.0;-24.35523603;-47.67709399;2023-06-25;2023;6;2023-06;10;Manha;0;1;3;6
531664;2023-06-25;domingo;03:00:00;SP;381.0;57;MAIRIPORA;Ingestão de álcool pelo condutor;Colisão com objeto;Sem Vítimas;Plena Noite;Decrescente;Céu Claro;Simples;Não Informado;Sim;1;0;0;0;1;0;0;1;-23.2658219;-46.5839857;SPRF-SP;DEL03-SP;UOP01-DEL03-SP;57.0;-23.2658219;-46.5839857;2023-06-25;2023;6;2023-06;3;Madrugada;0;0;0;6
531741;2023-06-25;domingo;12:30:00;SP;381.0;61;MAIRIPORA;Ausência de reação do condutor;Colisão com objeto;Com Vítimas Feridas;Pleno dia;Crescente;Céu Claro;Dupla;Curva;Não;1;0;0;1;0;0;1;1;-23.29011611;-46.5800681;SPRF-SP;DEL03-SP;UOP01-DEL03-SP;61.0;-23.29011611;-46.5800681;2023-06-25;2023;6;2023-06;12;Tarde;0;1;3;6
531704;2023-06-25;domingo;05:30:00;SP;116.0;96;PINDAMONHANGABA;Ausência de reação do condutor;Colisão traseira;Com Vítimas Feridas;Amanhecer;Decrescente;Céu Claro;Dupla;Não Informado;Não;3;0;1;0;2;0;1;2;-22.96945055;-45.43869623;SPRF-SP;DEL08-SP;UOP01-DEL08-SP;96.0;-22.96945055;-45.43869623;2023-06-25;2023;6;2023-06;5;Madrugada;0;0;1;6
531777;2023-06-25;domingo;16:12:00;SP;116.0;100.5;PINDAMONHANGABA;Reação tardia ou ineficiente do condutor;Colisão traseira;Com Vítimas Feridas;Pleno dia;Crescente;Nublado;Dupla;Reta;Não;4;0;1;0;3;0;1;2;-22.98775925;-45.47540975;SPRF-SP;DEL08-SP;UOP01-DEL08-SP;100.5;-22.98775925;-45.47540975;2023-06-25;2023;6;2023-06;16;Tarde;0;0;1;6
531687;2023-06-25;domingo;04:50:00;SP;153.0;49.3;SAO JOSE DO RIO PRETO;Ingestão de álcool pelo condutor;Colisão lateral sentido oposto;Sem Vítimas;Plena Noite;Decrescente;Céu Claro;Simples;Reta;Sim;3;0;0;0;2;1;0;2;-20.70000401;-49.33945823;SPRF-SP;DEL09-SP;UOP01-DEL09-SP;49.3;-20.70000401;-49.33945823;2023-06-25;2023;6;2023-06;4;Madrugada;0;0;0;6
531666;2023-06-25;domingo;03:10:00;SP;116.0;140.5;SAO JOSE DOS CAMPOS;Transitar no Acostamento;Atropelamento de Pedestre;Com Vítimas Feridas;Plena Noite;Decrescente;Céu Claro;Dupla;Reta;Sim;2;0;0;1;0;1;1;1;-23.16577714;-45.81246193;SPRF-SP;DEL02-SP;UOP01-DEL02-SP;140.5;-23.16577714;-45.81246193;2023-06-25;2023;6;2023-06;3;Madrugada;0;1;3;6
531695;2023-06-25;domingo;07:00:00;SP;116.0;156;SAO JOSE DOS CAMPOS;Reação tardia ou ineficiente do condutor;Colisão traseira;Com Vítimas Feridas;Pleno dia;Decrescente;Céu Claro;Dupla;Reta;Sim;3;0;2;0;0;1;2;2;-23.25044084;-45.93572909;SPRF-SP;DEL02-SP;UOP01-DEL02-SP;156.0;-23.25044084;-45.93572909;2023-06-25;2023;6;2023-06;7;Manha;0;0;2;6
531851;2023-06-25;domingo;23:48:00;SP;116.0;157;SAO JOSE DOS CAMPOS;Ausência de reação do condutor;Colisão com objeto;Com Vítimas Feridas;Plena Noite;Decrescente;Céu Claro;Múltipla;Não Informado;Não;1;0;0;1;0;0;1;1;-23.26585409;-45.95983994;SPRF-SP;DEL02-SP;UOP01-DEL02-SP;157.0;-23.26585409;-45.95983994;2023-06-25;2023;6;2023-06;23;Noite;0;1;3;6
531678;2023-06-25;domingo;02:35:00;SP;381.0;81;SAO PAULO;Afundamento ou ondulação no pavimento;Queda de ocupante de veículo;Com Vítimas Feridas;Plena Noite;Crescente;Céu Claro;Múltipla;Reta;Não;2;0;1;0;1;0;1;1;-23.41704481;-46.58022057;SPRF-SP;DEL03-SP;UOP01-DEL03-SP;81.0;-23.41704481;-46.58022057;2023-06-25;2023;6;2023-06;2;Madrugada;0;0;1;6
531651;2023-06-25;domingo;00:40:00;SP;116.0;271;TABOAO DA SERRA;Pedestre andava na pista;Atropelamento de Pedestre;Com Vítimas Feridas;Plena Noite;Decrescente;Céu Claro;Dupla;Reta;Não;2;0;1;0;1;0;1;1;-23.61809286;-46.80556302;SPRF-SP;DEL04-SP;UOP01-DEL04-SP;271.0;-23.61809286;-46.80556302;2023-06-25;2023;6;2023-06;0;Madrugada;0;0;1;6
531716;2023-06-25;domingo;08:24:00;SP;116.0;273;TABOAO DA SERRA;Reação tardia ou ineficiente do condutor;Saída de leito carroçável;Com Vítimas Feridas;Pleno dia;Decrescente;Céu Claro;Dupla;Reta;Sim;1;0;1;0;0;0;1;1;-23.62809795;-46.81870306;SPRF-SP;DEL04-SP;UOP01-DEL04-SP;273.0;-23.62809795;-46.81870306;2023-06-25;2023;6;2023-06;8;Manha;0;0;1;6
531826;2023-06-25;domingo;21:30:00;SP;116.0;117.2;TAUBATE;Ausência de reação do condutor;Saída de leito carroçável;Com Vítimas Feridas;Plena Noite;Decrescente;Céu Claro;Dupla;Não Informado;Não;1;0;0;1;0;0;1;1;-23.0582298;-45.6176951;SPRF-SP;DEL02-SP;UOP02-DEL02-SP;117.2;-23.0582298;-45.6176951;2023-06-25;2023;6;2023-06;21;Noite;0;1;3;6
536157;2023-06-25;domingo;05:10:00;SP;101.0;41;UBATUBA;Ingestão de álcool pelo condutor;Tombamento;Sem Vítimas;Amanhecer;Decrescente;Céu Claro;Simples;Curva;Não;1;0;0;0;1;0;0;1;-23.41971433;-45.0428663;SPRF-SP;DEL06-SP;UOP01-DEL06-SP;41.0;-23.41971433;-45.0428663;2023-06-25;2023;6;2023-06;5;Madrugada;0;0;0;6
532059;2023-06-26;segunda-feira;16:40:00;SP;116.0;39;CACHOEIRA PAULISTA;Demais falhas mecânicas ou elétricas;Incêndio;Sem Vítimas;Pleno dia;Decrescente;Céu Claro;Dupla;Reta;Não;1;0;0;0;1;0;0;1;-22.67644447;-45.00073439;SPRF-SP;DEL08-SP;UOP02-DEL08-SP;39.0;-22.67644447;-45.00073439;2023-06-26;2023;6;2023-06;16;Tarde;0;0;0;0
531928;2023-06-26;segunda-feira;11:45:00;SP;116.0;493;CAJATI;Avarias e/ou desgaste excessivo no pneu;Colisão com objeto;Com Vítimas Feridas;Pleno dia;Decrescente;Céu Claro;Dupla;Reta;Não;2;0;2;0;0;0;2;1;-24.74366848;-48.14208621;SPRF-SP;DEL05-SP;UOP01-DEL05-SP;493.0;-24.74366848;-48.14208621;2023-06-26;2023;6;2023-06;11;Manha;0;0;2;0
531962;2023-06-26;segunda-feira;15:30:00;SP;116.0;210;GUARULHOS;Reação tardia ou ineficiente do condutor;Colisão traseira;Sem Vítimas;Pleno dia;Crescente;Céu Claro;Múltipla;Reta;Sim;3;0;0;0;3;0;0;2;-23.42870023;-46.41085991;SPRF-SP;DEL01-SP;UOP01-DEL01-SP;210.0;-23.42870023;-46.41085991;2023-06-26;2023;6;2023-06;15;Tarde;0;0;0;0
532027;2023-06-26;segunda-feira;12:00:00;SP;116.0;210;GUARULHOS;Reação tardia ou ineficiente do condutor;Engavetamento;Com Vítimas Feridas;Pleno dia;Decrescente;Céu Claro;Múltipla;Reta;Sim;3;0;1;0;2;0;1;3;-23.42870023;-46.41085991;SPRF-SP;DEL01-SP;UOP01-DEL01-SP;210.0;-23.42870023;-46.41085991;2023-06-26;2023;6;2023-06;12;Tarde;0;0;1;0
532012;2023-06-26;segunda-feira;20:00:00;SP;381.0;58;MAIRIPORA;Condutor deixou de manter distância do veículo da frente;Colisão traseira;Com Vítimas Feridas;Plena Noite;Crescente;Nublado;Dupla;Não Informado;Não;2;0;0;1;0;1;1;2;-23.27438497;-46.58530615;SPRF-SP;DEL03-SP;UOP01-DEL03-SP;58.0;-23.27438497;-46.58530615;2023-06-26;2023;6;2023-06;20;Noite;0;1;3;0
531922;2023-06-26;segunda-feira;09:50:00;SP;116.0;230.5;SAO PAULO;Manobra de mudança de faixa;Queda de ocupante de veículo;Com Vítimas Feridas;Pleno dia;Crescente;Sol;Múltipla;Reta;Sim;2;0;1;0;0;1;1;2;-23.52251783;-46.5855702;SPRF-SP;DEL01-SP;UOP01-DEL01-SP;230.5;-23.52251783;-46.5855702;2023-06-26;2023;6;2023-06;9;Manha;0;0;1;0
531869;2023-06-26;segunda-feira;03:40:00;SP;116.0;269.5;TABOAO DA SERRA;Ausência de reação do condutor;Colisão traseira;Com Vítimas Feridas;Plena Noite;Crescente;Céu Claro;Múltipla;Reta;Sim;2;0;0;1;1;0;1;2;-23.61593059;-46.78826044;SPRF-SP;DEL04-SP;UOP01-DEL04-SP;269.5;-23.61593059;-46.78826044;2023-06-26;2023;6;2023-06;3;Madrugada;0;1;3;0
531953;2023-06-26;segunda-feira;14:40:00;SP;116.0;271;TABOAO DA SERRA;Frear bruscamente;Engavetamento;Com Vítimas Feridas;Pleno dia;Crescente;Céu Claro;Múltipla;Reta;Sim;5;0;1;0;3;1;1;5;-23.61809286;-46.80556302;SPRF-SP;DEL04-SP;UOP01-DEL04-SP;271.0;-23.61809286;-46.80556302;2023-06-26;2023;6;2023-06;14;Tarde;0;0;1;0
532081;2023-06-27;terca-feira;07:30:00;SP;116.0;201;ARUJA;Ausência de reação do condutor;Queda de ocupante de veículo;Com Vítimas Feridas;Pleno dia;Decrescente;Céu Claro;Múltipla;Curva;Não;1;0;1;0;0;0;1;1;-23.40362877;-46.33050107;SPRF-SP;DEL01-SP;UOP01-DEL01-SP;201.0;-23.40362877;-46.33050107;2023-06-27;2023;6;2023-06;7;Manha;0;0;1;1
532150;2023-06-27;terca-feira;13:30:00;SP;381.0;43;ATIBAIA;Ausência de reação do condutor;Tombamento;Com Vítimas Feridas;Pleno dia;Crescente;Céu Claro;Múltipla;Desvio Temporário;Não;1;0;1;0;0;0;1;1;-23.15597105;-46.5740155;SPRF-SP;DEL03-SP;UOP01-DEL03-SP;43.0;-23.15597105;-46.5740155;2023-06-27;2023;6;2023-06;13;Tarde;0;0;1;1
532147;2023-06-27;terca-feira;13:00:00;SP;116.0;280.2;EMBU DAS ARTES;Reação tardia ou ineficiente do condutor;Engavetamento;Com Vítimas Feridas;Pleno dia;Crescente;Céu Claro;Dupla;Reta;Sim;3;0;1;0;2;0;1;3;-23.66996108;-46.85590758;SPRF-SP;DEL04-SP;UOP01-DEL04-SP;280.2;-23.66996108;-46.85590758;2023-06-27;2023;6;2023-06;13;Tarde;0;0;1;1
532156;2023-06-27;terca-feira;13:15:00;SP;116.0;280.9;EMBU DAS ARTES;Reação tardia ou ineficiente do condutor;Colisão traseira;Com Vítimas Feridas;Pleno dia;Decrescente;Céu Claro;Dupla;Reta;Sim;2;0;0;1;1;0;1;2;-23.66996108;-46.85590758;SPRF-SP;DEL04-SP;UOP01-DEL04-SP;280.9;-23.66996108;-46.85590758;2023-06-27;2023;6;2023-06;13;Tarde;0;1;3;1
532198;2023-06-27;terca-feira;14:10:00;SP;153.0;202.8;GETULINA;Ausência de reação do condutor;Colisão traseira;Com Vítimas Feridas;Pleno dia;Crescente;Céu Claro;Simples;Desvio Temporário;Não;2;0;1;0;1;0;1;2;-21.83770502;-49.90399879;SPRF-SP;DEL07-SP;UOP01-DEL07-SP;202.8;-21.83770502;-49.90399879;2023-06-27;2023;6;2023-06;14;Tarde;0;0;1;1
532210;2023-06-27;terca-feira;19:00:00;SP;116.0;221;GUARULHOS;Trafegar com motocicleta (ou similar) entre as faixas;Colisão lateral mesmo sentido;Com Vítimas Feridas;Plena Noite;Crescente;Nublado;Múltipla;Reta;Sim;2;0;1;0;1;0;1;2;-23.46802395;-46.50704901;SPRF-SP;DEL01-SP;UOP01-DEL01-SP;221.0;-23.46802395;-46.50704901;2023-06-27;2023;6;2023-06;19;Noite;0;0;1;1
532173;2023-06-27;terca-feira;15:50:00;SP;116.0;284;ITAPECERICA DA SERRA;Retorno proibido;Colisão frontal;Com Vítimas Feridas;Pleno dia;Decrescente;Céu Claro;Simples;Não Informado;Sim;2;0;1;0;1;0;1;2;-23.69998;-46.867767;SPRF-SP;DEL04-SP;UOP01-DEL04-SP;284.0;-23.69998;-46.867767;2023-06-27;2023;6;2023-06;15;Tarde;0;0;1;1
535125;2023-06-27;terca-feira;14:50:00;SP;381.0;67;MAIRIPORA;Acumulo de óleo sobre o pavimento;Saída de leito carroçável;Com Vítimas Feridas;Pleno dia;Crescente;Céu Claro;Múltipla;Curva;Não;2;0;1;0;1;0;1;1;-23.33226094;-46.57675379;SPRF-SP;DEL03-SP;UOP01-DEL03-SP;67.0;-23.33226094;-46.57675379;2023-06-27;2023;6;2023-06;14;Tarde;0;0;1;1
532154;2023-06-27;terca-feira;13:30:00;SP;153.0;28.9;NOVA GRANADA;Condutor Dormindo;Saída de leito carroçável;Com Vítimas Fatais;Pleno dia;Crescente;Céu Claro;Simples;Reta;Não;2;1;0;1;0;0;1;1;-20.52223659;-49.32735801;SPRF-SP;DEL09-SP;UOP01-DEL09-SP;28.9;-20.52223659;-49.32735801;2023-06-27;2023;6;2023-06;13;Tarde;1;1;8;1
532193;2023-06-27;terca-feira;17:00:00;SP;116.0;89.2;PINDAMONHANGABA;Demais falhas mecânicas ou elétricas;Incêndio;Sem Vítimas;Anoitecer;Decrescente;Céu Claro;Dupla;Reta;Não;1;0;0;0;1;0;0;1;-22.93930884;-45.37874708;SPRF-SP;DEL08-SP;UOP01-DEL08-SP;89.2;-22.93930884;-45.37874708;2023-06-27;2023;6;2023-06;17;Tarde;0;0;0;1
532094;2023-06-27;terca-feira;08:00:00;SP;116.0;139;SAO JOSE DOS CAMPOS;Trafegar com motocicleta (ou similar) entre as faixas;Colisão traseira;Com Vítimas Feridas;Pleno dia;Crescente;Céu Claro;Dupla;Reta;Não;3;0;1;0;2;0;1;2;-23.16153216;-45.80400592;SPRF-SP;DEL02-SP;UOP01-DEL02-SP;139.0;-23.16153216;-45.80400592;2023-06-27;2023;6;2023-06;8;Manha;0;0;1;1
532089;2023-06-27;terca-feira;07:20:00;SP;116.0;269.6;TABOAO DA SERRA;Frear bruscamente;Queda de ocupante de veículo;Com Vítimas Feridas;Pleno dia;Crescente;Céu Claro;Dupla;Curva;Sim;1;0;1;0;0;0;1;1;-23.61593059;-46.78826044;SPRF-SP;DEL04-SP;UOP01-DEL04-SP;269.6;-23.61593059;-46.78826044;2023-06-27;2023;6;2023-06;7;Manha;0;0;1;1
532429;2023-06-28;quarta-feira;22:00:00;SP;381.0;24.1;BRAGANCA PAULISTA;Demais falhas mecânicas ou elétricas;Incêndio;Sem Vítimas;Plena Noite;Decrescente;Céu Claro;Dupla;Reta;Sim;1;0;0;0;1;0;0;1;-23.01316393;-46.52386219;SPRF-SP;DEL03-SP;UOP02-DEL03-SP;24.1;-23.01316393;-46.52386219;2023-06-28;2023;6;2023-06;22;Noite;0;0;0;2
532293;2023-06-28;quarta-feira;07:40:00;SP;116.0;487;CAJATI;Estacionar ou parar em local proibido;Colisão traseira;Com Vítimas Feridas;Pleno dia;Decrescente;Céu Claro;Dupla;Reta;Sim;3;0;1;0;2;0;1;2;-24.72633575;-48.08998415;SPRF-SP;DEL05-SP;UOP01-DEL05-SP;487.0;-24.72633575;-48.08998415;2023-06-28;2023;6;2023-06;7;Manha;0;0;1;2
532253;2023-06-28;quarta-feira;01:30:00;SP;116.0;227;GUARULHOS;Acesso irregular;Queda de ocupante de veículo;Com Vítimas Feridas;Plena Noite;Crescente;Nublado;Dupla;Reta;Sim;1;0;1;0;0;0;1;1;-23.49659264;-46.55648754;SPRF-SP;DEL01-SP;UOP01-DEL01-SP;227.0;-23.49659264;-46.55648754;2023-06-28;2023;6;2023-06;1;Madrugada;0;0;1;2
532296;2023-06-28;quarta-feira;08:40:00;SP;116.0;224;GUARULHOS;Trafegar com motocicleta (ou similar) entre as faixas;Colisão lateral mesmo sentido;Com Vítimas Feridas;Pleno dia;Crescente;Céu Claro;Múltipla;Reta;Sim;3;0;0;1;2;0;1;3;-23.48071896;-46.53271603;SPRF-SP;DEL01-SP;UOP01-DEL01-SP;224.0;-23.48071896;-46.53271603;2023-06-28;2023;6;2023-06;8;Manha;0;1;3;2
532326;2023-06-28;quarta-feira;11:15:00;SP;116.0;216;GUARULHOS;Reação tardia ou ineficiente do condutor;Colisão traseira;Com Vítimas Feridas;Pleno dia;Decrescente;Céu Claro;Simples;Reta;Sim;2;0;1;0;0;1;1;2;-23.45056589;-46.46258105;SPRF-SP;DEL01-SP;UOP01-DEL01-SP;216.0;-23.45056589;-46.46258105;2023-06-28;2023;6;2023-06;11;Manha;0;0;1;2
532387;2023-06-28;quarta-feira;18:30:00;SP;116.0;208;GUARULHOS;Manobra de mudança de faixa;Colisão lateral mesmo sentido;Com Vítimas Feridas;Plena Noite;Crescente;Céu Claro;Múltipla;Reta;Sim;2;0;1;0;1;0;1;2;-23.42222263;-46.3932771;SPRF-SP;DEL01-SP;UOP01-DEL01-SP;208.0;-23.42222263;-46.3932771;2023-06-28;2023;6;2023-06;18;Noite;0;0;1;2
532419;2023-06-28;quarta-feira;19:40:00;SP;116.0;426;JUQUIA;Ausência de reação do condutor;Capotamento;Com Vítimas Feridas;Plena Noite;Decrescente;Nublado;Dupla;Curva;Não;1;0;1;0;0;0;1;1;-24.38735659;-47.7169352;SPRF-SP;DEL05-SP;UOP01-DEL05-SP;426.0;-24.38735659;-47.7169352;2023-06-28;2023;6;2023-06;19;Noite;0;0;1;2
532427;2023-06-28;quarta-feira;22:20:00;SP;153.0;34.8;NOVA GRANADA;Reação tardia ou ineficiente do condutor;Colisão frontal;Com Vítimas Fatais;Plena Noite;Crescente;Céu Claro;Simples;Reta;Não;2;1;0;0;1;0;0;2;-20.57168502;-49.31773682;SPRF-SP;DEL09-SP;UOP01-DEL09-SP;34.8;-20.57168502;-49.31773682;2023-06-28;2023;6;2023-06;22;Noite;1;1;5;2
532322;2023-06-28;quarta-feira;10:45:00;SP;116.0;136;SAO JOSE DOS CAMPOS;Condutor deixou de manter distância do veículo da frente;Tombamento;Com Vítimas Feridas;Pleno dia;Crescente;Céu Claro;Dupla;Reta;Não;2;0;0;1;0;1;1;1;-23.14874471;-45.77863714;SPRF-SP;DEL02-SP;UOP01-DEL02-SP;136.0;-23.14874471;-45.77863714;2023-06-28;2023;6;2023-06;10;Manha;0;1;3;2
532433;2023-06-28;quarta-feira;20:30:00;SP;381.0;81;SAO PAULO;Velocidade Incompatível;Colisão com objeto;Com Vítimas Feridas;Plena Noite;Crescente;Céu Claro;Múltipla;Reta;Não;2;0;1;0;1;0;1;1;-23.41704481;-46.58022057;SPRF-SP;DEL03-SP;UOP01-DEL03-SP;81.0;-23.41704481;-46.58022057;2023-06-28;2023;6;2023-06;20;Noite;0;0;1;2
532331;2023-06-28;quarta-feira;11:12:00;SP;116.0;104;TAUBATE;Ausência de reação do condutor;Colisão traseira;Com Vítimas Feridas;Pleno dia;Crescente;Céu Claro;Dupla;Reta;Sim;2;0;1;0;1;0;1;2;-23.00340176;-45.50626912;SPRF-SP;DEL02-SP;UOP02-DEL02-SP;104.0;-23.00340176;-45.50626912;2023-06-28;2023;6;2023-06;11;Manha;0;0;1;2
532423;2023-06-28;quarta-feira;21:30:00;SP;116.0;112;TAUBATE;Avarias e/ou desgaste excessivo no pneu;Tombamento;Com Vítimas Feridas;Plena Noite;Decrescente;Céu Claro;Dupla;Reta;Sim;2;0;2;0;0;0;2;1;-23.04159343;-45.57065616;SPRF-SP;DEL02-SP;UOP02-DEL02-SP;112.0;-23.04159343;-45.57065616;2023-06-28;2023;6;2023-06;21;Noite;0;0;2;2
532274;2023-06-28;quarta-feira;07:50:00;SP;101.0;24.9;UBATUBA;Velocidade Incompatível;Tombamento;Com Vítimas Feridas;Pleno dia;Crescente;Sol;Simples;Curva;Não;1;0;1;0;0;0;1;1;-23.35526999;-44.94599221;SPRF-SP;DEL06-SP;UOP01-DEL06-SP;24.9;-23.35526999;-44.94599221;2023-06-28;2023;6;2023-06;7;Manha;0;0;1;2
532537;2023-06-29;quinta-feira;11:45:00;SP;116.0;522;CAJATI;Reação tardia ou ineficiente do condutor;Colisão traseira;Com Vítimas Feridas;Pleno dia;Decrescente;Chuva;Simples;Reta;Não;3;0;2;0;1;0;2;2;-24.90722357;-48.25011849;SPRF-SP;DEL05-SP;UOP02-DEL05-SP;522.0;-24.90722357;-48.25011849;2023-06-29;2023;6;2023-06;11;Manha;0;0;2;3
534563;2023-06-29;quinta-feira;19:16:00;SP;116.0;67.4;GUARATINGUETA;Acessar a via sem observar a presença dos outros veículos;Colisão traseira;Com Vítimas Feridas;Plena Noite;Crescente;Céu Claro;Múltipla;Não Informado;Sim;2;0;1;0;1;0;1;2;-22.82867578;-45.2088941;SPRF-SP;DEL08-SP;UOP01-DEL08-SP;67.4;-22.82867578;-45.2088941;2023-06-29;2023;6;2023-06;19;Noite;0;0;1;3
532473;2023-06-29;quinta-feira;06:57:00;SP;116.0;219;GUARULHOS;Ausência de reação do condutor;Colisão com objeto;Com Vítimas Feridas;Pleno dia;Decrescente;Ignorado;Múltipla;Interseção de vias;Sim;1;0;1;0;0;0;1;1;-23.46143954;-46.48885316;SPRF-SP;DEL01-SP;UOP01-DEL01-SP;219.0;-23.46143954;-46.48885316;2023-06-29;2023;6;2023-06;6;Manha;0;0;1;3
532502;2023-06-29;quinta-feira;08:26:00;SP;116.0;220.7;GUARULHOS;Ultrapassagem Indevida;Colisão lateral mesmo sentido;Com Vítimas Feridas;Pleno dia;Decrescente;Céu Claro;Múltipla;Reta;Sim;3;0;2;0;1;0;2;2;-23.46472809;-46.49793962;SPRF-SP;DEL01-SP;UOP01-DEL01-SP;220.7;-23.46472809;-46.49793962;2023-06-29;2023;6;2023-06;8;Manha;0;0;2;3
532513;2023-06-29;quinta-feira;10:40:00;SP;116.0;211;GUARULHOS;Reação tardia ou ineficiente do condutor;Queda de ocupante de veículo;Sem Vítimas;Pleno dia;Crescente;Céu Claro;Múltipla;Não Informado;Sim;1;0;0;0;1;0;0;1;-23.4324306;-46.4194352;SPRF-SP;DEL01-SP;UOP01-DEL01-SP;211.0;-23.4324306;-46.4194352;2023-06-29;2023;6;2023-06;10;Manha;0;0;0;3
532619;2023-06-29;quinta-feira;19:00:00;SP;116.0;86;PINDAMONHANGABA;Frear bruscamente;Colisão traseira;Com Vítimas Feridas;Plena Noite;Crescente;Céu Claro;Dupla;Reta;Sim;2;0;1;0;1;0;1;2;-22.92750098;-45.35550347;SPRF-SP;DEL08-SP;UOP01-DEL08-SP;86.0;-22.92750098;-45.35550347;2023-06-29;2023;6;2023-06;19;Noite;0;0;1;3
532493;2023-06-29;quinta-feira;07:15:00;SP;153.0;57.9;SAO JOSE DO RIO PRETO;Reação tardia ou ineficiente do condutor;Colisão traseira;Com Vítimas Feridas;Pleno dia;Crescente;Céu Claro;Dupla;Não Informado;Sim;2;0;1;0;0;1;1;2;-20.76991095;-49.34982212;SPRF-SP;DEL09-SP;UOP01-DEL09-SP;57.9;-20.76991095;-49.34982212;2023-06-29;2023;6;2023-06;7;Manha;0;0;1;3
532589;2023-06-29;quinta-feira;17:15:00;SP;101.0;48.5;UBATUBA;Trafegar com motocicleta (ou similar) entre as faixas;Colisão transversal;Com Vítimas Feridas;Anoitecer;Decrescente;Garoa/Chuvisco;Simples;Reta;Sim;3;0;1;0;2;0;1;2;-23.43696329;-45.08768768;SPRF-SP;DEL06-SP;UOP01-DEL06-SP;48.5;-23.43696329;-45.08768768;2023-06-29;2023;6;2023-06;17;Tarde;0;0;1;3
532653;2023-06-29;quinta-feira;20:50:00;SP;101.0;39;UBATUBA;Transitar na contramão;Colisão frontal;Com Vítimas Feridas;Plena Noite;Decrescente;Garoa/Chuvisco;Simples;Reta;Não;5;0;2;2;1;0;4;2;-23.41370139;-45.02666492;SPRF-SP;DEL06-SP;UOP01-DEL06-SP;39.0;-23.41370139;-45.02666492;2023-06-29;2023;6;2023-06;20;Noite;0;1;8;3
532758;2023-06-30;sexta-feira;15:00:00;SP;381.0;44;ATIBAIA;Manobra de mudança de faixa;Colisão traseira;Com Vítimas Feridas;Pleno dia;Decrescente;Céu Claro;Dupla;Reta;Não;3;0;1;0;2;0;1;2;-23.16457;-46.573976;SPRF-SP;DEL03-SP;UOP01-DEL03-SP;44.0;-23.16457;-46.573976;2023-06-30;2023;6;2023-06;15;Tarde;0;0;1;4
532764;2023-06-30;sexta-feira;14:55:00;SP;153.0;174;GUAICARA;Desrespeitar a preferência no cruzamento;Colisão transversal;Com Vítimas Feridas;Pleno dia;Decrescente;Céu Claro;Simples;Interseção de vias;Sim;6;0;1;0;5;0;1;2;-21.633102;-49.787743;SPRF-SP;DEL07-SP;UOP01-DEL07-SP;174.0;-21.633102;-49.787743;2023-06-30;2023;6;2023-06;14;Tarde;0;0;1;4
532817;2023-06-30;sexta-feira;19:30:00;SP;116.0;214;GUARULHOS;Trafegar com motocicleta (ou similar) entre as faixas;Colisão lateral mesmo sentido;Com Vítimas Feridas;Plena Noite;Decrescente;Céu Claro;Dupla;Reta;Não;3;0;1;0;2;0;1;3;-23.44333014;-46.44531294;SPRF-SP;DEL01-SP;UOP01-DEL01-SP;214.0;-23.44333014;-46.44531294;2023-06-30;2023;6;2023-06;19;Noite;0;0;1;4
532847;2023-06-30;sexta-feira;23:00:00;SP;116.0;218;GUARULHOS;Reação tardia ou ineficiente do condutor;Colisão com objeto;Sem Vítimas;Plena Noite;Crescente;Céu Claro;Múltipla;Reta;Sim;1;0;0;0;0;1;0;1;-23.457972;-46.479927;SPRF-SP;DEL01-SP;UOP01-DEL01-SP;218.0;-23.457972;-46.479927;2023-06-30;2023;6;2023-06;23;Noite;0;0;0;4
532773;2023-06-30;sexta-feira;17:00:00;SP;381.0;58;MAIRIPORA;Manobra de mudança de faixa;Colisão lateral mesmo sentido;Com Vítimas Feridas;Anoitecer;Crescente;Céu Claro;Dupla;Não Informado;Sim;2;0;1;0;1;0;1;2;-23.27438497;-46.58530615;SPRF-SP;DEL03-SP;UOP01-DEL03-SP;58.0;-23.27438497;-46.58530615;2023-06-30;2023;6;2023-06;17;Tarde;0;0;1;4
532823;2023-06-30;sexta-feira;19:30:00;SP;381.0;56.5;MAIRIPORA;Reação tardia ou ineficiente do condutor;Colisão traseira;Com Vítimas Feridas;Plena Noite;Crescente;Céu Claro;Dupla;Reta;Sim;2;0;1;0;1;0;1;2;-23.259142;-46.589618;SPRF-SP;DEL03-SP;UOP01-DEL03-SP;56.5;-23.259142;-46.589618;2023-06-30;2023;6;2023-06;19;Noite;0;0;1;4
532851;2023-06-30;sexta-feira;23:20:00;SP;116.0;450;REGISTRO;Condutor Dormindo;Saída de leito carroçável;Com Vítimas Feridas;Plena Noite;Decrescente;Nublado;Dupla;Reta;Não;1;0;0;1;0;0;1;1;-24.53728295;-47.85899314;SPRF-SP;DEL05-SP;UOP01-DEL05-SP;450.0;-24.53728295;-47.85899314;2023-06-30;2023;6;2023-06;23;Noite;0;1;3;4
532782;2023-06-30;sexta-feira;17:30:00;SP;153.0;58.8;SAO JOSE DO RIO PRETO;Avarias e/ou desgaste excessivo no pneu;Tombamento;Com Vítimas Feridas;Anoitecer;Decrescente;Céu Claro;Dupla;Reta;Sim;2;0;1;0;1;0;1;1;-20.77850477;-49.35287118;SPRF-SP;DEL09-SP;UOP01-DEL09-SP;58.8;-20.77850477;-49.35287118;2023-06-30;2023;6;2023-06;17;Tarde;0;0;1;4
532803;2023-06-30;sexta-feira;18:45:00;SP;153.0;62.1;SAO JOSE DO RIO PRETO;Condutor deixou de manter distância do veículo da frente;Engavetamento;Com Vítimas Feridas;Plena Noite;Crescente;Céu Claro;Dupla;Não Informado;Não;3;0;0;1;2;0;1;3;-20.81325404;-49.35675563;SPRF-SP;DEL09-SP;UOP01-DEL09-SP;62.1;-20.81325404;-49.35675563;2023-06-30;2023;6;2023-06;18;Noite;0;1;3;4
532829;2023-06-30;sexta-feira;20:00:00;SP;116.0;150.3;SAO JOSE DOS CAMPOS;Reação tardia ou ineficiente do condutor;Colisão traseira;Com Vítimas Feridas;Plena Noite;Crescente;Céu Claro;Múltipla;Reta;Sim;2;0;1;0;1;0;1;2;-23.21335525;-45.8930588;SPRF-SP;DEL02-SP;UOP01-DEL02-SP;150.3;-23.21335525;-45.8930588;2023-06-30;2023;6;2023-06;20;Noite;0;0;1;4
532818;2023-06-30;sexta-feira;19:14:00;SP;116.0;300;SAO LOURENCO DA SERRA;Manobra de mudança de faixa;Colisão traseira;Com Vítimas Feridas;Plena Noite;Decrescente;Céu Claro;Múltipla;Não Informado;Não;3;0;1;0;2;0;1;2;-23.80425272;-46.92143625;SPRF-SP;DEL04-SP;UOP01-DEL04-SP;300.0;-23.80425272;-46.92143625;2023-06-30;2023;6;2023-06;19;Noite;0;0;1;4
532772;2023-06-30;sexta-feira;16:25:00;SP;153.0;124.8;UBARANA;Ausência de reação do condutor;Colisão traseira;Com Vítimas Fatais;Pleno dia;Crescente;Céu Claro;Simples;Não Informado;Não;5;1;0;2;2;0;2;3;-21.20296801;-49.73147498;SPRF-SP;DEL09-SP;UOP01-DEL09-SP;124.8;-21.20296801;-49.73147498;2023-06-30;2023;6;2023-06;16;Tarde;1;1;11;4
